insert into Adres (Id_adresu, Kod_pocztowy, Ulica, Nr_Lokalu, Nr_Mieszkania, Miejscowosc) values (1, '80600', 'Summit', 104, 20, 'Johor Bahru');
insert into Adres (Id_adresu, Kod_pocztowy, Ulica, Nr_Lokalu, Nr_Mieszkania, Miejscowosc) values (2, '37487', 'Dennis', 137, 65, 'Miguel Hidalgo');
insert into Adres (Id_adresu, Kod_pocztowy, Ulica, Nr_Lokalu, Nr_Mieszkania, Miejscowosc) values (3, 'P25', 'Katie', 113, null, 'Midleton');
insert into Adres (Id_adresu, Kod_pocztowy, Ulica, Nr_Lokalu, Nr_Mieszkania, Miejscowosc) values (4, null, 'Karstens', 102, 59, 'Juḩr ad Dīk');
insert into Adres (Id_adresu, Kod_pocztowy, Ulica, Nr_Lokalu, Nr_Mieszkania, Miejscowosc) values (5, '5120-105', 'Killdeer', 106, 92, 'Chavães');
insert into Adres (Id_adresu, Kod_pocztowy, Ulica, Nr_Lokalu, Nr_Mieszkania, Miejscowosc) values (6, null, 'Chinook', 184, 85, 'Dampit Satu');
insert into Adres (Id_adresu, Kod_pocztowy, Ulica, Nr_Lokalu, Nr_Mieszkania, Miejscowosc) values (7, '8301', 'Muir', 32, 62, 'Hinlayagan Ilaud');
insert into Adres (Id_adresu, Kod_pocztowy, Ulica, Nr_Lokalu, Nr_Mieszkania, Miejscowosc) values (8, null, 'Ridgeway', 10, 35, 'Newcastle');
insert into Adres (Id_adresu, Kod_pocztowy, Ulica, Nr_Lokalu, Nr_Mieszkania, Miejscowosc) values (9, '9630-189', 'Troy', 65, 23, 'Pedreira');
insert into Adres (Id_adresu, Kod_pocztowy, Ulica, Nr_Lokalu, Nr_Mieszkania, Miejscowosc) values (10, '06008', 'Jenifer', 186, 66, 'Chiquimulilla');
insert into Adres (Id_adresu, Kod_pocztowy, Ulica, Nr_Lokalu, Nr_Mieszkania, Miejscowosc) values (11, '724 73', 'Fremont', 69, 47, 'Västerås');
insert into Adres (Id_adresu, Kod_pocztowy, Ulica, Nr_Lokalu, Nr_Mieszkania, Miejscowosc) values (12, null, 'Rowland', 50, 17, 'Linfen');
insert into Adres (Id_adresu, Kod_pocztowy, Ulica, Nr_Lokalu, Nr_Mieszkania, Miejscowosc) values (13, null, 'Springs', 39, null, 'Keli');
insert into Adres (Id_adresu, Kod_pocztowy, Ulica, Nr_Lokalu, Nr_Mieszkania, Miejscowosc) values (14, '44-153', 'Bonner', 105, 52, 'Sośnicowice');
insert into Adres (Id_adresu, Kod_pocztowy, Ulica, Nr_Lokalu, Nr_Mieszkania, Miejscowosc) values (15, null, 'Pawling', 69, 12, 'Garang');
insert into Adres (Id_adresu, Kod_pocztowy, Ulica, Nr_Lokalu, Nr_Mieszkania, Miejscowosc) values (16, null, 'Northridge', 98, 3, 'Rancapeundey');
insert into Adres (Id_adresu, Kod_pocztowy, Ulica, Nr_Lokalu, Nr_Mieszkania, Miejscowosc) values (17, 'V7Y', 'Stuart', 84, 20, 'North Vancouver');
insert into Adres (Id_adresu, Kod_pocztowy, Ulica, Nr_Lokalu, Nr_Mieszkania, Miejscowosc) values (18, null, 'Holmberg', 101, 86, 'Krajan');
insert into Adres (Id_adresu, Kod_pocztowy, Ulica, Nr_Lokalu, Nr_Mieszkania, Miejscowosc) values (19, '22301', 'Pine View', 137, 41, 'Alexandria');
insert into Adres (Id_adresu, Kod_pocztowy, Ulica, Nr_Lokalu, Nr_Mieszkania, Miejscowosc) values (20, null, 'Haas', 135, 59, 'Jega');
insert into Adres (Id_adresu, Kod_pocztowy, Ulica, Nr_Lokalu, Nr_Mieszkania, Miejscowosc) values (21, null, 'Graedel', 47, 31, 'Jahrom');
insert into Adres (Id_adresu, Kod_pocztowy, Ulica, Nr_Lokalu, Nr_Mieszkania, Miejscowosc) values (22, null, 'Sloan', 10, 98, 'Gemblengmulyo');
insert into Adres (Id_adresu, Kod_pocztowy, Ulica, Nr_Lokalu, Nr_Mieszkania, Miejscowosc) values (23, null, 'Comanche', 99, 79, 'Thị Trấn Việt Quang');
insert into Adres (Id_adresu, Kod_pocztowy, Ulica, Nr_Lokalu, Nr_Mieszkania, Miejscowosc) values (24, '76178', 'Moland', 33, 16, 'Fort Worth');
insert into Adres (Id_adresu, Kod_pocztowy, Ulica, Nr_Lokalu, Nr_Mieszkania, Miejscowosc) values (25, '50109 CEDEX', 'Old Gate', 63, 83, 'Cherbourg-Octeville');
insert into Adres (Id_adresu, Kod_pocztowy, Ulica, Nr_Lokalu, Nr_Mieszkania, Miejscowosc) values (26, '37795-000', 'Declaration', 26, null, 'Andradas');
insert into Adres (Id_adresu, Kod_pocztowy, Ulica, Nr_Lokalu, Nr_Mieszkania, Miejscowosc) values (27, null, 'Nelson', 26, 50, 'Saihan Tal');
insert into Adres (Id_adresu, Kod_pocztowy, Ulica, Nr_Lokalu, Nr_Mieszkania, Miejscowosc) values (28, '8284', 'Washington', 9, 59, 'Port Nolloth');
insert into Adres (Id_adresu, Kod_pocztowy, Ulica, Nr_Lokalu, Nr_Mieszkania, Miejscowosc) values (29, null, 'Eagan', 155, 49, 'Xinshui');
insert into Adres (Id_adresu, Kod_pocztowy, Ulica, Nr_Lokalu, Nr_Mieszkania, Miejscowosc) values (30, null, 'Hoard', 142, null, 'At Tawāhī');
insert into Adres (Id_adresu, Kod_pocztowy, Ulica, Nr_Lokalu, Nr_Mieszkania, Miejscowosc) values (31, null, 'Union', 89, 9, 'Meghrashen');
insert into Adres (Id_adresu, Kod_pocztowy, Ulica, Nr_Lokalu, Nr_Mieszkania, Miejscowosc) values (32, null, 'Northwestern', 71, 67, 'Datangzhuang');
insert into Adres (Id_adresu, Kod_pocztowy, Ulica, Nr_Lokalu, Nr_Mieszkania, Miejscowosc) values (33, '257 22', 'Sachtjen', 161, 69, 'Čerčany');
insert into Adres (Id_adresu, Kod_pocztowy, Ulica, Nr_Lokalu, Nr_Mieszkania, Miejscowosc) values (34, null, 'Welch', 117, 41, 'Krueng Luak');
insert into Adres (Id_adresu, Kod_pocztowy, Ulica, Nr_Lokalu, Nr_Mieszkania, Miejscowosc) values (35, null, 'Park Meadow', 128, 15, 'Dalam');
insert into Adres (Id_adresu, Kod_pocztowy, Ulica, Nr_Lokalu, Nr_Mieszkania, Miejscowosc) values (36, '1114', 'Michigan', 182, null, 'Magtangol');
insert into Adres (Id_adresu, Kod_pocztowy, Ulica, Nr_Lokalu, Nr_Mieszkania, Miejscowosc) values (37, null, 'Rockefeller', 140, null, 'Kolonia Town');
insert into Adres (Id_adresu, Kod_pocztowy, Ulica, Nr_Lokalu, Nr_Mieszkania, Miejscowosc) values (38, null, 'Grover', 84, 29, 'Maoping');
insert into Adres (Id_adresu, Kod_pocztowy, Ulica, Nr_Lokalu, Nr_Mieszkania, Miejscowosc) values (39, '4427', 'Brown', 178, 77, 'Cafayate');
insert into Adres (Id_adresu, Kod_pocztowy, Ulica, Nr_Lokalu, Nr_Mieszkania, Miejscowosc) values (40, '4025', 'Lunder', 4, 92, 'Gambalidio');
insert into Adres (Id_adresu, Kod_pocztowy, Ulica, Nr_Lokalu, Nr_Mieszkania, Miejscowosc) values (41, null, '3rd', 157, 11, 'Chervyen’');
insert into Adres (Id_adresu, Kod_pocztowy, Ulica, Nr_Lokalu, Nr_Mieszkania, Miejscowosc) values (42, '3504', 'Barby', 8, 23, 'Ravne');
insert into Adres (Id_adresu, Kod_pocztowy, Ulica, Nr_Lokalu, Nr_Mieszkania, Miejscowosc) values (43, null, 'Southridge', 3, 7, 'Kamaris');
insert into Adres (Id_adresu, Kod_pocztowy, Ulica, Nr_Lokalu, Nr_Mieszkania, Miejscowosc) values (44, '40320', 'Helena', 11, 27, 'Phra Yuen');
insert into Adres (Id_adresu, Kod_pocztowy, Ulica, Nr_Lokalu, Nr_Mieszkania, Miejscowosc) values (45, null, 'Kingsford', 82, 20, 'Wujingfu');
insert into Adres (Id_adresu, Kod_pocztowy, Ulica, Nr_Lokalu, Nr_Mieszkania, Miejscowosc) values (46, '840-2105', '4th', 157, 48, 'Ōkawa');
insert into Adres (Id_adresu, Kod_pocztowy, Ulica, Nr_Lokalu, Nr_Mieszkania, Miejscowosc) values (47, '9406', 'Judy', 197, 83, 'Paatan');
insert into Adres (Id_adresu, Kod_pocztowy, Ulica, Nr_Lokalu, Nr_Mieszkania, Miejscowosc) values (48, null, 'Swallow', 65, null, 'Nerokoúros');
insert into Adres (Id_adresu, Kod_pocztowy, Ulica, Nr_Lokalu, Nr_Mieszkania, Miejscowosc) values (49, '452122', 'Moose', 173, 37, 'Rayevskiy');
insert into Adres (Id_adresu, Kod_pocztowy, Ulica, Nr_Lokalu, Nr_Mieszkania, Miejscowosc) values (50, null, 'Westport', 186, null, 'Krupanj');
insert into Adres (Id_adresu, Kod_pocztowy, Ulica, Nr_Lokalu, Nr_Mieszkania, Miejscowosc) values (51, '529-0241', 'Anhalt', 81, null, 'Takatsuki');
insert into Adres (Id_adresu, Kod_pocztowy, Ulica, Nr_Lokalu, Nr_Mieszkania, Miejscowosc) values (52, '4808', 'Graedel', 163, null, 'Arendal');
insert into Adres (Id_adresu, Kod_pocztowy, Ulica, Nr_Lokalu, Nr_Mieszkania, Miejscowosc) values (53, null, 'Dexter', 106, 18, 'Uga');
insert into Adres (Id_adresu, Kod_pocztowy, Ulica, Nr_Lokalu, Nr_Mieszkania, Miejscowosc) values (54, '999-0436', 'Maple Wood', 98, 8, 'Iwakura');
insert into Adres (Id_adresu, Kod_pocztowy, Ulica, Nr_Lokalu, Nr_Mieszkania, Miejscowosc) values (55, null, 'Melody', 155, 21, '‘Ayn al Bayḑā');
insert into Adres (Id_adresu, Kod_pocztowy, Ulica, Nr_Lokalu, Nr_Mieszkania, Miejscowosc) values (56, null, 'Mariners Cove', 68, 26, 'Canaries');
insert into Adres (Id_adresu, Kod_pocztowy, Ulica, Nr_Lokalu, Nr_Mieszkania, Miejscowosc) values (57, '30089', 'Moose', 30, 97, 'Decatur');
insert into Adres (Id_adresu, Kod_pocztowy, Ulica, Nr_Lokalu, Nr_Mieszkania, Miejscowosc) values (58, '8112', 'Montana', 93, 73, 'Santo Tomas');
insert into Adres (Id_adresu, Kod_pocztowy, Ulica, Nr_Lokalu, Nr_Mieszkania, Miejscowosc) values (59, '3080-222', 'Union', 46, 63, 'Buarcos');
insert into Adres (Id_adresu, Kod_pocztowy, Ulica, Nr_Lokalu, Nr_Mieszkania, Miejscowosc) values (60, '5420', 'Tennessee', 17, null, 'Caronoan West');
insert into Adres (Id_adresu, Kod_pocztowy, Ulica, Nr_Lokalu, Nr_Mieszkania, Miejscowosc) values (61, null, 'Grim', 79, 86, 'Fuli');
insert into Adres (Id_adresu, Kod_pocztowy, Ulica, Nr_Lokalu, Nr_Mieszkania, Miejscowosc) values (62, null, 'Schlimgen', 33, 72, 'Xinglong');
insert into Adres (Id_adresu, Kod_pocztowy, Ulica, Nr_Lokalu, Nr_Mieszkania, Miejscowosc) values (63, '77-400', 'Ohio', 115, 3, 'Złotów');
insert into Adres (Id_adresu, Kod_pocztowy, Ulica, Nr_Lokalu, Nr_Mieszkania, Miejscowosc) values (64, null, 'Green Ridge', 56, 44, 'Zhongzhai');
insert into Adres (Id_adresu, Kod_pocztowy, Ulica, Nr_Lokalu, Nr_Mieszkania, Miejscowosc) values (65, '40320', 'Cardinal', 189, 37, 'Phra Yuen');
insert into Adres (Id_adresu, Kod_pocztowy, Ulica, Nr_Lokalu, Nr_Mieszkania, Miejscowosc) values (66, '289-1343', 'Chive', 115, 24, 'Narutō');
insert into Adres (Id_adresu, Kod_pocztowy, Ulica, Nr_Lokalu, Nr_Mieszkania, Miejscowosc) values (67, null, 'Algoma', 152, 51, 'Shahbā');
insert into Adres (Id_adresu, Kod_pocztowy, Ulica, Nr_Lokalu, Nr_Mieszkania, Miejscowosc) values (68, '8301', 'Dawn', 68, 1, 'San Miguel');
insert into Adres (Id_adresu, Kod_pocztowy, Ulica, Nr_Lokalu, Nr_Mieszkania, Miejscowosc) values (69, null, 'Hayes', 194, null, 'Fengle');
insert into Adres (Id_adresu, Kod_pocztowy, Ulica, Nr_Lokalu, Nr_Mieszkania, Miejscowosc) values (70, null, 'Forest', 171, 45, 'Padangcermin');
insert into Adres (Id_adresu, Kod_pocztowy, Ulica, Nr_Lokalu, Nr_Mieszkania, Miejscowosc) values (71, '12500-000', 'Elmside', 28, 77, 'Guaratinguetá');
insert into Adres (Id_adresu, Kod_pocztowy, Ulica, Nr_Lokalu, Nr_Mieszkania, Miejscowosc) values (72, null, 'Vernon', 52, 99, 'Shiniujiang');
insert into Adres (Id_adresu, Kod_pocztowy, Ulica, Nr_Lokalu, Nr_Mieszkania, Miejscowosc) values (73, '2630-224', 'Warrior', 27, 6, 'Antas');
insert into Adres (Id_adresu, Kod_pocztowy, Ulica, Nr_Lokalu, Nr_Mieszkania, Miejscowosc) values (74, '5019', 'Namekagon', 182, 62, 'Tilburg');
insert into Adres (Id_adresu, Kod_pocztowy, Ulica, Nr_Lokalu, Nr_Mieszkania, Miejscowosc) values (75, '352 44', 'Lake View', 195, 67, 'Växjö');
insert into Adres (Id_adresu, Kod_pocztowy, Ulica, Nr_Lokalu, Nr_Mieszkania, Miejscowosc) values (76, null, 'Eastwood', 141, 85, 'Bakan');
insert into Adres (Id_adresu, Kod_pocztowy, Ulica, Nr_Lokalu, Nr_Mieszkania, Miejscowosc) values (77, null, 'Jenifer', 33, 45, 'Puerto Rico');
insert into Adres (Id_adresu, Kod_pocztowy, Ulica, Nr_Lokalu, Nr_Mieszkania, Miejscowosc) values (78, null, 'Alpine', 73, null, 'Gaotuan');
insert into Adres (Id_adresu, Kod_pocztowy, Ulica, Nr_Lokalu, Nr_Mieszkania, Miejscowosc) values (79, '47139', null, 199, 65, 'Duisburg');
insert into Adres (Id_adresu, Kod_pocztowy, Ulica, Nr_Lokalu, Nr_Mieszkania, Miejscowosc) values (80, null, 'Lindbergh', 31, 33, 'Rakhiv');
insert into Adres (Id_adresu, Kod_pocztowy, Ulica, Nr_Lokalu, Nr_Mieszkania, Miejscowosc) values (81, '37005', 'Lighthouse Bay', 144, 19, 'Salamanca');
insert into Adres (Id_adresu, Kod_pocztowy, Ulica, Nr_Lokalu, Nr_Mieszkania, Miejscowosc) values (82, null, 'Westerfield', 28, 89, 'Ticllos');
insert into Adres (Id_adresu, Kod_pocztowy, Ulica, Nr_Lokalu, Nr_Mieszkania, Miejscowosc) values (83, '2313', 'Raven', 182, 13, 'Razvanje');
insert into Adres (Id_adresu, Kod_pocztowy, Ulica, Nr_Lokalu, Nr_Mieszkania, Miejscowosc) values (84, '735 43', 'Coolidge', 29, 62, 'Albrechtice');
insert into Adres (Id_adresu, Kod_pocztowy, Ulica, Nr_Lokalu, Nr_Mieszkania, Miejscowosc) values (85, null, 'Ohio', 41, 74, 'Kaka');
insert into Adres (Id_adresu, Kod_pocztowy, Ulica, Nr_Lokalu, Nr_Mieszkania, Miejscowosc) values (86, null, 'Schiller', 177, 52, 'Oetua');
insert into Adres (Id_adresu, Kod_pocztowy, Ulica, Nr_Lokalu, Nr_Mieszkania, Miejscowosc) values (87, null, 'Golf Course', 152, 35, 'Tangzhai');
insert into Adres (Id_adresu, Kod_pocztowy, Ulica, Nr_Lokalu, Nr_Mieszkania, Miejscowosc) values (88, '353567', 'Susan', 143, null, 'Slavyansk-na-Kubani');
insert into Adres (Id_adresu, Kod_pocztowy, Ulica, Nr_Lokalu, Nr_Mieszkania, Miejscowosc) values (89, '545518', 'Almo', 199, 73, 'El Zulia');
insert into Adres (Id_adresu, Kod_pocztowy, Ulica, Nr_Lokalu, Nr_Mieszkania, Miejscowosc) values (90, null, 'Rusk', 40, 97, 'Talas');
insert into Adres (Id_adresu, Kod_pocztowy, Ulica, Nr_Lokalu, Nr_Mieszkania, Miejscowosc) values (91, '14140-000', 'Eastwood', 61, 18, 'Cravinhos');
insert into Adres (Id_adresu, Kod_pocztowy, Ulica, Nr_Lokalu, Nr_Mieszkania, Miejscowosc) values (92, null, 'Brentwood', 56, 86, 'Tripoli');
insert into Adres (Id_adresu, Kod_pocztowy, Ulica, Nr_Lokalu, Nr_Mieszkania, Miejscowosc) values (93, '29830-000', 'Forest Run', 70, 76, 'Nova Venécia');
insert into Adres (Id_adresu, Kod_pocztowy, Ulica, Nr_Lokalu, Nr_Mieszkania, Miejscowosc) values (94, null, 'Debs', 137, 85, 'Vientiane');
insert into Adres (Id_adresu, Kod_pocztowy, Ulica, Nr_Lokalu, Nr_Mieszkania, Miejscowosc) values (95, null, 'Pine View', 2, 50, 'Nanyang');
insert into Adres (Id_adresu, Kod_pocztowy, Ulica, Nr_Lokalu, Nr_Mieszkania, Miejscowosc) values (96, '46781', 'Green Ridge', 140, 59, 'Petaling Jaya');
insert into Adres (Id_adresu, Kod_pocztowy, Ulica, Nr_Lokalu, Nr_Mieszkania, Miejscowosc) values (97, null, 'Granby', 91, 87, 'Laguna de Perlas');
insert into Adres (Id_adresu, Kod_pocztowy, Ulica, Nr_Lokalu, Nr_Mieszkania, Miejscowosc) values (98, null, 'Caliangt', 14, null, 'San Clemente');
insert into Adres (Id_adresu, Kod_pocztowy, Ulica, Nr_Lokalu, Nr_Mieszkania, Miejscowosc) values (99, '3332', null, 56, 67, 'Maluno Sur');
insert into Adres (Id_adresu, Kod_pocztowy, Ulica, Nr_Lokalu, Nr_Mieszkania, Miejscowosc) values (100, '891-0704', 'Carpenter', 3, 3, 'Beppu');
insert into Adres (Id_adresu, Kod_pocztowy, Ulica, Nr_Lokalu, Nr_Mieszkania, Miejscowosc) values (101, null, 'Gale', 187, 90, 'Sumberdadi');
insert into Adres (Id_adresu, Kod_pocztowy, Ulica, Nr_Lokalu, Nr_Mieszkania, Miejscowosc) values (102, '02204 CEDEX', 'Monterey', 70, 74, 'Soissons');
insert into Adres (Id_adresu, Kod_pocztowy, Ulica, Nr_Lokalu, Nr_Mieszkania, Miejscowosc) values (103, '2000-355', 'Crescent Oaks', 126, 68, 'Alcanhões');
insert into Adres (Id_adresu, Kod_pocztowy, Ulica, Nr_Lokalu, Nr_Mieszkania, Miejscowosc) values (104, null, 'Sachtjen', 171, 95, 'La Loma');
insert into Adres (Id_adresu, Kod_pocztowy, Ulica, Nr_Lokalu, Nr_Mieszkania, Miejscowosc) values (105, null, 'Shopko', 93, 96, 'Koronganayam');
insert into Adres (Id_adresu, Kod_pocztowy, Ulica, Nr_Lokalu, Nr_Mieszkania, Miejscowosc) values (106, '28990-000', 'Lien', 157, 19, 'Saquarema');
insert into Adres (Id_adresu, Kod_pocztowy, Ulica, Nr_Lokalu, Nr_Mieszkania, Miejscowosc) values (107, '2302', 'Helena', 27, 62, 'Buenlag');
insert into Adres (Id_adresu, Kod_pocztowy, Ulica, Nr_Lokalu, Nr_Mieszkania, Miejscowosc) values (108, '3620-132', 'Hollow Ridge', 65, 56, 'Castelo');
insert into Adres (Id_adresu, Kod_pocztowy, Ulica, Nr_Lokalu, Nr_Mieszkania, Miejscowosc) values (109, null, 'Esch', 196, 89, 'Mizdah');
insert into Adres (Id_adresu, Kod_pocztowy, Ulica, Nr_Lokalu, Nr_Mieszkania, Miejscowosc) values (110, '607210', 'Dexter', 142, 1, 'Chernukha');
insert into Adres (Id_adresu, Kod_pocztowy, Ulica, Nr_Lokalu, Nr_Mieszkania, Miejscowosc) values (111, '33513', '7th', 80, 78, 'Zdenci');
insert into Adres (Id_adresu, Kod_pocztowy, Ulica, Nr_Lokalu, Nr_Mieszkania, Miejscowosc) values (112, null, 'Waxwing', 140, 79, 'Jinhua');
insert into Adres (Id_adresu, Kod_pocztowy, Ulica, Nr_Lokalu, Nr_Mieszkania, Miejscowosc) values (113, '37554 CEDEX', 'Weeping Birch', 157, 41, 'Saint-Avertin');
insert into Adres (Id_adresu, Kod_pocztowy, Ulica, Nr_Lokalu, Nr_Mieszkania, Miejscowosc) values (114, '13830-000', 'Esch', 86, 8, 'Santo Antônio de Posse');
insert into Adres (Id_adresu, Kod_pocztowy, Ulica, Nr_Lokalu, Nr_Mieszkania, Miejscowosc) values (115, '2420-267', 'John Wall', 151, null, 'Carrasqueira');
insert into Adres (Id_adresu, Kod_pocztowy, Ulica, Nr_Lokalu, Nr_Mieszkania, Miejscowosc) values (116, '74-101', 'Anniversary', 186, 29, 'Gryfino');
insert into Adres (Id_adresu, Kod_pocztowy, Ulica, Nr_Lokalu, Nr_Mieszkania, Miejscowosc) values (117, '90220', 'Armistice', 182, 65, 'Narathiwat');
insert into Adres (Id_adresu, Kod_pocztowy, Ulica, Nr_Lokalu, Nr_Mieszkania, Miejscowosc) values (118, null, 'Fairfield', 152, 100, 'Horqueta');
insert into Adres (Id_adresu, Kod_pocztowy, Ulica, Nr_Lokalu, Nr_Mieszkania, Miejscowosc) values (119, null, 'Mendota', 177, 85, 'Chisht-e Sharīf');
insert into Adres (Id_adresu, Kod_pocztowy, Ulica, Nr_Lokalu, Nr_Mieszkania, Miejscowosc) values (120, null, 'Larry', 37, 34, 'Shangdundu');
insert into Adres (Id_adresu, Kod_pocztowy, Ulica, Nr_Lokalu, Nr_Mieszkania, Miejscowosc) values (121, null, 'Golf Course', 178, 69, 'Gushi');
insert into Adres (Id_adresu, Kod_pocztowy, Ulica, Nr_Lokalu, Nr_Mieszkania, Miejscowosc) values (122, '4118', 'Dexter', 134, 76, 'Malabag');
insert into Adres (Id_adresu, Kod_pocztowy, Ulica, Nr_Lokalu, Nr_Mieszkania, Miejscowosc) values (123, '123 57', 'Acker', 28, 13, 'Farsta');
insert into Adres (Id_adresu, Kod_pocztowy, Ulica, Nr_Lokalu, Nr_Mieszkania, Miejscowosc) values (124, '3253', 'Morningstar', 184, 7, 'Maulavi Bāzār');
insert into Adres (Id_adresu, Kod_pocztowy, Ulica, Nr_Lokalu, Nr_Mieszkania, Miejscowosc) values (125, '11830', 'Ronald Regan', 72, 11, 'Hendala');
insert into Adres (Id_adresu, Kod_pocztowy, Ulica, Nr_Lokalu, Nr_Mieszkania, Miejscowosc) values (126, null, 'La Follette', 52, 86, 'Gonzalo Pizarro');
insert into Adres (Id_adresu, Kod_pocztowy, Ulica, Nr_Lokalu, Nr_Mieszkania, Miejscowosc) values (127, '3119', 'Miller', 179, null, 'Bakulong');
insert into Adres (Id_adresu, Kod_pocztowy, Ulica, Nr_Lokalu, Nr_Mieszkania, Miejscowosc) values (128, '6254', 'Sundown', 3, null, 'Oslomej');
insert into Adres (Id_adresu, Kod_pocztowy, Ulica, Nr_Lokalu, Nr_Mieszkania, Miejscowosc) values (129, 'ZTN', 'Garrison', 53, 15, 'Imsida');
insert into Adres (Id_adresu, Kod_pocztowy, Ulica, Nr_Lokalu, Nr_Mieszkania, Miejscowosc) values (130, null, 'Browning', 118, 80, 'Shawan');
insert into Adres (Id_adresu, Kod_pocztowy, Ulica, Nr_Lokalu, Nr_Mieszkania, Miejscowosc) values (131, null, 'Kingsford', 136, 29, 'Kosonsoy Shahri');
insert into Adres (Id_adresu, Kod_pocztowy, Ulica, Nr_Lokalu, Nr_Mieszkania, Miejscowosc) values (132, null, 'Blaine', 16, 63, 'Maredakamau');
insert into Adres (Id_adresu, Kod_pocztowy, Ulica, Nr_Lokalu, Nr_Mieszkania, Miejscowosc) values (133, null, 'Shoshone', 11, 74, 'Maca');
insert into Adres (Id_adresu, Kod_pocztowy, Ulica, Nr_Lokalu, Nr_Mieszkania, Miejscowosc) values (134, null, 'Knutson', 1, 11, 'Al Bilād');
insert into Adres (Id_adresu, Kod_pocztowy, Ulica, Nr_Lokalu, Nr_Mieszkania, Miejscowosc) values (135, '814 41', 'Mariners Cove', 50, null, 'Skutskär');
insert into Adres (Id_adresu, Kod_pocztowy, Ulica, Nr_Lokalu, Nr_Mieszkania, Miejscowosc) values (136, '9800-525', 'Green Ridge', 185, 75, 'Velas');
insert into Adres (Id_adresu, Kod_pocztowy, Ulica, Nr_Lokalu, Nr_Mieszkania, Miejscowosc) values (137, '56900-000', 'Shoshone', 200, 48, 'Serra Talhada');
insert into Adres (Id_adresu, Kod_pocztowy, Ulica, Nr_Lokalu, Nr_Mieszkania, Miejscowosc) values (138, null, null, 95, 62, 'Toktogul');
insert into Adres (Id_adresu, Kod_pocztowy, Ulica, Nr_Lokalu, Nr_Mieszkania, Miejscowosc) values (139, '3025-377', 'Clarendon', 149, 37, 'Casal das Figueiras');
insert into Adres (Id_adresu, Kod_pocztowy, Ulica, Nr_Lokalu, Nr_Mieszkania, Miejscowosc) values (140, null, 'Novick', 195, 53, 'Cerava');
insert into Adres (Id_adresu, Kod_pocztowy, Ulica, Nr_Lokalu, Nr_Mieszkania, Miejscowosc) values (141, '391710', 'Beilfuss', 7, 6, 'Mikhaylov');
insert into Adres (Id_adresu, Kod_pocztowy, Ulica, Nr_Lokalu, Nr_Mieszkania, Miejscowosc) values (142, null, '1st', 96, 16, 'Huadi');
insert into Adres (Id_adresu, Kod_pocztowy, Ulica, Nr_Lokalu, Nr_Mieszkania, Miejscowosc) values (143, null, 'Quincy', 112, 76, 'Bulgan');
insert into Adres (Id_adresu, Kod_pocztowy, Ulica, Nr_Lokalu, Nr_Mieszkania, Miejscowosc) values (144, '6220', 'Shelley', 41, 64, 'Bernardo Larroudé');
insert into Adres (Id_adresu, Kod_pocztowy, Ulica, Nr_Lokalu, Nr_Mieszkania, Miejscowosc) values (145, null, 'Nova', 138, null, 'Yunchi');
insert into Adres (Id_adresu, Kod_pocztowy, Ulica, Nr_Lokalu, Nr_Mieszkania, Miejscowosc) values (146, '73110', 'Saint Paul', 173, 41, 'Sam Phran');
insert into Adres (Id_adresu, Kod_pocztowy, Ulica, Nr_Lokalu, Nr_Mieszkania, Miejscowosc) values (147, '88861', 'Holmberg', 35, 39, 'Kota Kinabalu');
insert into Adres (Id_adresu, Kod_pocztowy, Ulica, Nr_Lokalu, Nr_Mieszkania, Miejscowosc) values (148, 'M7A', 'Eagan', 125, 35, 'Toronto');
insert into Adres (Id_adresu, Kod_pocztowy, Ulica, Nr_Lokalu, Nr_Mieszkania, Miejscowosc) values (149, null, 'Hayes', 137, 43, 'Longchi');
insert into Adres (Id_adresu, Kod_pocztowy, Ulica, Nr_Lokalu, Nr_Mieszkania, Miejscowosc) values (150, null, 'Larry', 190, null, 'Kangding');
insert into Adres (Id_adresu, Kod_pocztowy, Ulica, Nr_Lokalu, Nr_Mieszkania, Miejscowosc) values (151, null, 'Coleman', 106, 16, 'Tuxi');
insert into Adres (Id_adresu, Kod_pocztowy, Ulica, Nr_Lokalu, Nr_Mieszkania, Miejscowosc) values (152, null, 'Johnson', 88, 10, 'Lamam');
insert into Adres (Id_adresu, Kod_pocztowy, Ulica, Nr_Lokalu, Nr_Mieszkania, Miejscowosc) values (153, '5040', 'Golden Leaf', 41, 28, 'Calinog');
insert into Adres (Id_adresu, Kod_pocztowy, Ulica, Nr_Lokalu, Nr_Mieszkania, Miejscowosc) values (154, null, 'Buena Vista', 179, null, 'Shenavan');
insert into Adres (Id_adresu, Kod_pocztowy, Ulica, Nr_Lokalu, Nr_Mieszkania, Miejscowosc) values (155, '352 54', 'Crest Line', 104, null, 'Växjö');
insert into Adres (Id_adresu, Kod_pocztowy, Ulica, Nr_Lokalu, Nr_Mieszkania, Miejscowosc) values (156, null, 'Hoard', 21, 57, 'Pinggang');
insert into Adres (Id_adresu, Kod_pocztowy, Ulica, Nr_Lokalu, Nr_Mieszkania, Miejscowosc) values (157, null, 'Cherokee', 16, 88, 'Arys');
insert into Adres (Id_adresu, Kod_pocztowy, Ulica, Nr_Lokalu, Nr_Mieszkania, Miejscowosc) values (158, null, 'Mariners Cove', 113, 22, 'Roioen');
insert into Adres (Id_adresu, Kod_pocztowy, Ulica, Nr_Lokalu, Nr_Mieszkania, Miejscowosc) values (159, null, 'School', 147, null, 'Diofior');
insert into Adres (Id_adresu, Kod_pocztowy, Ulica, Nr_Lokalu, Nr_Mieszkania, Miejscowosc) values (160, null, 'Kensington', 179, 42, 'Zuénoula');
insert into Adres (Id_adresu, Kod_pocztowy, Ulica, Nr_Lokalu, Nr_Mieszkania, Miejscowosc) values (161, null, 'Corben', 135, 25, 'Seget');
insert into Adres (Id_adresu, Kod_pocztowy, Ulica, Nr_Lokalu, Nr_Mieszkania, Miejscowosc) values (162, null, 'Grayhawk', 131, 43, 'Pantaibesar');
insert into Adres (Id_adresu, Kod_pocztowy, Ulica, Nr_Lokalu, Nr_Mieszkania, Miejscowosc) values (163, '361513', 'Petterle', 182, 97, 'Staropavlovskaya');
insert into Adres (Id_adresu, Kod_pocztowy, Ulica, Nr_Lokalu, Nr_Mieszkania, Miejscowosc) values (164, '59859 CEDEX', 'Corben', 94, 7, 'Lille');
insert into Adres (Id_adresu, Kod_pocztowy, Ulica, Nr_Lokalu, Nr_Mieszkania, Miejscowosc) values (165, null, 'Kensington', 26, null, 'Gaoming');
insert into Adres (Id_adresu, Kod_pocztowy, Ulica, Nr_Lokalu, Nr_Mieszkania, Miejscowosc) values (166, null, 'Grayhawk', 147, 89, 'Purabaya');
insert into Adres (Id_adresu, Kod_pocztowy, Ulica, Nr_Lokalu, Nr_Mieszkania, Miejscowosc) values (167, null, 'Pearson', 151, 13, 'Kushk');
insert into Adres (Id_adresu, Kod_pocztowy, Ulica, Nr_Lokalu, Nr_Mieszkania, Miejscowosc) values (168, '191529', 'Waywood', 124, 23, 'Miranda');
insert into Adres (Id_adresu, Kod_pocztowy, Ulica, Nr_Lokalu, Nr_Mieszkania, Miejscowosc) values (169, '6415', 'Cherokee', 47, 91, 'Prado Siongco');
insert into Adres (Id_adresu, Kod_pocztowy, Ulica, Nr_Lokalu, Nr_Mieszkania, Miejscowosc) values (170, '88-210', 'Dawn', 135, null, 'Dobre');
insert into Adres (Id_adresu, Kod_pocztowy, Ulica, Nr_Lokalu, Nr_Mieszkania, Miejscowosc) values (171, null, 'Delaware', 23, null, 'Al ‘Āliyah');
insert into Adres (Id_adresu, Kod_pocztowy, Ulica, Nr_Lokalu, Nr_Mieszkania, Miejscowosc) values (172, '188918', 'Dryden', 97, 20, 'Sovetskiy');
insert into Adres (Id_adresu, Kod_pocztowy, Ulica, Nr_Lokalu, Nr_Mieszkania, Miejscowosc) values (173, '433601', 'Holy Cross', 102, 86, 'Tsil’na');
insert into Adres (Id_adresu, Kod_pocztowy, Ulica, Nr_Lokalu, Nr_Mieszkania, Miejscowosc) values (174, '06403 CEDEX', 'Messerschmidt', 5, 72, 'Cannes');
insert into Adres (Id_adresu, Kod_pocztowy, Ulica, Nr_Lokalu, Nr_Mieszkania, Miejscowosc) values (175, null, 'Columbus', 54, null, 'Jinshanwei');
insert into Adres (Id_adresu, Kod_pocztowy, Ulica, Nr_Lokalu, Nr_Mieszkania, Miejscowosc) values (176, null, 'Claremont', 8, 12, 'Sugihan');
insert into Adres (Id_adresu, Kod_pocztowy, Ulica, Nr_Lokalu, Nr_Mieszkania, Miejscowosc) values (177, null, 'Kennedy', 150, 70, 'Zuoxi');
insert into Adres (Id_adresu, Kod_pocztowy, Ulica, Nr_Lokalu, Nr_Mieszkania, Miejscowosc) values (178, null, 'Duke', 167, null, 'Ponjen');
insert into Adres (Id_adresu, Kod_pocztowy, Ulica, Nr_Lokalu, Nr_Mieszkania, Miejscowosc) values (179, '32-045', 'Southridge', 165, 49, 'Sułoszowa');
insert into Adres (Id_adresu, Kod_pocztowy, Ulica, Nr_Lokalu, Nr_Mieszkania, Miejscowosc) values (180, '16-010', 'Division', 126, 11, 'Wasilków');
insert into Adres (Id_adresu, Kod_pocztowy, Ulica, Nr_Lokalu, Nr_Mieszkania, Miejscowosc) values (181, '7006', 'Walton', 8, 51, 'Siay');
insert into Adres (Id_adresu, Kod_pocztowy, Ulica, Nr_Lokalu, Nr_Mieszkania, Miejscowosc) values (182, '80-174', 'Green Ridge', 3, 5, 'Wielki Kack');
insert into Adres (Id_adresu, Kod_pocztowy, Ulica, Nr_Lokalu, Nr_Mieszkania, Miejscowosc) values (183, '13295-000', 'Spohn', 24, 39, 'Itupeva');
insert into Adres (Id_adresu, Kod_pocztowy, Ulica, Nr_Lokalu, Nr_Mieszkania, Miejscowosc) values (184, '1110', 'Prairie Rose', 43, 65, 'Tayabo');
insert into Adres (Id_adresu, Kod_pocztowy, Ulica, Nr_Lokalu, Nr_Mieszkania, Miejscowosc) values (185, '75701', 'Gateway', 161, 57, 'Valtimo');
insert into Adres (Id_adresu, Kod_pocztowy, Ulica, Nr_Lokalu, Nr_Mieszkania, Miejscowosc) values (186, '29500-000', 'Brentwood', 86, 20, 'Alegre');
insert into Adres (Id_adresu, Kod_pocztowy, Ulica, Nr_Lokalu, Nr_Mieszkania, Miejscowosc) values (187, '40011', 'Gale', 12, 67, 'Kot Sultan');
insert into Adres (Id_adresu, Kod_pocztowy, Ulica, Nr_Lokalu, Nr_Mieszkania, Miejscowosc) values (188, null, 'Clarendon', 83, 68, 'Muraharjo');
insert into Adres (Id_adresu, Kod_pocztowy, Ulica, Nr_Lokalu, Nr_Mieszkania, Miejscowosc) values (189, '789 62', 'Hazelcrest', 184, 25, 'Bohutín');
insert into Adres (Id_adresu, Kod_pocztowy, Ulica, Nr_Lokalu, Nr_Mieszkania, Miejscowosc) values (190, '29140', 'Emmet', 43, 43, 'El Mirador');
insert into Adres (Id_adresu, Kod_pocztowy, Ulica, Nr_Lokalu, Nr_Mieszkania, Miejscowosc) values (191, null, 'Kropf', 79, 40, 'Ketapang');
insert into Adres (Id_adresu, Kod_pocztowy, Ulica, Nr_Lokalu, Nr_Mieszkania, Miejscowosc) values (192, null, 'Grayhawk', 199, null, 'Wulipu');
insert into Adres (Id_adresu, Kod_pocztowy, Ulica, Nr_Lokalu, Nr_Mieszkania, Miejscowosc) values (193, null, 'Norway Maple', 146, 16, 'Guandiping');
insert into Adres (Id_adresu, Kod_pocztowy, Ulica, Nr_Lokalu, Nr_Mieszkania, Miejscowosc) values (194, null, 'Golden Leaf', 142, null, 'Kayes');
insert into Adres (Id_adresu, Kod_pocztowy, Ulica, Nr_Lokalu, Nr_Mieszkania, Miejscowosc) values (195, '6342', 'Melody', 63, 88, 'Pimbalayan');
insert into Adres (Id_adresu, Kod_pocztowy, Ulica, Nr_Lokalu, Nr_Mieszkania, Miejscowosc) values (196, '12970-000', 'Golf Course', 31, 49, 'Piracaia');
insert into Adres (Id_adresu, Kod_pocztowy, Ulica, Nr_Lokalu, Nr_Mieszkania, Miejscowosc) values (197, null, 'Atwood', 170, 18, 'Sibiti');
insert into Adres (Id_adresu, Kod_pocztowy, Ulica, Nr_Lokalu, Nr_Mieszkania, Miejscowosc) values (198, '63136', 'Tony', 132, 82, 'Independencia');
insert into Adres (Id_adresu, Kod_pocztowy, Ulica, Nr_Lokalu, Nr_Mieszkania, Miejscowosc) values (199, '2020', 'Shoshone', 96, 29, 'Villa Aglipay');
insert into Adres (Id_adresu, Kod_pocztowy, Ulica, Nr_Lokalu, Nr_Mieszkania, Miejscowosc) values (200, null, 'Mendota', 2, null, 'Dongfu');
insert into Wlasciciel (Id_wlasciciela, Id_adresu, Imie_wlasciciela, Nazwisko_wlasciciela, Plec_wlasciciela, PESEL_wlasciciela) values (1, 92, 'Ingmar', 'Bing', 'M', 919716311);
insert into Wlasciciel (Id_wlasciciela, Id_adresu, Imie_wlasciciela, Nazwisko_wlasciciela, Plec_wlasciciela, PESEL_wlasciciela) values (2, 40, 'Maynord', 'Copozio', 'M', 967590560);
insert into Wlasciciel (Id_wlasciciela, Id_adresu, Imie_wlasciciela, Nazwisko_wlasciciela, Plec_wlasciciela, PESEL_wlasciciela) values (3, 149, 'Brendan', 'Gaskins', 'M', 921557841);
insert into Wlasciciel (Id_wlasciciela, Id_adresu, Imie_wlasciciela, Nazwisko_wlasciciela, Plec_wlasciciela, PESEL_wlasciciela) values (4, 81, 'Cchaddie', 'Northbridge', 'M', 997906196);
insert into Wlasciciel (Id_wlasciciela, Id_adresu, Imie_wlasciciela, Nazwisko_wlasciciela, Plec_wlasciciela, PESEL_wlasciciela) values (5, 144, 'Lisa', 'Gorstidge', 'F', 936963475);
insert into Wlasciciel (Id_wlasciciela, Id_adresu, Imie_wlasciciela, Nazwisko_wlasciciela, Plec_wlasciciela, PESEL_wlasciciela) values (6, 48, 'Shawn', 'Bissill', 'M', 924805747);
insert into Wlasciciel (Id_wlasciciela, Id_adresu, Imie_wlasciciela, Nazwisko_wlasciciela, Plec_wlasciciela, PESEL_wlasciciela) values (7, 17, 'Oran', 'Bridgwater', 'M', 943015286);
insert into Wlasciciel (Id_wlasciciela, Id_adresu, Imie_wlasciciela, Nazwisko_wlasciciela, Plec_wlasciciela, PESEL_wlasciciela) values (8, 63, 'Winnie', 'Fleet', 'F', 928535569);
insert into Wlasciciel (Id_wlasciciela, Id_adresu, Imie_wlasciciela, Nazwisko_wlasciciela, Plec_wlasciciela, PESEL_wlasciciela) values (9, 133, 'Charlie', 'Pennycord', 'M', 989018783);
insert into Wlasciciel (Id_wlasciciela, Id_adresu, Imie_wlasciciela, Nazwisko_wlasciciela, Plec_wlasciciela, PESEL_wlasciciela) values (10, 5, 'Lamond', 'Chardin', 'M', 966923479);
insert into Wlasciciel (Id_wlasciciela, Id_adresu, Imie_wlasciciela, Nazwisko_wlasciciela, Plec_wlasciciela, PESEL_wlasciciela) values (11, 24, 'Belva', 'Smale', 'F', 950350354);
insert into Wlasciciel (Id_wlasciciela, Id_adresu, Imie_wlasciciela, Nazwisko_wlasciciela, Plec_wlasciciela, PESEL_wlasciciela) values (12, 84, 'Benny', 'Radbourn', 'M', 976310206);
insert into Wlasciciel (Id_wlasciciela, Id_adresu, Imie_wlasciciela, Nazwisko_wlasciciela, Plec_wlasciciela, PESEL_wlasciciela) values (13, 136, 'Brander', 'Windus', 'M', 953528773);
insert into Wlasciciel (Id_wlasciciela, Id_adresu, Imie_wlasciciela, Nazwisko_wlasciciela, Plec_wlasciciela, PESEL_wlasciciela) values (14, 108, 'Burl', 'Raubenheimer', 'M', 922087420);
insert into Wlasciciel (Id_wlasciciela, Id_adresu, Imie_wlasciciela, Nazwisko_wlasciciela, Plec_wlasciciela, PESEL_wlasciciela) values (15, 165, 'Vanni', 'Balaisot', 'F', 934009852);
insert into Wlasciciel (Id_wlasciciela, Id_adresu, Imie_wlasciciela, Nazwisko_wlasciciela, Plec_wlasciciela, PESEL_wlasciciela) values (16, 100, 'Dorry', 'Keeton', 'F', 927950296);
insert into Wlasciciel (Id_wlasciciela, Id_adresu, Imie_wlasciciela, Nazwisko_wlasciciela, Plec_wlasciciela, PESEL_wlasciciela) values (17, 170, 'Mozelle', 'Rojas', 'F', 912465481);
insert into Wlasciciel (Id_wlasciciela, Id_adresu, Imie_wlasciciela, Nazwisko_wlasciciela, Plec_wlasciciela, PESEL_wlasciciela) values (18, 72, 'Andres', 'Jakov', 'M', 921501182);
insert into Wlasciciel (Id_wlasciciela, Id_adresu, Imie_wlasciciela, Nazwisko_wlasciciela, Plec_wlasciciela, PESEL_wlasciciela) values (19, 7, 'Tabbie', 'Edeson', 'M', 910691025);
insert into Wlasciciel (Id_wlasciciela, Id_adresu, Imie_wlasciciela, Nazwisko_wlasciciela, Plec_wlasciciela, PESEL_wlasciciela) values (20, 98, 'Ewart', 'Molfino', 'M', 928804929);
insert into Wlasciciel (Id_wlasciciela, Id_adresu, Imie_wlasciciela, Nazwisko_wlasciciela, Plec_wlasciciela, PESEL_wlasciciela) values (21, 191, 'Amalea', 'Bertomieu', 'F', 984703346);
insert into Wlasciciel (Id_wlasciciela, Id_adresu, Imie_wlasciciela, Nazwisko_wlasciciela, Plec_wlasciciela, PESEL_wlasciciela) values (22, 169, 'Mackenzie', 'Gebbie', 'M', 936387457);
insert into Wlasciciel (Id_wlasciciela, Id_adresu, Imie_wlasciciela, Nazwisko_wlasciciela, Plec_wlasciciela, PESEL_wlasciciela) values (23, 146, 'Fredrika', 'Berge', 'F', 943769889);
insert into Wlasciciel (Id_wlasciciela, Id_adresu, Imie_wlasciciela, Nazwisko_wlasciciela, Plec_wlasciciela, PESEL_wlasciciela) values (24, 34, 'Talyah', 'Rean', 'F', 942731781);
insert into Wlasciciel (Id_wlasciciela, Id_adresu, Imie_wlasciciela, Nazwisko_wlasciciela, Plec_wlasciciela, PESEL_wlasciciela) values (25, 177, 'Lars', 'Creech', 'M', 938683379);
insert into Wlasciciel (Id_wlasciciela, Id_adresu, Imie_wlasciciela, Nazwisko_wlasciciela, Plec_wlasciciela, PESEL_wlasciciela) values (26, 163, 'Rriocard', 'Bonass', 'M', 910630524);
insert into Wlasciciel (Id_wlasciciela, Id_adresu, Imie_wlasciciela, Nazwisko_wlasciciela, Plec_wlasciciela, PESEL_wlasciciela) values (27, 39, 'Dorthea', 'Vaines', 'F', 965983613);
insert into Wlasciciel (Id_wlasciciela, Id_adresu, Imie_wlasciciela, Nazwisko_wlasciciela, Plec_wlasciciela, PESEL_wlasciciela) values (28, 184, 'Danyette', 'Ludewig', 'F', 929229694);
insert into Wlasciciel (Id_wlasciciela, Id_adresu, Imie_wlasciciela, Nazwisko_wlasciciela, Plec_wlasciciela, PESEL_wlasciciela) values (29, 65, 'Martainn', 'Boulger', 'M', 956222234);
insert into Wlasciciel (Id_wlasciciela, Id_adresu, Imie_wlasciciela, Nazwisko_wlasciciela, Plec_wlasciciela, PESEL_wlasciciela) values (30, 164, 'Stillman', 'Bouda', 'M', 918563706);
insert into Wlasciciel (Id_wlasciciela, Id_adresu, Imie_wlasciciela, Nazwisko_wlasciciela, Plec_wlasciciela, PESEL_wlasciciela) values (31, 146, 'Rycca', 'Maier', 'F', 976624254);
insert into Wlasciciel (Id_wlasciciela, Id_adresu, Imie_wlasciciela, Nazwisko_wlasciciela, Plec_wlasciciela, PESEL_wlasciciela) values (32, 35, 'Caesar', 'Nijssen', 'M', 968357334);
insert into Wlasciciel (Id_wlasciciela, Id_adresu, Imie_wlasciciela, Nazwisko_wlasciciela, Plec_wlasciciela, PESEL_wlasciciela) values (33, 3, 'Blinnie', 'Djorvic', 'F', 932787047);
insert into Wlasciciel (Id_wlasciciela, Id_adresu, Imie_wlasciciela, Nazwisko_wlasciciela, Plec_wlasciciela, PESEL_wlasciciela) values (34, 71, 'Rosana', 'Postle', 'F', 921375269);
insert into Wlasciciel (Id_wlasciciela, Id_adresu, Imie_wlasciciela, Nazwisko_wlasciciela, Plec_wlasciciela, PESEL_wlasciciela) values (35, 192, 'Claude', 'Priddey', 'F', 902666647);
insert into Wlasciciel (Id_wlasciciela, Id_adresu, Imie_wlasciciela, Nazwisko_wlasciciela, Plec_wlasciciela, PESEL_wlasciciela) values (36, 40, 'Calypso', 'Goldsmith', 'F', 936234659);
insert into Wlasciciel (Id_wlasciciela, Id_adresu, Imie_wlasciciela, Nazwisko_wlasciciela, Plec_wlasciciela, PESEL_wlasciciela) values (37, 200, 'Otis', 'Tumioto', 'M', 953318615);
insert into Wlasciciel (Id_wlasciciela, Id_adresu, Imie_wlasciciela, Nazwisko_wlasciciela, Plec_wlasciciela, PESEL_wlasciciela) values (38, 100, 'Hodge', 'Napthine', 'M', 953469201);
insert into Wlasciciel (Id_wlasciciela, Id_adresu, Imie_wlasciciela, Nazwisko_wlasciciela, Plec_wlasciciela, PESEL_wlasciciela) values (39, 182, 'Lucina', 'Softley', 'F', 961322261);
insert into Wlasciciel (Id_wlasciciela, Id_adresu, Imie_wlasciciela, Nazwisko_wlasciciela, Plec_wlasciciela, PESEL_wlasciciela) values (40, 60, 'Batsheva', 'Haworth', 'F', 984579317);
insert into Wlasciciel (Id_wlasciciela, Id_adresu, Imie_wlasciciela, Nazwisko_wlasciciela, Plec_wlasciciela, PESEL_wlasciciela) values (41, 36, 'Cirstoforo', 'Kiefer', 'M', 911246396);
insert into Wlasciciel (Id_wlasciciela, Id_adresu, Imie_wlasciciela, Nazwisko_wlasciciela, Plec_wlasciciela, PESEL_wlasciciela) values (42, 106, 'Reece', 'Lancaster', 'M', 906236294);
insert into Wlasciciel (Id_wlasciciela, Id_adresu, Imie_wlasciciela, Nazwisko_wlasciciela, Plec_wlasciciela, PESEL_wlasciciela) values (43, 150, 'Annissa', 'Lyster', 'F', 913170802);
insert into Wlasciciel (Id_wlasciciela, Id_adresu, Imie_wlasciciela, Nazwisko_wlasciciela, Plec_wlasciciela, PESEL_wlasciciela) values (44, 199, 'Aggi', 'Berrington', 'F', 951153427);
insert into Wlasciciel (Id_wlasciciela, Id_adresu, Imie_wlasciciela, Nazwisko_wlasciciela, Plec_wlasciciela, PESEL_wlasciciela) values (45, 20, 'Constance', 'Bromwich', 'F', 969629481);
insert into Wlasciciel (Id_wlasciciela, Id_adresu, Imie_wlasciciela, Nazwisko_wlasciciela, Plec_wlasciciela, PESEL_wlasciciela) values (46, 146, 'Nathalia', 'Carlesi', 'F', 969940130);
insert into Wlasciciel (Id_wlasciciela, Id_adresu, Imie_wlasciciela, Nazwisko_wlasciciela, Plec_wlasciciela, PESEL_wlasciciela) values (47, 83, 'Helli', 'Rickell', 'F', 949736006);
insert into Wlasciciel (Id_wlasciciela, Id_adresu, Imie_wlasciciela, Nazwisko_wlasciciela, Plec_wlasciciela, PESEL_wlasciciela) values (48, 68, 'Willow', 'Crippill', 'F', 925824975);
insert into Wlasciciel (Id_wlasciciela, Id_adresu, Imie_wlasciciela, Nazwisko_wlasciciela, Plec_wlasciciela, PESEL_wlasciciela) values (49, 82, 'Thatch', 'Mantrup', 'M', 979285079);
insert into Wlasciciel (Id_wlasciciela, Id_adresu, Imie_wlasciciela, Nazwisko_wlasciciela, Plec_wlasciciela, PESEL_wlasciciela) values (50, 123, 'Eleni', 'Almack', 'F', 988254172);
insert into Wlasciciel (Id_wlasciciela, Id_adresu, Imie_wlasciciela, Nazwisko_wlasciciela, Plec_wlasciciela, PESEL_wlasciciela) values (51, 192, 'Prudence', 'Sommerland', 'F', 958923739);
insert into Wlasciciel (Id_wlasciciela, Id_adresu, Imie_wlasciciela, Nazwisko_wlasciciela, Plec_wlasciciela, PESEL_wlasciciela) values (52, 186, 'Gayel', 'Bellfield', 'F', 993509295);
insert into Wlasciciel (Id_wlasciciela, Id_adresu, Imie_wlasciciela, Nazwisko_wlasciciela, Plec_wlasciciela, PESEL_wlasciciela) values (53, 79, 'Oates', 'Faust', 'M', 945744166);
insert into Wlasciciel (Id_wlasciciela, Id_adresu, Imie_wlasciciela, Nazwisko_wlasciciela, Plec_wlasciciela, PESEL_wlasciciela) values (54, 17, 'Garv', 'Sima', 'M', 914705958);
insert into Wlasciciel (Id_wlasciciela, Id_adresu, Imie_wlasciciela, Nazwisko_wlasciciela, Plec_wlasciciela, PESEL_wlasciciela) values (55, 130, 'Sheffield', 'Hartford', 'M', 926646481);
insert into Wlasciciel (Id_wlasciciela, Id_adresu, Imie_wlasciciela, Nazwisko_wlasciciela, Plec_wlasciciela, PESEL_wlasciciela) values (56, 11, 'Haleigh', 'Liggons', 'M', 929152870);
insert into Wlasciciel (Id_wlasciciela, Id_adresu, Imie_wlasciciela, Nazwisko_wlasciciela, Plec_wlasciciela, PESEL_wlasciciela) values (57, 190, 'Marillin', 'Joburn', 'F', 978045057);
insert into Wlasciciel (Id_wlasciciela, Id_adresu, Imie_wlasciciela, Nazwisko_wlasciciela, Plec_wlasciciela, PESEL_wlasciciela) values (58, 74, 'Maurene', 'Ervine', 'F', 910965600);
insert into Wlasciciel (Id_wlasciciela, Id_adresu, Imie_wlasciciela, Nazwisko_wlasciciela, Plec_wlasciciela, PESEL_wlasciciela) values (59, 90, 'Mayer', 'Dionsetti', 'M', 967672035);
insert into Wlasciciel (Id_wlasciciela, Id_adresu, Imie_wlasciciela, Nazwisko_wlasciciela, Plec_wlasciciela, PESEL_wlasciciela) values (60, 163, 'Harold', 'Pretor', 'M', 955600607);
insert into Wlasciciel (Id_wlasciciela, Id_adresu, Imie_wlasciciela, Nazwisko_wlasciciela, Plec_wlasciciela, PESEL_wlasciciela) values (61, 14, 'Dorothee', 'Donohue', 'F', 996171530);
insert into Wlasciciel (Id_wlasciciela, Id_adresu, Imie_wlasciciela, Nazwisko_wlasciciela, Plec_wlasciciela, PESEL_wlasciciela) values (62, 91, 'Dickie', 'Gladdolph', 'M', 972267632);
insert into Wlasciciel (Id_wlasciciela, Id_adresu, Imie_wlasciciela, Nazwisko_wlasciciela, Plec_wlasciciela, PESEL_wlasciciela) values (63, 27, 'Dorian', 'Garrood', 'F', 975988060);
insert into Wlasciciel (Id_wlasciciela, Id_adresu, Imie_wlasciciela, Nazwisko_wlasciciela, Plec_wlasciciela, PESEL_wlasciciela) values (64, 171, 'Maurita', 'Riddler', 'F', 963122277);
insert into Wlasciciel (Id_wlasciciela, Id_adresu, Imie_wlasciciela, Nazwisko_wlasciciela, Plec_wlasciciela, PESEL_wlasciciela) values (65, 21, 'Denni', 'Jowling', 'F', 988986250);
insert into Wlasciciel (Id_wlasciciela, Id_adresu, Imie_wlasciciela, Nazwisko_wlasciciela, Plec_wlasciciela, PESEL_wlasciciela) values (66, 51, 'Dennet', 'Bencher', 'M', 921012519);
insert into Wlasciciel (Id_wlasciciela, Id_adresu, Imie_wlasciciela, Nazwisko_wlasciciela, Plec_wlasciciela, PESEL_wlasciciela) values (67, 125, 'Gus', 'Newham', 'F', 916417183);
insert into Wlasciciel (Id_wlasciciela, Id_adresu, Imie_wlasciciela, Nazwisko_wlasciciela, Plec_wlasciciela, PESEL_wlasciciela) values (68, 175, 'Danica', 'Zamora', 'F', 964839636);
insert into Wlasciciel (Id_wlasciciela, Id_adresu, Imie_wlasciciela, Nazwisko_wlasciciela, Plec_wlasciciela, PESEL_wlasciciela) values (69, 172, 'Zebedee', 'Yair', 'M', 951592939);
insert into Wlasciciel (Id_wlasciciela, Id_adresu, Imie_wlasciciela, Nazwisko_wlasciciela, Plec_wlasciciela, PESEL_wlasciciela) values (70, 97, 'Dwayne', 'Orritt', 'M', 907393274);
insert into Wlasciciel (Id_wlasciciela, Id_adresu, Imie_wlasciciela, Nazwisko_wlasciciela, Plec_wlasciciela, PESEL_wlasciciela) values (71, 59, 'Rockwell', 'Ballin', 'M', 943412885);
insert into Wlasciciel (Id_wlasciciela, Id_adresu, Imie_wlasciciela, Nazwisko_wlasciciela, Plec_wlasciciela, PESEL_wlasciciela) values (72, 161, 'Linn', 'Vile', 'M', 933814328);
insert into Wlasciciel (Id_wlasciciela, Id_adresu, Imie_wlasciciela, Nazwisko_wlasciciela, Plec_wlasciciela, PESEL_wlasciciela) values (73, 99, 'Maurice', 'Uccelli', 'M', 943300870);
insert into Wlasciciel (Id_wlasciciela, Id_adresu, Imie_wlasciciela, Nazwisko_wlasciciela, Plec_wlasciciela, PESEL_wlasciciela) values (74, 20, 'Katy', 'Devenish', 'F', 978653940);
insert into Wlasciciel (Id_wlasciciela, Id_adresu, Imie_wlasciciela, Nazwisko_wlasciciela, Plec_wlasciciela, PESEL_wlasciciela) values (75, 98, 'Alidia', 'Sandey', 'F', 934127460);
insert into Wlasciciel (Id_wlasciciela, Id_adresu, Imie_wlasciciela, Nazwisko_wlasciciela, Plec_wlasciciela, PESEL_wlasciciela) values (76, 178, 'Celinka', 'Odger', 'F', 932953885);
insert into Wlasciciel (Id_wlasciciela, Id_adresu, Imie_wlasciciela, Nazwisko_wlasciciela, Plec_wlasciciela, PESEL_wlasciciela) values (77, 117, 'Stanford', 'Damiata', 'M', 926740466);
insert into Wlasciciel (Id_wlasciciela, Id_adresu, Imie_wlasciciela, Nazwisko_wlasciciela, Plec_wlasciciela, PESEL_wlasciciela) values (78, 55, 'Monte', 'Brampton', 'M', 910011542);
insert into Wlasciciel (Id_wlasciciela, Id_adresu, Imie_wlasciciela, Nazwisko_wlasciciela, Plec_wlasciciela, PESEL_wlasciciela) values (79, 7, 'Phillip', 'Hulmes', 'M', 933666539);
insert into Wlasciciel (Id_wlasciciela, Id_adresu, Imie_wlasciciela, Nazwisko_wlasciciela, Plec_wlasciciela, PESEL_wlasciciela) values (80, 142, 'Brynne', 'Kiffin', 'F', 928950790);
insert into Wlasciciel (Id_wlasciciela, Id_adresu, Imie_wlasciciela, Nazwisko_wlasciciela, Plec_wlasciciela, PESEL_wlasciciela) values (81, 182, 'Odessa', 'Glanvill', 'F', 938525256);
insert into Wlasciciel (Id_wlasciciela, Id_adresu, Imie_wlasciciela, Nazwisko_wlasciciela, Plec_wlasciciela, PESEL_wlasciciela) values (82, 67, 'Brianne', 'Maggiori', 'F', 905849825);
insert into Wlasciciel (Id_wlasciciela, Id_adresu, Imie_wlasciciela, Nazwisko_wlasciciela, Plec_wlasciciela, PESEL_wlasciciela) values (83, 93, 'Clarisse', 'Galler', 'F', 908797918);
insert into Wlasciciel (Id_wlasciciela, Id_adresu, Imie_wlasciciela, Nazwisko_wlasciciela, Plec_wlasciciela, PESEL_wlasciciela) values (84, 195, 'Ricard', 'Wilton', 'M', 947179872);
insert into Wlasciciel (Id_wlasciciela, Id_adresu, Imie_wlasciciela, Nazwisko_wlasciciela, Plec_wlasciciela, PESEL_wlasciciela) values (85, 160, 'Clementine', 'Annable', 'F', 969657331);
insert into Wlasciciel (Id_wlasciciela, Id_adresu, Imie_wlasciciela, Nazwisko_wlasciciela, Plec_wlasciciela, PESEL_wlasciciela) values (86, 43, 'Ermin', 'Goodluck', 'M', 925006351);
insert into Wlasciciel (Id_wlasciciela, Id_adresu, Imie_wlasciciela, Nazwisko_wlasciciela, Plec_wlasciciela, PESEL_wlasciciela) values (87, 180, 'Odelinda', 'Remmer', 'F', 969570340);
insert into Wlasciciel (Id_wlasciciela, Id_adresu, Imie_wlasciciela, Nazwisko_wlasciciela, Plec_wlasciciela, PESEL_wlasciciela) values (88, 15, 'Gordan', 'Bestar', 'M', 963450627);
insert into Wlasciciel (Id_wlasciciela, Id_adresu, Imie_wlasciciela, Nazwisko_wlasciciela, Plec_wlasciciela, PESEL_wlasciciela) values (89, 179, 'Mareah', 'Saldler', 'F', 953801934);
insert into Wlasciciel (Id_wlasciciela, Id_adresu, Imie_wlasciciela, Nazwisko_wlasciciela, Plec_wlasciciela, PESEL_wlasciciela) values (90, 91, 'Agata', 'Curteis', 'F', 954149748);
insert into Wlasciciel (Id_wlasciciela, Id_adresu, Imie_wlasciciela, Nazwisko_wlasciciela, Plec_wlasciciela, PESEL_wlasciciela) values (91, 82, 'Guthrie', 'Pughsley', 'M', 960022826);
insert into Wlasciciel (Id_wlasciciela, Id_adresu, Imie_wlasciciela, Nazwisko_wlasciciela, Plec_wlasciciela, PESEL_wlasciciela) values (92, 108, 'Wallis', 'Van Brug', 'M', 945839879);
insert into Wlasciciel (Id_wlasciciela, Id_adresu, Imie_wlasciciela, Nazwisko_wlasciciela, Plec_wlasciciela, PESEL_wlasciciela) values (93, 82, 'Ambrosius', 'Hiscoke', 'M', 906425430);
insert into Wlasciciel (Id_wlasciciela, Id_adresu, Imie_wlasciciela, Nazwisko_wlasciciela, Plec_wlasciciela, PESEL_wlasciciela) values (94, 34, 'Tristam', 'Abramski', 'M', 937104619);
insert into Wlasciciel (Id_wlasciciela, Id_adresu, Imie_wlasciciela, Nazwisko_wlasciciela, Plec_wlasciciela, PESEL_wlasciciela) values (95, 115, 'Murvyn', 'Grieswood', 'M', 969918896);
insert into Wlasciciel (Id_wlasciciela, Id_adresu, Imie_wlasciciela, Nazwisko_wlasciciela, Plec_wlasciciela, PESEL_wlasciciela) values (96, 37, 'Mora', 'Vouls', 'F', 964700643);
insert into Wlasciciel (Id_wlasciciela, Id_adresu, Imie_wlasciciela, Nazwisko_wlasciciela, Plec_wlasciciela, PESEL_wlasciciela) values (97, 111, 'Shara', 'Borge', 'F', 955796156);
insert into Wlasciciel (Id_wlasciciela, Id_adresu, Imie_wlasciciela, Nazwisko_wlasciciela, Plec_wlasciciela, PESEL_wlasciciela) values (98, 107, 'Stacee', 'Weir', 'M', 967202551);
insert into Wlasciciel (Id_wlasciciela, Id_adresu, Imie_wlasciciela, Nazwisko_wlasciciela, Plec_wlasciciela, PESEL_wlasciciela) values (99, 41, 'Sayres', 'Tease', 'M', 995250600);
insert into Wlasciciel (Id_wlasciciela, Id_adresu, Imie_wlasciciela, Nazwisko_wlasciciela, Plec_wlasciciela, PESEL_wlasciciela) values (100, 156, 'Cazzie', 'Barwack', 'M', 970226970);
insert into Wlasciciel (Id_wlasciciela, Id_adresu, Imie_wlasciciela, Nazwisko_wlasciciela, Plec_wlasciciela, PESEL_wlasciciela) values (101, 41, 'Marne', 'Veronique', 'F', 944823273);
insert into Wlasciciel (Id_wlasciciela, Id_adresu, Imie_wlasciciela, Nazwisko_wlasciciela, Plec_wlasciciela, PESEL_wlasciciela) values (102, 11, 'Vassili', 'Mathivon', 'M', 955369532);
insert into Wlasciciel (Id_wlasciciela, Id_adresu, Imie_wlasciciela, Nazwisko_wlasciciela, Plec_wlasciciela, PESEL_wlasciciela) values (103, 108, 'Hogan', 'Schwaiger', 'M', 921903803);
insert into Wlasciciel (Id_wlasciciela, Id_adresu, Imie_wlasciciela, Nazwisko_wlasciciela, Plec_wlasciciela, PESEL_wlasciciela) values (104, 62, 'Ardyth', 'Curgenven', 'F', 974787345);
insert into Wlasciciel (Id_wlasciciela, Id_adresu, Imie_wlasciciela, Nazwisko_wlasciciela, Plec_wlasciciela, PESEL_wlasciciela) values (105, 161, 'Kelcie', 'Toner', 'F', 916272290);
insert into Wlasciciel (Id_wlasciciela, Id_adresu, Imie_wlasciciela, Nazwisko_wlasciciela, Plec_wlasciciela, PESEL_wlasciciela) values (106, 76, 'Hew', 'Branton', 'M', 976084963);
insert into Wlasciciel (Id_wlasciciela, Id_adresu, Imie_wlasciciela, Nazwisko_wlasciciela, Plec_wlasciciela, PESEL_wlasciciela) values (107, 196, 'Cynthia', 'Petruskevich', 'F', 962563735);
insert into Wlasciciel (Id_wlasciciela, Id_adresu, Imie_wlasciciela, Nazwisko_wlasciciela, Plec_wlasciciela, PESEL_wlasciciela) values (108, 50, 'Yoko', 'Paydon', 'F', 986951293);
insert into Wlasciciel (Id_wlasciciela, Id_adresu, Imie_wlasciciela, Nazwisko_wlasciciela, Plec_wlasciciela, PESEL_wlasciciela) values (109, 131, 'Laure', 'Summerly', 'F', 968323588);
insert into Wlasciciel (Id_wlasciciela, Id_adresu, Imie_wlasciciela, Nazwisko_wlasciciela, Plec_wlasciciela, PESEL_wlasciciela) values (110, 127, 'Mareah', 'Groveham', 'F', 973787827);
insert into Wlasciciel (Id_wlasciciela, Id_adresu, Imie_wlasciciela, Nazwisko_wlasciciela, Plec_wlasciciela, PESEL_wlasciciela) values (111, 28, 'Baxter', 'Gatheral', 'M', 923717930);
insert into Wlasciciel (Id_wlasciciela, Id_adresu, Imie_wlasciciela, Nazwisko_wlasciciela, Plec_wlasciciela, PESEL_wlasciciela) values (112, 33, 'Egan', 'Spinage', 'M', 978924327);
insert into Wlasciciel (Id_wlasciciela, Id_adresu, Imie_wlasciciela, Nazwisko_wlasciciela, Plec_wlasciciela, PESEL_wlasciciela) values (113, 156, 'Aimil', 'Peto', 'F', 952977133);
insert into Wlasciciel (Id_wlasciciela, Id_adresu, Imie_wlasciciela, Nazwisko_wlasciciela, Plec_wlasciciela, PESEL_wlasciciela) values (114, 97, 'Meredith', 'Jupe', 'M', 945521648);
insert into Wlasciciel (Id_wlasciciela, Id_adresu, Imie_wlasciciela, Nazwisko_wlasciciela, Plec_wlasciciela, PESEL_wlasciciela) values (115, 161, 'Salomo', 'Malafe', 'M', 961860081);
insert into Wlasciciel (Id_wlasciciela, Id_adresu, Imie_wlasciciela, Nazwisko_wlasciciela, Plec_wlasciciela, PESEL_wlasciciela) values (116, 41, 'Kerry', 'Bushnell', 'M', 921512255);
insert into Wlasciciel (Id_wlasciciela, Id_adresu, Imie_wlasciciela, Nazwisko_wlasciciela, Plec_wlasciciela, PESEL_wlasciciela) values (117, 39, 'Bennie', 'Buglar', 'M', 976674656);
insert into Wlasciciel (Id_wlasciciela, Id_adresu, Imie_wlasciciela, Nazwisko_wlasciciela, Plec_wlasciciela, PESEL_wlasciciela) values (118, 122, 'Benjie', 'Spata', 'M', 938482263);
insert into Wlasciciel (Id_wlasciciela, Id_adresu, Imie_wlasciciela, Nazwisko_wlasciciela, Plec_wlasciciela, PESEL_wlasciciela) values (119, 41, 'Alasdair', 'Reford', 'M', 982180064);
insert into Wlasciciel (Id_wlasciciela, Id_adresu, Imie_wlasciciela, Nazwisko_wlasciciela, Plec_wlasciciela, PESEL_wlasciciela) values (120, 84, 'Garrick', 'Trumble', 'M', 907948162);
insert into Wlasciciel (Id_wlasciciela, Id_adresu, Imie_wlasciciela, Nazwisko_wlasciciela, Plec_wlasciciela, PESEL_wlasciciela) values (121, 52, 'Aarika', 'Lavens', 'F', 966935168);
insert into Wlasciciel (Id_wlasciciela, Id_adresu, Imie_wlasciciela, Nazwisko_wlasciciela, Plec_wlasciciela, PESEL_wlasciciela) values (122, 123, 'Sue', 'Ostrich', 'F', 978075892);
insert into Wlasciciel (Id_wlasciciela, Id_adresu, Imie_wlasciciela, Nazwisko_wlasciciela, Plec_wlasciciela, PESEL_wlasciciela) values (123, 86, 'Lynda', 'Harbisher', 'F', 914709272);
insert into Wlasciciel (Id_wlasciciela, Id_adresu, Imie_wlasciciela, Nazwisko_wlasciciela, Plec_wlasciciela, PESEL_wlasciciela) values (124, 53, 'Thorsten', 'Whiston', 'M', 907756103);
insert into Wlasciciel (Id_wlasciciela, Id_adresu, Imie_wlasciciela, Nazwisko_wlasciciela, Plec_wlasciciela, PESEL_wlasciciela) values (125, 58, 'Guilbert', 'Abbet', 'M', 937897830);
insert into Wlasciciel (Id_wlasciciela, Id_adresu, Imie_wlasciciela, Nazwisko_wlasciciela, Plec_wlasciciela, PESEL_wlasciciela) values (126, 32, 'Therine', 'Doutch', 'F', 931082578);
insert into Wlasciciel (Id_wlasciciela, Id_adresu, Imie_wlasciciela, Nazwisko_wlasciciela, Plec_wlasciciela, PESEL_wlasciciela) values (127, 57, 'Phillis', 'Currin', 'F', 975819650);
insert into Wlasciciel (Id_wlasciciela, Id_adresu, Imie_wlasciciela, Nazwisko_wlasciciela, Plec_wlasciciela, PESEL_wlasciciela) values (128, 87, 'Devondra', 'Skaife', 'F', 973542357);
insert into Wlasciciel (Id_wlasciciela, Id_adresu, Imie_wlasciciela, Nazwisko_wlasciciela, Plec_wlasciciela, PESEL_wlasciciela) values (129, 105, 'Barnaby', 'Cheeke', 'M', 937761825);
insert into Wlasciciel (Id_wlasciciela, Id_adresu, Imie_wlasciciela, Nazwisko_wlasciciela, Plec_wlasciciela, PESEL_wlasciciela) values (130, 50, 'Zachery', 'Agge', 'M', 903111792);
insert into Wlasciciel (Id_wlasciciela, Id_adresu, Imie_wlasciciela, Nazwisko_wlasciciela, Plec_wlasciciela, PESEL_wlasciciela) values (131, 11, 'Clemens', 'Howroyd', 'M', 984883813);
insert into Wlasciciel (Id_wlasciciela, Id_adresu, Imie_wlasciciela, Nazwisko_wlasciciela, Plec_wlasciciela, PESEL_wlasciciela) values (132, 2, 'Dyanne', 'Thrush', 'F', 922154537);
insert into Wlasciciel (Id_wlasciciela, Id_adresu, Imie_wlasciciela, Nazwisko_wlasciciela, Plec_wlasciciela, PESEL_wlasciciela) values (133, 76, 'Glenn', 'Bernardon', 'F', 993802137);
insert into Wlasciciel (Id_wlasciciela, Id_adresu, Imie_wlasciciela, Nazwisko_wlasciciela, Plec_wlasciciela, PESEL_wlasciciela) values (134, 24, 'Ainslie', 'Cleall', 'F', 939180773);
insert into Wlasciciel (Id_wlasciciela, Id_adresu, Imie_wlasciciela, Nazwisko_wlasciciela, Plec_wlasciciela, PESEL_wlasciciela) values (135, 44, 'Ernie', 'Paintain', 'M', 914158431);
insert into Wlasciciel (Id_wlasciciela, Id_adresu, Imie_wlasciciela, Nazwisko_wlasciciela, Plec_wlasciciela, PESEL_wlasciciela) values (136, 123, 'Xenos', 'MacCahee', 'M', 989494649);
insert into Wlasciciel (Id_wlasciciela, Id_adresu, Imie_wlasciciela, Nazwisko_wlasciciela, Plec_wlasciciela, PESEL_wlasciciela) values (137, 189, 'Hort', 'Tower', 'M', 901917475);
insert into Wlasciciel (Id_wlasciciela, Id_adresu, Imie_wlasciciela, Nazwisko_wlasciciela, Plec_wlasciciela, PESEL_wlasciciela) values (138, 110, 'Ferdy', 'Cholton', 'M', 938022272);
insert into Wlasciciel (Id_wlasciciela, Id_adresu, Imie_wlasciciela, Nazwisko_wlasciciela, Plec_wlasciciela, PESEL_wlasciciela) values (139, 30, 'Christina', 'Langan', 'F', 906993237);
insert into Wlasciciel (Id_wlasciciela, Id_adresu, Imie_wlasciciela, Nazwisko_wlasciciela, Plec_wlasciciela, PESEL_wlasciciela) values (140, 96, 'Boycey', 'Neward', 'M', 963948947);
insert into Wlasciciel (Id_wlasciciela, Id_adresu, Imie_wlasciciela, Nazwisko_wlasciciela, Plec_wlasciciela, PESEL_wlasciciela) values (141, 100, 'Tate', 'Rohloff', 'M', 973977123);
insert into Wlasciciel (Id_wlasciciela, Id_adresu, Imie_wlasciciela, Nazwisko_wlasciciela, Plec_wlasciciela, PESEL_wlasciciela) values (142, 120, 'Lucienne', 'Linstead', 'F', 926273147);
insert into Wlasciciel (Id_wlasciciela, Id_adresu, Imie_wlasciciela, Nazwisko_wlasciciela, Plec_wlasciciela, PESEL_wlasciciela) values (143, 35, 'Travers', 'Graber', 'M', 936869881);
insert into Wlasciciel (Id_wlasciciela, Id_adresu, Imie_wlasciciela, Nazwisko_wlasciciela, Plec_wlasciciela, PESEL_wlasciciela) values (144, 183, 'Xever', 'Byars', 'M', 918143884);
insert into Wlasciciel (Id_wlasciciela, Id_adresu, Imie_wlasciciela, Nazwisko_wlasciciela, Plec_wlasciciela, PESEL_wlasciciela) values (145, 116, 'Peterus', 'Roman', 'M', 912357362);
insert into Wlasciciel (Id_wlasciciela, Id_adresu, Imie_wlasciciela, Nazwisko_wlasciciela, Plec_wlasciciela, PESEL_wlasciciela) values (146, 110, 'Willi', 'Sor', 'F', 963071766);
insert into Wlasciciel (Id_wlasciciela, Id_adresu, Imie_wlasciciela, Nazwisko_wlasciciela, Plec_wlasciciela, PESEL_wlasciciela) values (147, 150, 'Becki', 'Franzewitch', 'F', 925171900);
insert into Wlasciciel (Id_wlasciciela, Id_adresu, Imie_wlasciciela, Nazwisko_wlasciciela, Plec_wlasciciela, PESEL_wlasciciela) values (148, 195, 'Elvis', 'Van De Cappelle', 'M', 987792077);
insert into Wlasciciel (Id_wlasciciela, Id_adresu, Imie_wlasciciela, Nazwisko_wlasciciela, Plec_wlasciciela, PESEL_wlasciciela) values (149, 18, 'Corabelle', 'Darcey', 'F', 958421461);
insert into Wlasciciel (Id_wlasciciela, Id_adresu, Imie_wlasciciela, Nazwisko_wlasciciela, Plec_wlasciciela, PESEL_wlasciciela) values (150, 162, 'Leslie', 'Kinny', 'F', 980380263);
insert into Wlasciciel (Id_wlasciciela, Id_adresu, Imie_wlasciciela, Nazwisko_wlasciciela, Plec_wlasciciela, PESEL_wlasciciela) values (151, 98, 'Anallese', 'Cooney', 'F', 992593346);
insert into Wlasciciel (Id_wlasciciela, Id_adresu, Imie_wlasciciela, Nazwisko_wlasciciela, Plec_wlasciciela, PESEL_wlasciciela) values (152, 198, 'Marlo', 'Flecknell', 'M', 918952503);
insert into Wlasciciel (Id_wlasciciela, Id_adresu, Imie_wlasciciela, Nazwisko_wlasciciela, Plec_wlasciciela, PESEL_wlasciciela) values (153, 57, 'Kassandra', 'Patten', 'F', 926861642);
insert into Wlasciciel (Id_wlasciciela, Id_adresu, Imie_wlasciciela, Nazwisko_wlasciciela, Plec_wlasciciela, PESEL_wlasciciela) values (154, 184, 'Galina', 'Lewer', 'F', 954555730);
insert into Wlasciciel (Id_wlasciciela, Id_adresu, Imie_wlasciciela, Nazwisko_wlasciciela, Plec_wlasciciela, PESEL_wlasciciela) values (155, 168, 'Heindrick', 'Eberst', 'M', 906956451);
insert into Wlasciciel (Id_wlasciciela, Id_adresu, Imie_wlasciciela, Nazwisko_wlasciciela, Plec_wlasciciela, PESEL_wlasciciela) values (156, 64, 'Aretha', 'Magnus', 'F', 966713962);
insert into Wlasciciel (Id_wlasciciela, Id_adresu, Imie_wlasciciela, Nazwisko_wlasciciela, Plec_wlasciciela, PESEL_wlasciciela) values (157, 44, 'Gael', 'Driver', 'M', 991938203);
insert into Wlasciciel (Id_wlasciciela, Id_adresu, Imie_wlasciciela, Nazwisko_wlasciciela, Plec_wlasciciela, PESEL_wlasciciela) values (158, 74, 'Melicent', 'Korneichik', 'F', 953621152);
insert into Wlasciciel (Id_wlasciciela, Id_adresu, Imie_wlasciciela, Nazwisko_wlasciciela, Plec_wlasciciela, PESEL_wlasciciela) values (159, 25, 'Clevie', 'Grishkov', 'M', 938865606);
insert into Wlasciciel (Id_wlasciciela, Id_adresu, Imie_wlasciciela, Nazwisko_wlasciciela, Plec_wlasciciela, PESEL_wlasciciela) values (160, 184, 'Heriberto', 'Darben', 'M', 932712828);
insert into Wlasciciel (Id_wlasciciela, Id_adresu, Imie_wlasciciela, Nazwisko_wlasciciela, Plec_wlasciciela, PESEL_wlasciciela) values (161, 36, 'Avery', 'Really', 'M', 924348566);
insert into Wlasciciel (Id_wlasciciela, Id_adresu, Imie_wlasciciela, Nazwisko_wlasciciela, Plec_wlasciciela, PESEL_wlasciciela) values (162, 52, 'Thurston', 'Borkin', 'M', 943731677);
insert into Wlasciciel (Id_wlasciciela, Id_adresu, Imie_wlasciciela, Nazwisko_wlasciciela, Plec_wlasciciela, PESEL_wlasciciela) values (163, 46, 'Ebeneser', 'Armatage', 'M', 968095632);
insert into Wlasciciel (Id_wlasciciela, Id_adresu, Imie_wlasciciela, Nazwisko_wlasciciela, Plec_wlasciciela, PESEL_wlasciciela) values (164, 149, 'Sileas', 'Broadway', 'F', 997870084);
insert into Wlasciciel (Id_wlasciciela, Id_adresu, Imie_wlasciciela, Nazwisko_wlasciciela, Plec_wlasciciela, PESEL_wlasciciela) values (165, 136, 'Nerty', 'Narramore', 'F', 936303402);
insert into Wlasciciel (Id_wlasciciela, Id_adresu, Imie_wlasciciela, Nazwisko_wlasciciela, Plec_wlasciciela, PESEL_wlasciciela) values (166, 153, 'Federica', 'Dalrymple', 'F', 911075262);
insert into Wlasciciel (Id_wlasciciela, Id_adresu, Imie_wlasciciela, Nazwisko_wlasciciela, Plec_wlasciciela, PESEL_wlasciciela) values (167, 39, 'Barr', 'Rawsthorne', 'M', 951624745);
insert into Wlasciciel (Id_wlasciciela, Id_adresu, Imie_wlasciciela, Nazwisko_wlasciciela, Plec_wlasciciela, PESEL_wlasciciela) values (168, 64, 'Urbain', 'Ball', 'M', 959578923);
insert into Wlasciciel (Id_wlasciciela, Id_adresu, Imie_wlasciciela, Nazwisko_wlasciciela, Plec_wlasciciela, PESEL_wlasciciela) values (169, 101, 'Addy', 'Segebrecht', 'F', 968078619);
insert into Wlasciciel (Id_wlasciciela, Id_adresu, Imie_wlasciciela, Nazwisko_wlasciciela, Plec_wlasciciela, PESEL_wlasciciela) values (170, 40, 'Colman', 'Birdwhistell', 'M', 964648538);
insert into Wlasciciel (Id_wlasciciela, Id_adresu, Imie_wlasciciela, Nazwisko_wlasciciela, Plec_wlasciciela, PESEL_wlasciciela) values (171, 162, 'Filip', 'Wordsworth', 'M', 963922356);
insert into Wlasciciel (Id_wlasciciela, Id_adresu, Imie_wlasciciela, Nazwisko_wlasciciela, Plec_wlasciciela, PESEL_wlasciciela) values (172, 11, 'Trixi', 'Mitie', 'F', 952925472);
insert into Wlasciciel (Id_wlasciciela, Id_adresu, Imie_wlasciciela, Nazwisko_wlasciciela, Plec_wlasciciela, PESEL_wlasciciela) values (173, 159, 'Von', 'Conor', 'M', 985324065);
insert into Wlasciciel (Id_wlasciciela, Id_adresu, Imie_wlasciciela, Nazwisko_wlasciciela, Plec_wlasciciela, PESEL_wlasciciela) values (174, 143, 'Lorenzo', 'Behnke', 'M', 924673908);
insert into Wlasciciel (Id_wlasciciela, Id_adresu, Imie_wlasciciela, Nazwisko_wlasciciela, Plec_wlasciciela, PESEL_wlasciciela) values (175, 94, 'Burnaby', 'Thomas', 'M', 963366728);
insert into Wlasciciel (Id_wlasciciela, Id_adresu, Imie_wlasciciela, Nazwisko_wlasciciela, Plec_wlasciciela, PESEL_wlasciciela) values (176, 32, 'Marie', 'Halfpenny', 'F', 994974473);
insert into Wlasciciel (Id_wlasciciela, Id_adresu, Imie_wlasciciela, Nazwisko_wlasciciela, Plec_wlasciciela, PESEL_wlasciciela) values (177, 28, 'Pail', 'Macvey', 'M', 986165929);
insert into Wlasciciel (Id_wlasciciela, Id_adresu, Imie_wlasciciela, Nazwisko_wlasciciela, Plec_wlasciciela, PESEL_wlasciciela) values (178, 71, 'Sallyann', 'Dangerfield', 'F', 930284370);
insert into Wlasciciel (Id_wlasciciela, Id_adresu, Imie_wlasciciela, Nazwisko_wlasciciela, Plec_wlasciciela, PESEL_wlasciciela) values (179, 159, 'Rebe', 'Zorzoni', 'F', 918411957);
insert into Wlasciciel (Id_wlasciciela, Id_adresu, Imie_wlasciciela, Nazwisko_wlasciciela, Plec_wlasciciela, PESEL_wlasciciela) values (180, 64, 'Mireielle', 'D''Andrea', 'F', 973503486);
insert into Wlasciciel (Id_wlasciciela, Id_adresu, Imie_wlasciciela, Nazwisko_wlasciciela, Plec_wlasciciela, PESEL_wlasciciela) values (181, 143, 'Rodolphe', 'Seiffert', 'M', 941421560);
insert into Wlasciciel (Id_wlasciciela, Id_adresu, Imie_wlasciciela, Nazwisko_wlasciciela, Plec_wlasciciela, PESEL_wlasciciela) values (182, 69, 'King', 'Blune', 'M', 900668937);
insert into Wlasciciel (Id_wlasciciela, Id_adresu, Imie_wlasciciela, Nazwisko_wlasciciela, Plec_wlasciciela, PESEL_wlasciciela) values (183, 149, 'Anissa', 'Zorn', 'F', 944113308);
insert into Wlasciciel (Id_wlasciciela, Id_adresu, Imie_wlasciciela, Nazwisko_wlasciciela, Plec_wlasciciela, PESEL_wlasciciela) values (184, 194, 'Shena', 'Gindghill', 'F', 901144482);
insert into Wlasciciel (Id_wlasciciela, Id_adresu, Imie_wlasciciela, Nazwisko_wlasciciela, Plec_wlasciciela, PESEL_wlasciciela) values (185, 37, 'Windham', 'Everill', 'M', 966574864);
insert into Wlasciciel (Id_wlasciciela, Id_adresu, Imie_wlasciciela, Nazwisko_wlasciciela, Plec_wlasciciela, PESEL_wlasciciela) values (186, 192, 'Joshuah', 'Ackroyd', 'M', 918562253);
insert into Wlasciciel (Id_wlasciciela, Id_adresu, Imie_wlasciciela, Nazwisko_wlasciciela, Plec_wlasciciela, PESEL_wlasciciela) values (187, 147, 'Vanna', 'Sieb', 'F', 913398310);
insert into Wlasciciel (Id_wlasciciela, Id_adresu, Imie_wlasciciela, Nazwisko_wlasciciela, Plec_wlasciciela, PESEL_wlasciciela) values (188, 151, 'Haskel', 'Tremoille', 'M', 933090927);
insert into Wlasciciel (Id_wlasciciela, Id_adresu, Imie_wlasciciela, Nazwisko_wlasciciela, Plec_wlasciciela, PESEL_wlasciciela) values (189, 88, 'Caitlin', 'Fillery', 'F', 999356869);
insert into Wlasciciel (Id_wlasciciela, Id_adresu, Imie_wlasciciela, Nazwisko_wlasciciela, Plec_wlasciciela, PESEL_wlasciciela) values (190, 84, 'Lissie', 'Bickers', 'F', 994421503);
insert into Wlasciciel (Id_wlasciciela, Id_adresu, Imie_wlasciciela, Nazwisko_wlasciciela, Plec_wlasciciela, PESEL_wlasciciela) values (191, 77, 'Sibyl', 'Capini', 'M', 914721908);
insert into Wlasciciel (Id_wlasciciela, Id_adresu, Imie_wlasciciela, Nazwisko_wlasciciela, Plec_wlasciciela, PESEL_wlasciciela) values (192, 56, 'Lemuel', 'Southby', 'M', 999864429);
insert into Wlasciciel (Id_wlasciciela, Id_adresu, Imie_wlasciciela, Nazwisko_wlasciciela, Plec_wlasciciela, PESEL_wlasciciela) values (193, 82, 'Thaine', 'Halewood', 'M', 974917220);
insert into Wlasciciel (Id_wlasciciela, Id_adresu, Imie_wlasciciela, Nazwisko_wlasciciela, Plec_wlasciciela, PESEL_wlasciciela) values (194, 125, 'Tina', 'Ewbanche', 'F', 955120023);
insert into Wlasciciel (Id_wlasciciela, Id_adresu, Imie_wlasciciela, Nazwisko_wlasciciela, Plec_wlasciciela, PESEL_wlasciciela) values (195, 141, 'Wye', 'Janman', 'M', 904791395);
insert into Wlasciciel (Id_wlasciciela, Id_adresu, Imie_wlasciciela, Nazwisko_wlasciciela, Plec_wlasciciela, PESEL_wlasciciela) values (196, 90, 'Gardy', 'Ogden', 'M', 965357920);
insert into Wlasciciel (Id_wlasciciela, Id_adresu, Imie_wlasciciela, Nazwisko_wlasciciela, Plec_wlasciciela, PESEL_wlasciciela) values (197, 156, 'Roy', 'Innis', 'M', 966958434);
insert into Wlasciciel (Id_wlasciciela, Id_adresu, Imie_wlasciciela, Nazwisko_wlasciciela, Plec_wlasciciela, PESEL_wlasciciela) values (198, 16, 'Sonia', 'Scragg', 'F', 965584678);
insert into Wlasciciel (Id_wlasciciela, Id_adresu, Imie_wlasciciela, Nazwisko_wlasciciela, Plec_wlasciciela, PESEL_wlasciciela) values (199, 105, 'Samson', 'Thorp', 'M', 957261117);
insert into Wlasciciel (Id_wlasciciela, Id_adresu, Imie_wlasciciela, Nazwisko_wlasciciela, Plec_wlasciciela, PESEL_wlasciciela) values (200, 13, 'Adey', 'Balhatchet', 'F', 906465108);
insert into Wlasciciel (Id_wlasciciela, Id_adresu, Imie_wlasciciela, Nazwisko_wlasciciela, Plec_wlasciciela, PESEL_wlasciciela) values (201, 165, 'Gussy', 'Sherebrooke', 'F', 962669749);
insert into Wlasciciel (Id_wlasciciela, Id_adresu, Imie_wlasciciela, Nazwisko_wlasciciela, Plec_wlasciciela, PESEL_wlasciciela) values (202, 65, 'Jaime', 'McAndrew', 'F', 939324614);
insert into Wlasciciel (Id_wlasciciela, Id_adresu, Imie_wlasciciela, Nazwisko_wlasciciela, Plec_wlasciciela, PESEL_wlasciciela) values (203, 179, 'Matthiew', 'Braganza', 'M', 995412996);
insert into Wlasciciel (Id_wlasciciela, Id_adresu, Imie_wlasciciela, Nazwisko_wlasciciela, Plec_wlasciciela, PESEL_wlasciciela) values (204, 53, 'Patty', 'Gerritzen', 'M', 961793144);
insert into Wlasciciel (Id_wlasciciela, Id_adresu, Imie_wlasciciela, Nazwisko_wlasciciela, Plec_wlasciciela, PESEL_wlasciciela) values (205, 184, 'Melinde', 'Orpwood', 'F', 946136721);
insert into Wlasciciel (Id_wlasciciela, Id_adresu, Imie_wlasciciela, Nazwisko_wlasciciela, Plec_wlasciciela, PESEL_wlasciciela) values (206, 183, 'Bonita', 'Cours', 'F', 990577837);
insert into Wlasciciel (Id_wlasciciela, Id_adresu, Imie_wlasciciela, Nazwisko_wlasciciela, Plec_wlasciciela, PESEL_wlasciciela) values (207, 153, 'Kaycee', 'Glasner', 'F', 934444054);
insert into Wlasciciel (Id_wlasciciela, Id_adresu, Imie_wlasciciela, Nazwisko_wlasciciela, Plec_wlasciciela, PESEL_wlasciciela) values (208, 177, 'Charla', 'Stiegers', 'F', 948726487);
insert into Wlasciciel (Id_wlasciciela, Id_adresu, Imie_wlasciciela, Nazwisko_wlasciciela, Plec_wlasciciela, PESEL_wlasciciela) values (209, 169, 'Fredia', 'Canada', 'F', 946600408);
insert into Wlasciciel (Id_wlasciciela, Id_adresu, Imie_wlasciciela, Nazwisko_wlasciciela, Plec_wlasciciela, PESEL_wlasciciela) values (210, 186, 'Elinor', 'Karleman', 'F', 907635797);
insert into Wlasciciel (Id_wlasciciela, Id_adresu, Imie_wlasciciela, Nazwisko_wlasciciela, Plec_wlasciciela, PESEL_wlasciciela) values (211, 164, 'Frans', 'Ash', 'M', 980028255);
insert into Wlasciciel (Id_wlasciciela, Id_adresu, Imie_wlasciciela, Nazwisko_wlasciciela, Plec_wlasciciela, PESEL_wlasciciela) values (212, 149, 'Bailie', 'Plumridge', 'M', 915717937);
insert into Wlasciciel (Id_wlasciciela, Id_adresu, Imie_wlasciciela, Nazwisko_wlasciciela, Plec_wlasciciela, PESEL_wlasciciela) values (213, 73, 'Juditha', 'Fasse', 'F', 993690111);
insert into Wlasciciel (Id_wlasciciela, Id_adresu, Imie_wlasciciela, Nazwisko_wlasciciela, Plec_wlasciciela, PESEL_wlasciciela) values (214, 76, 'Loella', 'Janicijevic', 'F', 941433785);
insert into Wlasciciel (Id_wlasciciela, Id_adresu, Imie_wlasciciela, Nazwisko_wlasciciela, Plec_wlasciciela, PESEL_wlasciciela) values (215, 51, 'Floyd', 'Conan', 'M', 982801535);
insert into Wlasciciel (Id_wlasciciela, Id_adresu, Imie_wlasciciela, Nazwisko_wlasciciela, Plec_wlasciciela, PESEL_wlasciciela) values (216, 94, 'Mellisent', 'Cuddehy', 'F', 971748930);
insert into Wlasciciel (Id_wlasciciela, Id_adresu, Imie_wlasciciela, Nazwisko_wlasciciela, Plec_wlasciciela, PESEL_wlasciciela) values (217, 140, 'Maurits', 'Jefferies', 'M', 992698140);
insert into Wlasciciel (Id_wlasciciela, Id_adresu, Imie_wlasciciela, Nazwisko_wlasciciela, Plec_wlasciciela, PESEL_wlasciciela) values (218, 85, 'Eldredge', 'Twallin', 'M', 964776495);
insert into Wlasciciel (Id_wlasciciela, Id_adresu, Imie_wlasciciela, Nazwisko_wlasciciela, Plec_wlasciciela, PESEL_wlasciciela) values (219, 139, 'Olly', 'Stobie', 'M', 952941029);
insert into Wlasciciel (Id_wlasciciela, Id_adresu, Imie_wlasciciela, Nazwisko_wlasciciela, Plec_wlasciciela, PESEL_wlasciciela) values (220, 48, 'Bryan', 'Demke', 'M', 935620877);
insert into Wlasciciel (Id_wlasciciela, Id_adresu, Imie_wlasciciela, Nazwisko_wlasciciela, Plec_wlasciciela, PESEL_wlasciciela) values (221, 42, 'Eduardo', 'Rubanenko', 'M', 986613889);
insert into Wlasciciel (Id_wlasciciela, Id_adresu, Imie_wlasciciela, Nazwisko_wlasciciela, Plec_wlasciciela, PESEL_wlasciciela) values (222, 107, 'Darb', 'McBeth', 'F', 931072440);
insert into Wlasciciel (Id_wlasciciela, Id_adresu, Imie_wlasciciela, Nazwisko_wlasciciela, Plec_wlasciciela, PESEL_wlasciciela) values (223, 83, 'Rriocard', 'Fonteyne', 'M', 954374132);
insert into Wlasciciel (Id_wlasciciela, Id_adresu, Imie_wlasciciela, Nazwisko_wlasciciela, Plec_wlasciciela, PESEL_wlasciciela) values (224, 25, 'Barde', 'Lenz', 'M', 969648025);
insert into Wlasciciel (Id_wlasciciela, Id_adresu, Imie_wlasciciela, Nazwisko_wlasciciela, Plec_wlasciciela, PESEL_wlasciciela) values (225, 32, 'Valry', 'Axe', 'F', 936723258);
insert into Wlasciciel (Id_wlasciciela, Id_adresu, Imie_wlasciciela, Nazwisko_wlasciciela, Plec_wlasciciela, PESEL_wlasciciela) values (226, 131, 'Hazel', 'Pinock', 'F', 948672825);
insert into Wlasciciel (Id_wlasciciela, Id_adresu, Imie_wlasciciela, Nazwisko_wlasciciela, Plec_wlasciciela, PESEL_wlasciciela) values (227, 20, 'Ogdan', 'Perrone', 'M', 979779992);
insert into Wlasciciel (Id_wlasciciela, Id_adresu, Imie_wlasciciela, Nazwisko_wlasciciela, Plec_wlasciciela, PESEL_wlasciciela) values (228, 124, 'Jodi', 'Reskelly', 'M', 994829421);
insert into Wlasciciel (Id_wlasciciela, Id_adresu, Imie_wlasciciela, Nazwisko_wlasciciela, Plec_wlasciciela, PESEL_wlasciciela) values (229, 173, 'Katine', 'Farebrother', 'F', 907339103);
insert into Wlasciciel (Id_wlasciciela, Id_adresu, Imie_wlasciciela, Nazwisko_wlasciciela, Plec_wlasciciela, PESEL_wlasciciela) values (230, 100, 'Melitta', 'Tebbe', 'F', 958115451);
insert into Wlasciciel (Id_wlasciciela, Id_adresu, Imie_wlasciciela, Nazwisko_wlasciciela, Plec_wlasciciela, PESEL_wlasciciela) values (231, 2, 'Tiena', 'Batisse', 'F', 942031876);
insert into Wlasciciel (Id_wlasciciela, Id_adresu, Imie_wlasciciela, Nazwisko_wlasciciela, Plec_wlasciciela, PESEL_wlasciciela) values (232, 115, 'Tammie', 'Neenan', 'F', 969267027);
insert into Wlasciciel (Id_wlasciciela, Id_adresu, Imie_wlasciciela, Nazwisko_wlasciciela, Plec_wlasciciela, PESEL_wlasciciela) values (233, 70, 'Thorsten', 'Clell', 'M', 947639004);
insert into Wlasciciel (Id_wlasciciela, Id_adresu, Imie_wlasciciela, Nazwisko_wlasciciela, Plec_wlasciciela, PESEL_wlasciciela) values (234, 112, 'Jake', 'Pippin', 'M', 938110264);
insert into Wlasciciel (Id_wlasciciela, Id_adresu, Imie_wlasciciela, Nazwisko_wlasciciela, Plec_wlasciciela, PESEL_wlasciciela) values (235, 85, 'Alva', 'Ayres', 'M', 911040479);
insert into Wlasciciel (Id_wlasciciela, Id_adresu, Imie_wlasciciela, Nazwisko_wlasciciela, Plec_wlasciciela, PESEL_wlasciciela) values (236, 200, 'Tabbitha', 'Keene', 'F', 971088773);
insert into Wlasciciel (Id_wlasciciela, Id_adresu, Imie_wlasciciela, Nazwisko_wlasciciela, Plec_wlasciciela, PESEL_wlasciciela) values (237, 30, 'Silvanus', 'Skermer', 'M', 974075092);
insert into Wlasciciel (Id_wlasciciela, Id_adresu, Imie_wlasciciela, Nazwisko_wlasciciela, Plec_wlasciciela, PESEL_wlasciciela) values (238, 42, 'Irita', 'Letford', 'F', 969690248);
insert into Wlasciciel (Id_wlasciciela, Id_adresu, Imie_wlasciciela, Nazwisko_wlasciciela, Plec_wlasciciela, PESEL_wlasciciela) values (239, 117, 'Rosella', 'Piddle', 'F', 986194800);
insert into Wlasciciel (Id_wlasciciela, Id_adresu, Imie_wlasciciela, Nazwisko_wlasciciela, Plec_wlasciciela, PESEL_wlasciciela) values (240, 125, 'Buddy', 'Aspin', 'M', 907583954);
insert into Wlasciciel (Id_wlasciciela, Id_adresu, Imie_wlasciciela, Nazwisko_wlasciciela, Plec_wlasciciela, PESEL_wlasciciela) values (241, 9, 'Shir', 'Lewin', 'F', 946590810);
insert into Wlasciciel (Id_wlasciciela, Id_adresu, Imie_wlasciciela, Nazwisko_wlasciciela, Plec_wlasciciela, PESEL_wlasciciela) values (242, 121, 'Yale', 'McHenry', 'M', 950879834);
insert into Wlasciciel (Id_wlasciciela, Id_adresu, Imie_wlasciciela, Nazwisko_wlasciciela, Plec_wlasciciela, PESEL_wlasciciela) values (243, 106, 'Jennie', 'Chaudret', 'F', 938017597);
insert into Wlasciciel (Id_wlasciciela, Id_adresu, Imie_wlasciciela, Nazwisko_wlasciciela, Plec_wlasciciela, PESEL_wlasciciela) values (244, 147, 'Bronnie', 'Breakspear', 'M', 909100916);
insert into Wlasciciel (Id_wlasciciela, Id_adresu, Imie_wlasciciela, Nazwisko_wlasciciela, Plec_wlasciciela, PESEL_wlasciciela) values (245, 131, 'Katharine', 'Denness', 'F', 999452609);
insert into Wlasciciel (Id_wlasciciela, Id_adresu, Imie_wlasciciela, Nazwisko_wlasciciela, Plec_wlasciciela, PESEL_wlasciciela) values (246, 43, 'Phelia', 'Petrovsky', 'F', 914817412);
insert into Wlasciciel (Id_wlasciciela, Id_adresu, Imie_wlasciciela, Nazwisko_wlasciciela, Plec_wlasciciela, PESEL_wlasciciela) values (247, 172, 'Horatius', 'Do', 'M', 923061788);
insert into Wlasciciel (Id_wlasciciela, Id_adresu, Imie_wlasciciela, Nazwisko_wlasciciela, Plec_wlasciciela, PESEL_wlasciciela) values (248, 44, 'Chan', 'Schneidar', 'M', 980277634);
insert into Wlasciciel (Id_wlasciciela, Id_adresu, Imie_wlasciciela, Nazwisko_wlasciciela, Plec_wlasciciela, PESEL_wlasciciela) values (249, 28, 'Alexis', 'Ledwidge', 'F', 924625629);
insert into Wlasciciel (Id_wlasciciela, Id_adresu, Imie_wlasciciela, Nazwisko_wlasciciela, Plec_wlasciciela, PESEL_wlasciciela) values (250, 152, 'Dru', 'Bonhomme', 'M', 925653912);
insert into Wlasciciel (Id_wlasciciela, Id_adresu, Imie_wlasciciela, Nazwisko_wlasciciela, Plec_wlasciciela, PESEL_wlasciciela) values (251, 127, 'Elvira', 'Ditts', 'F', 971177644);
insert into Wlasciciel (Id_wlasciciela, Id_adresu, Imie_wlasciciela, Nazwisko_wlasciciela, Plec_wlasciciela, PESEL_wlasciciela) values (252, 88, 'Blancha', 'Van den Velden', 'F', 969764330);
insert into Wlasciciel (Id_wlasciciela, Id_adresu, Imie_wlasciciela, Nazwisko_wlasciciela, Plec_wlasciciela, PESEL_wlasciciela) values (253, 174, 'Marwin', 'Kynman', 'M', 969305462);
insert into Wlasciciel (Id_wlasciciela, Id_adresu, Imie_wlasciciela, Nazwisko_wlasciciela, Plec_wlasciciela, PESEL_wlasciciela) values (254, 10, 'Greggory', 'Van Vuuren', 'M', 916577484);
insert into Wlasciciel (Id_wlasciciela, Id_adresu, Imie_wlasciciela, Nazwisko_wlasciciela, Plec_wlasciciela, PESEL_wlasciciela) values (255, 11, 'Rooney', 'Douberday', 'M', 914488822);
insert into Wlasciciel (Id_wlasciciela, Id_adresu, Imie_wlasciciela, Nazwisko_wlasciciela, Plec_wlasciciela, PESEL_wlasciciela) values (256, 173, 'Babb', 'Guitton', 'F', 991036905);
insert into Wlasciciel (Id_wlasciciela, Id_adresu, Imie_wlasciciela, Nazwisko_wlasciciela, Plec_wlasciciela, PESEL_wlasciciela) values (257, 72, 'Tommie', 'Agdahl', 'M', 972396183);
insert into Wlasciciel (Id_wlasciciela, Id_adresu, Imie_wlasciciela, Nazwisko_wlasciciela, Plec_wlasciciela, PESEL_wlasciciela) values (258, 42, 'Goddart', 'Janes', 'M', 911214337);
insert into Wlasciciel (Id_wlasciciela, Id_adresu, Imie_wlasciciela, Nazwisko_wlasciciela, Plec_wlasciciela, PESEL_wlasciciela) values (259, 170, 'Munroe', 'Dorie', 'M', 947213584);
insert into Wlasciciel (Id_wlasciciela, Id_adresu, Imie_wlasciciela, Nazwisko_wlasciciela, Plec_wlasciciela, PESEL_wlasciciela) values (260, 13, 'Saundra', 'Hatwells', 'M', 913038570);
insert into Wlasciciel (Id_wlasciciela, Id_adresu, Imie_wlasciciela, Nazwisko_wlasciciela, Plec_wlasciciela, PESEL_wlasciciela) values (261, 64, 'Haleigh', 'Lockyear', 'M', 931732047);
insert into Wlasciciel (Id_wlasciciela, Id_adresu, Imie_wlasciciela, Nazwisko_wlasciciela, Plec_wlasciciela, PESEL_wlasciciela) values (262, 185, 'Laurie', 'Knivett', 'F', 946410539);
insert into Wlasciciel (Id_wlasciciela, Id_adresu, Imie_wlasciciela, Nazwisko_wlasciciela, Plec_wlasciciela, PESEL_wlasciciela) values (263, 34, 'Corbet', 'Garie', 'M', 958500989);
insert into Wlasciciel (Id_wlasciciela, Id_adresu, Imie_wlasciciela, Nazwisko_wlasciciela, Plec_wlasciciela, PESEL_wlasciciela) values (264, 63, 'Burch', 'Ramelot', 'M', 914250588);
insert into Wlasciciel (Id_wlasciciela, Id_adresu, Imie_wlasciciela, Nazwisko_wlasciciela, Plec_wlasciciela, PESEL_wlasciciela) values (265, 65, 'Natalya', 'Breed', 'F', 956200753);
insert into Wlasciciel (Id_wlasciciela, Id_adresu, Imie_wlasciciela, Nazwisko_wlasciciela, Plec_wlasciciela, PESEL_wlasciciela) values (266, 69, 'Markus', 'Horwell', 'M', 919126998);
insert into Wlasciciel (Id_wlasciciela, Id_adresu, Imie_wlasciciela, Nazwisko_wlasciciela, Plec_wlasciciela, PESEL_wlasciciela) values (267, 102, 'Patti', 'Corbie', 'F', 948934368);
insert into Wlasciciel (Id_wlasciciela, Id_adresu, Imie_wlasciciela, Nazwisko_wlasciciela, Plec_wlasciciela, PESEL_wlasciciela) values (268, 104, 'Hall', 'Giovanizio', 'M', 959219619);
insert into Wlasciciel (Id_wlasciciela, Id_adresu, Imie_wlasciciela, Nazwisko_wlasciciela, Plec_wlasciciela, PESEL_wlasciciela) values (269, 72, 'Ingamar', 'Barracks', 'M', 960769376);
insert into Wlasciciel (Id_wlasciciela, Id_adresu, Imie_wlasciciela, Nazwisko_wlasciciela, Plec_wlasciciela, PESEL_wlasciciela) values (270, 153, 'Cicily', 'McCarrison', 'F', 906816252);
insert into Wlasciciel (Id_wlasciciela, Id_adresu, Imie_wlasciciela, Nazwisko_wlasciciela, Plec_wlasciciela, PESEL_wlasciciela) values (271, 33, 'Laina', 'Follos', 'F', 907744054);
insert into Wlasciciel (Id_wlasciciela, Id_adresu, Imie_wlasciciela, Nazwisko_wlasciciela, Plec_wlasciciela, PESEL_wlasciciela) values (272, 39, 'Robby', 'Sillars', 'M', 932760889);
insert into Wlasciciel (Id_wlasciciela, Id_adresu, Imie_wlasciciela, Nazwisko_wlasciciela, Plec_wlasciciela, PESEL_wlasciciela) values (273, 200, 'Gustie', 'Sorrell', 'F', 974285152);
insert into Wlasciciel (Id_wlasciciela, Id_adresu, Imie_wlasciciela, Nazwisko_wlasciciela, Plec_wlasciciela, PESEL_wlasciciela) values (274, 166, 'Arlette', 'Losbie', 'F', 901643807);
insert into Wlasciciel (Id_wlasciciela, Id_adresu, Imie_wlasciciela, Nazwisko_wlasciciela, Plec_wlasciciela, PESEL_wlasciciela) values (275, 37, 'Brucie', 'Grolmann', 'M', 965473512);
insert into Wlasciciel (Id_wlasciciela, Id_adresu, Imie_wlasciciela, Nazwisko_wlasciciela, Plec_wlasciciela, PESEL_wlasciciela) values (276, 31, 'Cherise', 'Brideaux', 'F', 947542337);
insert into Wlasciciel (Id_wlasciciela, Id_adresu, Imie_wlasciciela, Nazwisko_wlasciciela, Plec_wlasciciela, PESEL_wlasciciela) values (277, 124, 'Evan', 'Puddefoot', 'M', 918805732);
insert into Wlasciciel (Id_wlasciciela, Id_adresu, Imie_wlasciciela, Nazwisko_wlasciciela, Plec_wlasciciela, PESEL_wlasciciela) values (278, 14, 'Suzi', 'Bakeup', 'F', 901467215);
insert into Wlasciciel (Id_wlasciciela, Id_adresu, Imie_wlasciciela, Nazwisko_wlasciciela, Plec_wlasciciela, PESEL_wlasciciela) values (279, 125, 'Erwin', 'Ivoshin', 'M', 932022868);
insert into Wlasciciel (Id_wlasciciela, Id_adresu, Imie_wlasciciela, Nazwisko_wlasciciela, Plec_wlasciciela, PESEL_wlasciciela) values (280, 168, 'Ernesta', 'Cossom', 'F', 980676706);
insert into Wlasciciel (Id_wlasciciela, Id_adresu, Imie_wlasciciela, Nazwisko_wlasciciela, Plec_wlasciciela, PESEL_wlasciciela) values (281, 66, 'Orson', 'Ruilton', 'M', 945470309);
insert into Wlasciciel (Id_wlasciciela, Id_adresu, Imie_wlasciciela, Nazwisko_wlasciciela, Plec_wlasciciela, PESEL_wlasciciela) values (282, 24, 'Maggee', 'Bearcroft', 'F', 962645427);
insert into Wlasciciel (Id_wlasciciela, Id_adresu, Imie_wlasciciela, Nazwisko_wlasciciela, Plec_wlasciciela, PESEL_wlasciciela) values (283, 67, 'Adelaide', 'Lafuente', 'F', 994052199);
insert into Wlasciciel (Id_wlasciciela, Id_adresu, Imie_wlasciciela, Nazwisko_wlasciciela, Plec_wlasciciela, PESEL_wlasciciela) values (284, 87, 'Chas', 'Dingate', 'M', 958571359);
insert into Wlasciciel (Id_wlasciciela, Id_adresu, Imie_wlasciciela, Nazwisko_wlasciciela, Plec_wlasciciela, PESEL_wlasciciela) values (285, 12, 'Orly', 'Stanlike', 'F', 957697881);
insert into Wlasciciel (Id_wlasciciela, Id_adresu, Imie_wlasciciela, Nazwisko_wlasciciela, Plec_wlasciciela, PESEL_wlasciciela) values (286, 167, 'Vivi', 'Gauge', 'F', 953296302);
insert into Wlasciciel (Id_wlasciciela, Id_adresu, Imie_wlasciciela, Nazwisko_wlasciciela, Plec_wlasciciela, PESEL_wlasciciela) values (287, 44, 'Nial', 'Pull', 'M', 954762512);
insert into Wlasciciel (Id_wlasciciela, Id_adresu, Imie_wlasciciela, Nazwisko_wlasciciela, Plec_wlasciciela, PESEL_wlasciciela) values (288, 32, 'Jasmina', 'Brockie', 'F', 953357307);
insert into Wlasciciel (Id_wlasciciela, Id_adresu, Imie_wlasciciela, Nazwisko_wlasciciela, Plec_wlasciciela, PESEL_wlasciciela) values (289, 9, 'Berkeley', 'Beals', 'M', 978254321);
insert into Wlasciciel (Id_wlasciciela, Id_adresu, Imie_wlasciciela, Nazwisko_wlasciciela, Plec_wlasciciela, PESEL_wlasciciela) values (290, 102, 'Bendicty', 'Mephan', 'M', 925908531);
insert into Wlasciciel (Id_wlasciciela, Id_adresu, Imie_wlasciciela, Nazwisko_wlasciciela, Plec_wlasciciela, PESEL_wlasciciela) values (291, 126, 'Enrichetta', 'Farnfield', 'F', 945795456);
insert into Wlasciciel (Id_wlasciciela, Id_adresu, Imie_wlasciciela, Nazwisko_wlasciciela, Plec_wlasciciela, PESEL_wlasciciela) values (292, 119, 'Prudy', 'Ovenell', 'F', 905902117);
insert into Wlasciciel (Id_wlasciciela, Id_adresu, Imie_wlasciciela, Nazwisko_wlasciciela, Plec_wlasciciela, PESEL_wlasciciela) values (293, 6, 'Padgett', 'Gregon', 'M', 964667168);
insert into Wlasciciel (Id_wlasciciela, Id_adresu, Imie_wlasciciela, Nazwisko_wlasciciela, Plec_wlasciciela, PESEL_wlasciciela) values (294, 25, 'Noach', 'Llewelyn', 'M', 945842155);
insert into Wlasciciel (Id_wlasciciela, Id_adresu, Imie_wlasciciela, Nazwisko_wlasciciela, Plec_wlasciciela, PESEL_wlasciciela) values (295, 92, 'Tommy', 'Pontefract', 'F', 939933729);
insert into Wlasciciel (Id_wlasciciela, Id_adresu, Imie_wlasciciela, Nazwisko_wlasciciela, Plec_wlasciciela, PESEL_wlasciciela) values (296, 76, 'Fey', 'Brodeur', 'F', 968000787);
insert into Wlasciciel (Id_wlasciciela, Id_adresu, Imie_wlasciciela, Nazwisko_wlasciciela, Plec_wlasciciela, PESEL_wlasciciela) values (297, 97, 'Clay', 'Dodell', 'M', 904772736);
insert into Wlasciciel (Id_wlasciciela, Id_adresu, Imie_wlasciciela, Nazwisko_wlasciciela, Plec_wlasciciela, PESEL_wlasciciela) values (298, 48, 'Ricca', 'Greave', 'F', 946615066);
insert into Wlasciciel (Id_wlasciciela, Id_adresu, Imie_wlasciciela, Nazwisko_wlasciciela, Plec_wlasciciela, PESEL_wlasciciela) values (299, 109, 'Jorrie', 'Harce', 'F', 915532574);
insert into Wlasciciel (Id_wlasciciela, Id_adresu, Imie_wlasciciela, Nazwisko_wlasciciela, Plec_wlasciciela, PESEL_wlasciciela) values (300, 154, 'Waneta', 'Pash', 'F', 919257918);
insert into Wlasciciel (Id_wlasciciela, Id_adresu, Imie_wlasciciela, Nazwisko_wlasciciela, Plec_wlasciciela, PESEL_wlasciciela) values (301, 79, 'Christel', 'Crosetto', 'F', 923398616);
insert into Wlasciciel (Id_wlasciciela, Id_adresu, Imie_wlasciciela, Nazwisko_wlasciciela, Plec_wlasciciela, PESEL_wlasciciela) values (302, 33, 'Paola', 'Woliter', 'F', 901512931);
insert into Wlasciciel (Id_wlasciciela, Id_adresu, Imie_wlasciciela, Nazwisko_wlasciciela, Plec_wlasciciela, PESEL_wlasciciela) values (303, 76, 'Abigael', 'Gregorio', 'F', 983510242);
insert into Wlasciciel (Id_wlasciciela, Id_adresu, Imie_wlasciciela, Nazwisko_wlasciciela, Plec_wlasciciela, PESEL_wlasciciela) values (304, 58, 'Carlotta', 'Simco', 'F', 910047273);
insert into Wlasciciel (Id_wlasciciela, Id_adresu, Imie_wlasciciela, Nazwisko_wlasciciela, Plec_wlasciciela, PESEL_wlasciciela) values (305, 124, 'Nollie', 'Mennell', 'M', 936768980);
insert into Wlasciciel (Id_wlasciciela, Id_adresu, Imie_wlasciciela, Nazwisko_wlasciciela, Plec_wlasciciela, PESEL_wlasciciela) values (306, 14, 'Francisco', 'Odd', 'M', 967753347);
insert into Wlasciciel (Id_wlasciciela, Id_adresu, Imie_wlasciciela, Nazwisko_wlasciciela, Plec_wlasciciela, PESEL_wlasciciela) values (307, 123, 'Vyky', 'Greschik', 'F', 950128126);
insert into Wlasciciel (Id_wlasciciela, Id_adresu, Imie_wlasciciela, Nazwisko_wlasciciela, Plec_wlasciciela, PESEL_wlasciciela) values (308, 30, 'Delia', 'Zapatero', 'F', 919960726);
insert into Wlasciciel (Id_wlasciciela, Id_adresu, Imie_wlasciciela, Nazwisko_wlasciciela, Plec_wlasciciela, PESEL_wlasciciela) values (309, 108, 'Boycey', 'Saunton', 'M', 928365578);
insert into Wlasciciel (Id_wlasciciela, Id_adresu, Imie_wlasciciela, Nazwisko_wlasciciela, Plec_wlasciciela, PESEL_wlasciciela) values (310, 169, 'Brander', 'Pitsall', 'M', 938946662);
insert into Wlasciciel (Id_wlasciciela, Id_adresu, Imie_wlasciciela, Nazwisko_wlasciciela, Plec_wlasciciela, PESEL_wlasciciela) values (311, 123, 'Kamila', 'Sloyan', 'F', 906726611);
insert into Wlasciciel (Id_wlasciciela, Id_adresu, Imie_wlasciciela, Nazwisko_wlasciciela, Plec_wlasciciela, PESEL_wlasciciela) values (312, 10, 'Tristan', 'Guirard', 'M', 981705535);
insert into Wlasciciel (Id_wlasciciela, Id_adresu, Imie_wlasciciela, Nazwisko_wlasciciela, Plec_wlasciciela, PESEL_wlasciciela) values (313, 47, 'Alejoa', 'Deetlefs', 'M', 938028416);
insert into Wlasciciel (Id_wlasciciela, Id_adresu, Imie_wlasciciela, Nazwisko_wlasciciela, Plec_wlasciciela, PESEL_wlasciciela) values (314, 11, 'Dorice', 'Wimlett', 'F', 961953405);
insert into Wlasciciel (Id_wlasciciela, Id_adresu, Imie_wlasciciela, Nazwisko_wlasciciela, Plec_wlasciciela, PESEL_wlasciciela) values (315, 18, 'Arvin', 'Dosdill', 'M', 917725509);
insert into Wlasciciel (Id_wlasciciela, Id_adresu, Imie_wlasciciela, Nazwisko_wlasciciela, Plec_wlasciciela, PESEL_wlasciciela) values (316, 134, 'Krisha', 'Kislingbury', 'M', 905040223);
insert into Wlasciciel (Id_wlasciciela, Id_adresu, Imie_wlasciciela, Nazwisko_wlasciciela, Plec_wlasciciela, PESEL_wlasciciela) values (317, 166, 'Everett', 'Norcop', 'M', 925596484);
insert into Wlasciciel (Id_wlasciciela, Id_adresu, Imie_wlasciciela, Nazwisko_wlasciciela, Plec_wlasciciela, PESEL_wlasciciela) values (318, 185, 'Ambrosius', 'Dukes', 'M', 918137953);
insert into Wlasciciel (Id_wlasciciela, Id_adresu, Imie_wlasciciela, Nazwisko_wlasciciela, Plec_wlasciciela, PESEL_wlasciciela) values (319, 67, 'Julissa', 'Wixey', 'F', 944552581);
insert into Wlasciciel (Id_wlasciciela, Id_adresu, Imie_wlasciciela, Nazwisko_wlasciciela, Plec_wlasciciela, PESEL_wlasciciela) values (320, 23, 'Babs', 'Matej', 'F', 982583600);
insert into Wlasciciel (Id_wlasciciela, Id_adresu, Imie_wlasciciela, Nazwisko_wlasciciela, Plec_wlasciciela, PESEL_wlasciciela) values (321, 171, 'Brina', 'Salman', 'F', 970537314);
insert into Wlasciciel (Id_wlasciciela, Id_adresu, Imie_wlasciciela, Nazwisko_wlasciciela, Plec_wlasciciela, PESEL_wlasciciela) values (322, 146, 'Artemus', 'Atterley', 'M', 992966713);
insert into Wlasciciel (Id_wlasciciela, Id_adresu, Imie_wlasciciela, Nazwisko_wlasciciela, Plec_wlasciciela, PESEL_wlasciciela) values (323, 51, 'Constancia', 'Bastard', 'F', 958836384);
insert into Wlasciciel (Id_wlasciciela, Id_adresu, Imie_wlasciciela, Nazwisko_wlasciciela, Plec_wlasciciela, PESEL_wlasciciela) values (324, 22, 'Mathe', 'Normansell', 'M', 925669856);
insert into Wlasciciel (Id_wlasciciela, Id_adresu, Imie_wlasciciela, Nazwisko_wlasciciela, Plec_wlasciciela, PESEL_wlasciciela) values (325, 33, 'Moll', 'Maddrah', 'F', 930228456);
insert into Wlasciciel (Id_wlasciciela, Id_adresu, Imie_wlasciciela, Nazwisko_wlasciciela, Plec_wlasciciela, PESEL_wlasciciela) values (326, 32, 'Rickey', 'Steeden', 'M', 910044138);
insert into Wlasciciel (Id_wlasciciela, Id_adresu, Imie_wlasciciela, Nazwisko_wlasciciela, Plec_wlasciciela, PESEL_wlasciciela) values (327, 62, 'Fanchon', 'Sofe', 'F', 984988167);
insert into Wlasciciel (Id_wlasciciela, Id_adresu, Imie_wlasciciela, Nazwisko_wlasciciela, Plec_wlasciciela, PESEL_wlasciciela) values (328, 158, 'Steffi', 'Boyat', 'F', 909758054);
insert into Wlasciciel (Id_wlasciciela, Id_adresu, Imie_wlasciciela, Nazwisko_wlasciciela, Plec_wlasciciela, PESEL_wlasciciela) values (329, 21, 'Jessica', 'Lotwich', 'F', 977466442);
insert into Wlasciciel (Id_wlasciciela, Id_adresu, Imie_wlasciciela, Nazwisko_wlasciciela, Plec_wlasciciela, PESEL_wlasciciela) values (330, 196, 'Gisella', 'Goodhand', 'F', 958211469);
insert into Wlasciciel (Id_wlasciciela, Id_adresu, Imie_wlasciciela, Nazwisko_wlasciciela, Plec_wlasciciela, PESEL_wlasciciela) values (331, 156, 'Armin', 'Jehaes', 'M', 978263908);
insert into Wlasciciel (Id_wlasciciela, Id_adresu, Imie_wlasciciela, Nazwisko_wlasciciela, Plec_wlasciciela, PESEL_wlasciciela) values (332, 5, 'Kiel', 'Stripling', 'M', 994724403);
insert into Wlasciciel (Id_wlasciciela, Id_adresu, Imie_wlasciciela, Nazwisko_wlasciciela, Plec_wlasciciela, PESEL_wlasciciela) values (333, 197, 'Alameda', 'Plewman', 'F', 992922875);
insert into Wlasciciel (Id_wlasciciela, Id_adresu, Imie_wlasciciela, Nazwisko_wlasciciela, Plec_wlasciciela, PESEL_wlasciciela) values (334, 121, 'Angelita', 'Goggin', 'F', 989962911);
insert into Wlasciciel (Id_wlasciciela, Id_adresu, Imie_wlasciciela, Nazwisko_wlasciciela, Plec_wlasciciela, PESEL_wlasciciela) values (335, 107, 'Vincents', 'Kleiser', 'M', 929625566);
insert into Wlasciciel (Id_wlasciciela, Id_adresu, Imie_wlasciciela, Nazwisko_wlasciciela, Plec_wlasciciela, PESEL_wlasciciela) values (336, 33, 'Tammie', 'Filippucci', 'M', 903313437);
insert into Wlasciciel (Id_wlasciciela, Id_adresu, Imie_wlasciciela, Nazwisko_wlasciciela, Plec_wlasciciela, PESEL_wlasciciela) values (337, 139, 'Marietta', 'Glauber', 'M', 907909135);
insert into Wlasciciel (Id_wlasciciela, Id_adresu, Imie_wlasciciela, Nazwisko_wlasciciela, Plec_wlasciciela, PESEL_wlasciciela) values (338, 113, 'Renado', 'Cammoile', 'M', 908749499);
insert into Wlasciciel (Id_wlasciciela, Id_adresu, Imie_wlasciciela, Nazwisko_wlasciciela, Plec_wlasciciela, PESEL_wlasciciela) values (339, 161, 'Karyl', 'Broster', 'F', 921113585);
insert into Wlasciciel (Id_wlasciciela, Id_adresu, Imie_wlasciciela, Nazwisko_wlasciciela, Plec_wlasciciela, PESEL_wlasciciela) values (340, 123, 'Isak', 'Garlett', 'M', 928515380);
insert into Wlasciciel (Id_wlasciciela, Id_adresu, Imie_wlasciciela, Nazwisko_wlasciciela, Plec_wlasciciela, PESEL_wlasciciela) values (341, 133, 'Bing', 'Woolatt', 'M', 967987962);
insert into Wlasciciel (Id_wlasciciela, Id_adresu, Imie_wlasciciela, Nazwisko_wlasciciela, Plec_wlasciciela, PESEL_wlasciciela) values (342, 151, 'Benton', 'Duchesne', 'M', 904130544);
insert into Wlasciciel (Id_wlasciciela, Id_adresu, Imie_wlasciciela, Nazwisko_wlasciciela, Plec_wlasciciela, PESEL_wlasciciela) values (343, 186, 'Rosemonde', 'Scarffe', 'F', 921483963);
insert into Wlasciciel (Id_wlasciciela, Id_adresu, Imie_wlasciciela, Nazwisko_wlasciciela, Plec_wlasciciela, PESEL_wlasciciela) values (344, 200, 'Aundrea', 'Points', 'F', 930849344);
insert into Wlasciciel (Id_wlasciciela, Id_adresu, Imie_wlasciciela, Nazwisko_wlasciciela, Plec_wlasciciela, PESEL_wlasciciela) values (345, 50, 'Josefa', 'Layland', 'F', 912560643);
insert into Wlasciciel (Id_wlasciciela, Id_adresu, Imie_wlasciciela, Nazwisko_wlasciciela, Plec_wlasciciela, PESEL_wlasciciela) values (346, 161, 'Thaxter', 'McHardy', 'M', 922002941);
insert into Wlasciciel (Id_wlasciciela, Id_adresu, Imie_wlasciciela, Nazwisko_wlasciciela, Plec_wlasciciela, PESEL_wlasciciela) values (347, 146, 'Marten', 'Sacaze', 'M', 954627510);
insert into Wlasciciel (Id_wlasciciela, Id_adresu, Imie_wlasciciela, Nazwisko_wlasciciela, Plec_wlasciciela, PESEL_wlasciciela) values (348, 149, 'Linnet', 'Pastor', 'F', 992543568);
insert into Wlasciciel (Id_wlasciciela, Id_adresu, Imie_wlasciciela, Nazwisko_wlasciciela, Plec_wlasciciela, PESEL_wlasciciela) values (349, 20, 'Cristi', 'Leidecker', 'F', 971209460);
insert into Wlasciciel (Id_wlasciciela, Id_adresu, Imie_wlasciciela, Nazwisko_wlasciciela, Plec_wlasciciela, PESEL_wlasciciela) values (350, 54, 'Jeniece', 'Soggee', 'F', 982148230);
insert into Wlasciciel (Id_wlasciciela, Id_adresu, Imie_wlasciciela, Nazwisko_wlasciciela, Plec_wlasciciela, PESEL_wlasciciela) values (351, 69, 'Gray', 'Swinburne', 'M', 972301378);
insert into Wlasciciel (Id_wlasciciela, Id_adresu, Imie_wlasciciela, Nazwisko_wlasciciela, Plec_wlasciciela, PESEL_wlasciciela) values (352, 197, 'Lavinia', 'Paschek', 'F', 993170347);
insert into Wlasciciel (Id_wlasciciela, Id_adresu, Imie_wlasciciela, Nazwisko_wlasciciela, Plec_wlasciciela, PESEL_wlasciciela) values (353, 81, 'Ruby', 'Potteridge', 'F', 900514596);
insert into Wlasciciel (Id_wlasciciela, Id_adresu, Imie_wlasciciela, Nazwisko_wlasciciela, Plec_wlasciciela, PESEL_wlasciciela) values (354, 29, 'Milena', 'Brewitt', 'F', 976995271);
insert into Wlasciciel (Id_wlasciciela, Id_adresu, Imie_wlasciciela, Nazwisko_wlasciciela, Plec_wlasciciela, PESEL_wlasciciela) values (355, 157, 'Michael', 'Lurcock', 'M', 921204964);
insert into Wlasciciel (Id_wlasciciela, Id_adresu, Imie_wlasciciela, Nazwisko_wlasciciela, Plec_wlasciciela, PESEL_wlasciciela) values (356, 147, 'Arnuad', 'Martignon', 'M', 907577513);
insert into Wlasciciel (Id_wlasciciela, Id_adresu, Imie_wlasciciela, Nazwisko_wlasciciela, Plec_wlasciciela, PESEL_wlasciciela) values (357, 152, 'Archer', 'Jorissen', 'M', 917507592);
insert into Wlasciciel (Id_wlasciciela, Id_adresu, Imie_wlasciciela, Nazwisko_wlasciciela, Plec_wlasciciela, PESEL_wlasciciela) values (358, 53, 'Evelin', 'Niche', 'M', 925978634);
insert into Wlasciciel (Id_wlasciciela, Id_adresu, Imie_wlasciciela, Nazwisko_wlasciciela, Plec_wlasciciela, PESEL_wlasciciela) values (359, 59, 'Zorah', 'Benka', 'F', 933947943);
insert into Wlasciciel (Id_wlasciciela, Id_adresu, Imie_wlasciciela, Nazwisko_wlasciciela, Plec_wlasciciela, PESEL_wlasciciela) values (360, 41, 'Dougy', 'Kedslie', 'M', 939043150);
insert into Wlasciciel (Id_wlasciciela, Id_adresu, Imie_wlasciciela, Nazwisko_wlasciciela, Plec_wlasciciela, PESEL_wlasciciela) values (361, 50, 'Gerry', 'Musterd', 'M', 915242613);
insert into Wlasciciel (Id_wlasciciela, Id_adresu, Imie_wlasciciela, Nazwisko_wlasciciela, Plec_wlasciciela, PESEL_wlasciciela) values (362, 172, 'Adriena', 'Beckensall', 'F', 926286157);
insert into Wlasciciel (Id_wlasciciela, Id_adresu, Imie_wlasciciela, Nazwisko_wlasciciela, Plec_wlasciciela, PESEL_wlasciciela) values (363, 123, 'Parry', 'Mccaull', 'M', 999036041);
insert into Wlasciciel (Id_wlasciciela, Id_adresu, Imie_wlasciciela, Nazwisko_wlasciciela, Plec_wlasciciela, PESEL_wlasciciela) values (364, 190, 'Brodie', 'Praten', 'M', 935091247);
insert into Wlasciciel (Id_wlasciciela, Id_adresu, Imie_wlasciciela, Nazwisko_wlasciciela, Plec_wlasciciela, PESEL_wlasciciela) values (365, 117, 'Querida', 'Devereux', 'F', 919798845);
insert into Wlasciciel (Id_wlasciciela, Id_adresu, Imie_wlasciciela, Nazwisko_wlasciciela, Plec_wlasciciela, PESEL_wlasciciela) values (366, 88, 'Carce', 'Capeling', 'M', 958311058);
insert into Wlasciciel (Id_wlasciciela, Id_adresu, Imie_wlasciciela, Nazwisko_wlasciciela, Plec_wlasciciela, PESEL_wlasciciela) values (367, 168, 'Newton', 'Hennemann', 'M', 963407645);
insert into Wlasciciel (Id_wlasciciela, Id_adresu, Imie_wlasciciela, Nazwisko_wlasciciela, Plec_wlasciciela, PESEL_wlasciciela) values (368, 11, 'Heddie', 'Tempest', 'F', 910425755);
insert into Wlasciciel (Id_wlasciciela, Id_adresu, Imie_wlasciciela, Nazwisko_wlasciciela, Plec_wlasciciela, PESEL_wlasciciela) values (369, 162, 'Ynes', 'Van Leeuwen', 'F', 957617579);
insert into Wlasciciel (Id_wlasciciela, Id_adresu, Imie_wlasciciela, Nazwisko_wlasciciela, Plec_wlasciciela, PESEL_wlasciciela) values (370, 67, 'Weider', 'Hargey', 'M', 907691626);
insert into Wlasciciel (Id_wlasciciela, Id_adresu, Imie_wlasciciela, Nazwisko_wlasciciela, Plec_wlasciciela, PESEL_wlasciciela) values (371, 190, 'Thorny', 'Manis', 'M', 981004743);
insert into Wlasciciel (Id_wlasciciela, Id_adresu, Imie_wlasciciela, Nazwisko_wlasciciela, Plec_wlasciciela, PESEL_wlasciciela) values (372, 121, 'Rozanne', 'Rubinowitch', 'F', 901945920);
insert into Wlasciciel (Id_wlasciciela, Id_adresu, Imie_wlasciciela, Nazwisko_wlasciciela, Plec_wlasciciela, PESEL_wlasciciela) values (373, 102, 'Blayne', 'Draper', 'M', 944066725);
insert into Wlasciciel (Id_wlasciciela, Id_adresu, Imie_wlasciciela, Nazwisko_wlasciciela, Plec_wlasciciela, PESEL_wlasciciela) values (374, 70, 'Darill', 'Ashdown', 'M', 909533873);
insert into Wlasciciel (Id_wlasciciela, Id_adresu, Imie_wlasciciela, Nazwisko_wlasciciela, Plec_wlasciciela, PESEL_wlasciciela) values (375, 189, 'Orlando', 'Gino', 'M', 944463201);
insert into Wlasciciel (Id_wlasciciela, Id_adresu, Imie_wlasciciela, Nazwisko_wlasciciela, Plec_wlasciciela, PESEL_wlasciciela) values (376, 120, 'Brook', 'Dewar', 'M', 943012918);
insert into Wlasciciel (Id_wlasciciela, Id_adresu, Imie_wlasciciela, Nazwisko_wlasciciela, Plec_wlasciciela, PESEL_wlasciciela) values (377, 80, 'Sly', 'Chivers', 'M', 966633276);
insert into Wlasciciel (Id_wlasciciela, Id_adresu, Imie_wlasciciela, Nazwisko_wlasciciela, Plec_wlasciciela, PESEL_wlasciciela) values (378, 7, 'Archibold', 'Bramwell', 'M', 992418242);
insert into Wlasciciel (Id_wlasciciela, Id_adresu, Imie_wlasciciela, Nazwisko_wlasciciela, Plec_wlasciciela, PESEL_wlasciciela) values (379, 69, 'Krystalle', 'Caulton', 'F', 971397187);
insert into Wlasciciel (Id_wlasciciela, Id_adresu, Imie_wlasciciela, Nazwisko_wlasciciela, Plec_wlasciciela, PESEL_wlasciciela) values (380, 43, 'Karalynn', 'Winslet', 'F', 997895825);
insert into Wlasciciel (Id_wlasciciela, Id_adresu, Imie_wlasciciela, Nazwisko_wlasciciela, Plec_wlasciciela, PESEL_wlasciciela) values (381, 121, 'Rafi', 'Bleasby', 'M', 960048094);
insert into Wlasciciel (Id_wlasciciela, Id_adresu, Imie_wlasciciela, Nazwisko_wlasciciela, Plec_wlasciciela, PESEL_wlasciciela) values (382, 76, 'Merla', 'Mooney', 'F', 989559148);
insert into Wlasciciel (Id_wlasciciela, Id_adresu, Imie_wlasciciela, Nazwisko_wlasciciela, Plec_wlasciciela, PESEL_wlasciciela) values (383, 35, 'Clementia', 'Ruffy', 'F', 998452385);
insert into Wlasciciel (Id_wlasciciela, Id_adresu, Imie_wlasciciela, Nazwisko_wlasciciela, Plec_wlasciciela, PESEL_wlasciciela) values (384, 160, 'Karlens', 'Ockenden', 'M', 986070641);
insert into Wlasciciel (Id_wlasciciela, Id_adresu, Imie_wlasciciela, Nazwisko_wlasciciela, Plec_wlasciciela, PESEL_wlasciciela) values (385, 169, 'Sherline', 'Seeger', 'F', 904509510);
insert into Wlasciciel (Id_wlasciciela, Id_adresu, Imie_wlasciciela, Nazwisko_wlasciciela, Plec_wlasciciela, PESEL_wlasciciela) values (386, 81, 'Maurits', 'Mullarkey', 'M', 916347271);
insert into Wlasciciel (Id_wlasciciela, Id_adresu, Imie_wlasciciela, Nazwisko_wlasciciela, Plec_wlasciciela, PESEL_wlasciciela) values (387, 149, 'Katey', 'Pring', 'F', 997202546);
insert into Wlasciciel (Id_wlasciciela, Id_adresu, Imie_wlasciciela, Nazwisko_wlasciciela, Plec_wlasciciela, PESEL_wlasciciela) values (388, 12, 'Webster', 'Randalston', 'M', 962681593);
insert into Wlasciciel (Id_wlasciciela, Id_adresu, Imie_wlasciciela, Nazwisko_wlasciciela, Plec_wlasciciela, PESEL_wlasciciela) values (389, 40, 'Karen', 'Clemo', 'F', 931180625);
insert into Wlasciciel (Id_wlasciciela, Id_adresu, Imie_wlasciciela, Nazwisko_wlasciciela, Plec_wlasciciela, PESEL_wlasciciela) values (390, 48, 'Preston', 'Darmody', 'M', 929177238);
insert into Wlasciciel (Id_wlasciciela, Id_adresu, Imie_wlasciciela, Nazwisko_wlasciciela, Plec_wlasciciela, PESEL_wlasciciela) values (391, 83, 'Sylvan', 'Mecchi', 'M', 923896369);
insert into Wlasciciel (Id_wlasciciela, Id_adresu, Imie_wlasciciela, Nazwisko_wlasciciela, Plec_wlasciciela, PESEL_wlasciciela) values (392, 16, 'Maury', 'Goor', 'M', 923062459);
insert into Wlasciciel (Id_wlasciciela, Id_adresu, Imie_wlasciciela, Nazwisko_wlasciciela, Plec_wlasciciela, PESEL_wlasciciela) values (393, 138, 'Kora', 'Fensome', 'F', 980508514);
insert into Wlasciciel (Id_wlasciciela, Id_adresu, Imie_wlasciciela, Nazwisko_wlasciciela, Plec_wlasciciela, PESEL_wlasciciela) values (394, 159, 'Ingar', 'Millar', 'M', 960395035);
insert into Wlasciciel (Id_wlasciciela, Id_adresu, Imie_wlasciciela, Nazwisko_wlasciciela, Plec_wlasciciela, PESEL_wlasciciela) values (395, 140, 'Catlaina', 'Huntington', 'F', 999944907);
insert into Wlasciciel (Id_wlasciciela, Id_adresu, Imie_wlasciciela, Nazwisko_wlasciciela, Plec_wlasciciela, PESEL_wlasciciela) values (396, 14, 'Marcy', 'Gubbins', 'F', 993897000);
insert into Wlasciciel (Id_wlasciciela, Id_adresu, Imie_wlasciciela, Nazwisko_wlasciciela, Plec_wlasciciela, PESEL_wlasciciela) values (397, 162, 'Merci', 'Bassindale', 'F', 966806499);
insert into Wlasciciel (Id_wlasciciela, Id_adresu, Imie_wlasciciela, Nazwisko_wlasciciela, Plec_wlasciciela, PESEL_wlasciciela) values (398, 178, 'Carl', 'Johns', 'M', 984745002);
insert into Wlasciciel (Id_wlasciciela, Id_adresu, Imie_wlasciciela, Nazwisko_wlasciciela, Plec_wlasciciela, PESEL_wlasciciela) values (399, 11, 'Norah', 'Ismirnioglou', 'F', 938130663);
insert into Wlasciciel (Id_wlasciciela, Id_adresu, Imie_wlasciciela, Nazwisko_wlasciciela, Plec_wlasciciela, PESEL_wlasciciela) values (400, 78, 'Chantal', 'MacMoyer', 'F', 942070810);
insert into Oddzialy (Id_oddzialu, Nazwa_oddzialu, Id_adresu_oddzialu) values (1, 'neque aenean', 191);
insert into Oddzialy (Id_oddzialu, Nazwa_oddzialu, Id_adresu_oddzialu) values (2, 'congue eget semper', 182);
insert into Oddzialy (Id_oddzialu, Nazwa_oddzialu, Id_adresu_oddzialu) values (3, 'nulla facilisi cras', 143);
insert into Oddzialy (Id_oddzialu, Nazwa_oddzialu, Id_adresu_oddzialu) values (4, 'diam cras pellentesque volutpat', 57);
insert into Oddzialy (Id_oddzialu, Nazwa_oddzialu, Id_adresu_oddzialu) values (5, 'purus sit', 38);
insert into Oddzialy (Id_oddzialu, Nazwa_oddzialu, Id_adresu_oddzialu) values (6, 'ac tellus semper interdum', 186);
insert into Oddzialy (Id_oddzialu, Nazwa_oddzialu, Id_adresu_oddzialu) values (7, 'morbi sem', 26);
insert into Oddzialy (Id_oddzialu, Nazwa_oddzialu, Id_adresu_oddzialu) values (8, 'vel augue vestibulum rutrum', 145);
insert into Oddzialy (Id_oddzialu, Nazwa_oddzialu, Id_adresu_oddzialu) values (9, 'proin interdum', 93);
insert into Oddzialy (Id_oddzialu, Nazwa_oddzialu, Id_adresu_oddzialu) values (10, 'orci luctus et ultrices', 77);
insert into Oddzialy (Id_oddzialu, Nazwa_oddzialu, Id_adresu_oddzialu) values (11, 'ut dolor morbi vel', 69);
insert into Oddzialy (Id_oddzialu, Nazwa_oddzialu, Id_adresu_oddzialu) values (12, 'eget tincidunt', 163);
insert into Oddzialy (Id_oddzialu, Nazwa_oddzialu, Id_adresu_oddzialu) values (13, 'integer non', 153);
insert into Oddzialy (Id_oddzialu, Nazwa_oddzialu, Id_adresu_oddzialu) values (14, 'sapien quis libero nullam', 65);
insert into Oddzialy (Id_oddzialu, Nazwa_oddzialu, Id_adresu_oddzialu) values (15, 'ut nulla sed accumsan', 48);
insert into Oddzialy (Id_oddzialu, Nazwa_oddzialu, Id_adresu_oddzialu) values (16, 'amet erat nulla', 145);
insert into Oddzialy (Id_oddzialu, Nazwa_oddzialu, Id_adresu_oddzialu) values (17, 'amet turpis elementum ligula', 100);
insert into Oddzialy (Id_oddzialu, Nazwa_oddzialu, Id_adresu_oddzialu) values (18, 'maecenas leo odio', 184);
insert into Oddzialy (Id_oddzialu, Nazwa_oddzialu, Id_adresu_oddzialu) values (19, 'gravida sem praesent', 186);
insert into Oddzialy (Id_oddzialu, Nazwa_oddzialu, Id_adresu_oddzialu) values (20, 'quisque porta volutpat erat', 122);
insert into Oddzialy (Id_oddzialu, Nazwa_oddzialu, Id_adresu_oddzialu) values (21, 'duis bibendum felis', 125);
insert into Oddzialy (Id_oddzialu, Nazwa_oddzialu, Id_adresu_oddzialu) values (22, 'cursus vestibulum proin', 59);
insert into Oddzialy (Id_oddzialu, Nazwa_oddzialu, Id_adresu_oddzialu) values (23, 'enim sit', 100);
insert into Oddzialy (Id_oddzialu, Nazwa_oddzialu, Id_adresu_oddzialu) values (24, 'rhoncus dui vel sem', 120);
insert into Oddzialy (Id_oddzialu, Nazwa_oddzialu, Id_adresu_oddzialu) values (25, 'eros suspendisse', 114);
insert into Oddzialy (Id_oddzialu, Nazwa_oddzialu, Id_adresu_oddzialu) values (26, 'ipsum primis', 196);
insert into Oddzialy (Id_oddzialu, Nazwa_oddzialu, Id_adresu_oddzialu) values (27, 'tortor duis mattis egestas', 87);
insert into Oddzialy (Id_oddzialu, Nazwa_oddzialu, Id_adresu_oddzialu) values (28, 'sit amet', 164);
insert into Oddzialy (Id_oddzialu, Nazwa_oddzialu, Id_adresu_oddzialu) values (29, 'odio porttitor id consequat', 44);
insert into Oddzialy (Id_oddzialu, Nazwa_oddzialu, Id_adresu_oddzialu) values (30, 'integer tincidunt', 5);
insert into Oddzialy (Id_oddzialu, Nazwa_oddzialu, Id_adresu_oddzialu) values (31, 'ut tellus', 1);
insert into Oddzialy (Id_oddzialu, Nazwa_oddzialu, Id_adresu_oddzialu) values (32, 'tempor convallis nulla', 148);
insert into Oddzialy (Id_oddzialu, Nazwa_oddzialu, Id_adresu_oddzialu) values (33, 'proin eu mi nulla', 106);
insert into Oddzialy (Id_oddzialu, Nazwa_oddzialu, Id_adresu_oddzialu) values (34, 'nonummy integer', 100);
insert into Oddzialy (Id_oddzialu, Nazwa_oddzialu, Id_adresu_oddzialu) values (35, 'lorem quisque', 154);
insert into Oddzialy (Id_oddzialu, Nazwa_oddzialu, Id_adresu_oddzialu) values (36, 'amet justo', 57);
insert into Oddzialy (Id_oddzialu, Nazwa_oddzialu, Id_adresu_oddzialu) values (37, 'pellentesque volutpat dui', 130);
insert into Oddzialy (Id_oddzialu, Nazwa_oddzialu, Id_adresu_oddzialu) values (38, 'orci luctus et', 34);
insert into Oddzialy (Id_oddzialu, Nazwa_oddzialu, Id_adresu_oddzialu) values (39, 'phasellus id sapien in', 150);
insert into Oddzialy (Id_oddzialu, Nazwa_oddzialu, Id_adresu_oddzialu) values (40, 'sit amet justo morbi', 189);
insert into Oddzialy (Id_oddzialu, Nazwa_oddzialu, Id_adresu_oddzialu) values (41, 'cubilia curae donec', 128);
insert into Oddzialy (Id_oddzialu, Nazwa_oddzialu, Id_adresu_oddzialu) values (42, 'a suscipit', 168);
insert into Oddzialy (Id_oddzialu, Nazwa_oddzialu, Id_adresu_oddzialu) values (43, 'luctus tincidunt', 158);
insert into Oddzialy (Id_oddzialu, Nazwa_oddzialu, Id_adresu_oddzialu) values (44, 'metus sapien ut nunc', 79);
insert into Oddzialy (Id_oddzialu, Nazwa_oddzialu, Id_adresu_oddzialu) values (45, 'vestibulum rutrum rutrum', 191);
insert into Oddzialy (Id_oddzialu, Nazwa_oddzialu, Id_adresu_oddzialu) values (46, 'sagittis dui vel', 152);
insert into Oddzialy (Id_oddzialu, Nazwa_oddzialu, Id_adresu_oddzialu) values (47, 'morbi ut odio cras', 164);
insert into Oddzialy (Id_oddzialu, Nazwa_oddzialu, Id_adresu_oddzialu) values (48, 'tellus in sagittis', 133);
insert into Oddzialy (Id_oddzialu, Nazwa_oddzialu, Id_adresu_oddzialu) values (49, 'maecenas tincidunt', 83);
insert into Oddzialy (Id_oddzialu, Nazwa_oddzialu, Id_adresu_oddzialu) values (50, 'sapien quis', 154);
insert into Rachunek (Id_rachunku, Id_wlasciciela, Data_zalozenia, Saldo, Nr_rachunku) values (1, 1, DATE '2014-09-15', 43213.36, 'MD68 UKX6 J6EE 7DID YVKN 4URN');
insert into Rachunek (Id_rachunku, Id_wlasciciela, Data_zalozenia, Saldo, Nr_rachunku) values (2, 2, DATE '2016-02-26', 3625.11, 'BA14 3149 1691 2385 6508');
insert into Rachunek (Id_rachunku, Id_wlasciciela, Data_zalozenia, Saldo, Nr_rachunku) values (3, 3, DATE '2010-01-21', 8780.99, 'AE65 9543 0573 4499 9041 558');
insert into Rachunek (Id_rachunku, Id_wlasciciela, Data_zalozenia, Saldo, Nr_rachunku) values (4, 4, DATE '1997-03-01', 15597.65, 'FR98 4687 0693 32SI KRH9 FYPQ 741');
insert into Rachunek (Id_rachunku, Id_wlasciciela, Data_zalozenia, Saldo, Nr_rachunku) values (5, 5, DATE '1997-10-06', 30059.22, 'LU78 947P 3FD8 OEDO YH5R');
insert into Rachunek (Id_rachunku, Id_wlasciciela, Data_zalozenia, Saldo, Nr_rachunku) values (6, 6, DATE '1998-06-09', 25417.25, 'MK89 0109 3E4E TL1X H68');
insert into Rachunek (Id_rachunku, Id_wlasciciela, Data_zalozenia, Saldo, Nr_rachunku) values (7, 7, DATE '2003-03-08', 77016.9, 'FR60 8330 0260 54KO XANK ZGO1 K85');
insert into Rachunek (Id_rachunku, Id_wlasciciela, Data_zalozenia, Saldo, Nr_rachunku) values (8, 8, DATE '1992-06-19', 57883.02, 'SM34 B388 9937 481T S9N7 HGWR IQ2');
insert into Rachunek (Id_rachunku, Id_wlasciciela, Data_zalozenia, Saldo, Nr_rachunku) values (9, 9, DATE '2012-07-28', 64142.19, 'GR45 8582 993E QYPB NVHT XOBK VXU');
insert into Rachunek (Id_rachunku, Id_wlasciciela, Data_zalozenia, Saldo, Nr_rachunku) values (10, 10, DATE '2019-05-19', 19508.4, 'FR64 8037 6124 85SG 6EEQ F2GC 205');
insert into Rachunek (Id_rachunku, Id_wlasciciela, Data_zalozenia, Saldo, Nr_rachunku) values (11, 11, DATE '2019-07-27', 80786.09, 'SK37 5296 9075 4069 9914 7453');
insert into Rachunek (Id_rachunku, Id_wlasciciela, Data_zalozenia, Saldo, Nr_rachunku) values (12, 12, DATE '2004-11-07', 70586.29, 'BA94 0326 1265 4358 1365');
insert into Rachunek (Id_rachunku, Id_wlasciciela, Data_zalozenia, Saldo, Nr_rachunku) values (13, 13, DATE '2001-03-23', 34874.59, 'FR80 3144 9727 95AR 2NYI HP4P F16');
insert into Rachunek (Id_rachunku, Id_wlasciciela, Data_zalozenia, Saldo, Nr_rachunku) values (14, 14, DATE '1998-04-03', 26659.93, 'CY31 7356 8970 EQGQ M7AK EHPO TWWR');
insert into Rachunek (Id_rachunku, Id_wlasciciela, Data_zalozenia, Saldo, Nr_rachunku) values (15, 15, DATE '2014-11-09', 29014.48, 'IL26 6188 3702 2571 4351 000');
insert into Rachunek (Id_rachunku, Id_wlasciciela, Data_zalozenia, Saldo, Nr_rachunku) values (16, 16, DATE '1992-07-17', 34490.64, 'IT24 Z861 4545 7522 5HUK SYIE KUG');
insert into Rachunek (Id_rachunku, Id_wlasciciela, Data_zalozenia, Saldo, Nr_rachunku) values (17, 17, DATE '2014-03-13', 4518.44, 'AZ74 IHGA JU5D XHDS THGC 9EUJ DJXC');
insert into Rachunek (Id_rachunku, Id_wlasciciela, Data_zalozenia, Saldo, Nr_rachunku) values (18, 18, DATE '2003-12-29', 98203.22, 'AE35 7675 8395 1639 7691 686');
insert into Rachunek (Id_rachunku, Id_wlasciciela, Data_zalozenia, Saldo, Nr_rachunku) values (19, 19, DATE '2009-11-12', 75895.28, 'ME60 5271 4740 6775 3051 84');
insert into Rachunek (Id_rachunku, Id_wlasciciela, Data_zalozenia, Saldo, Nr_rachunku) values (20, 20, DATE '2000-03-28', 32229.83, 'SM42 R290 8953 751G ZFPF PAD4 KYS');
insert into Rachunek (Id_rachunku, Id_wlasciciela, Data_zalozenia, Saldo, Nr_rachunku) values (21, 21, DATE '1991-05-20', 21791.03, 'GR81 8126 186E CAQB BAYV YTXB TPJ');
insert into Rachunek (Id_rachunku, Id_wlasciciela, Data_zalozenia, Saldo, Nr_rachunku) values (22, 22, DATE '2010-06-18', 3951.78, 'HU75 4668 6566 4009 2619 1424 4821');
insert into Rachunek (Id_rachunku, Id_wlasciciela, Data_zalozenia, Saldo, Nr_rachunku) values (23, 23, DATE '2011-01-17', 3922.37, 'FR06 9083 2764 63CM LPYJ 2L0K Y69');
insert into Rachunek (Id_rachunku, Id_wlasciciela, Data_zalozenia, Saldo, Nr_rachunku) values (24, 24, DATE '2016-03-05', 320.64, 'GI10 UQYZ 4D3R ACJS IMVD 1M9');
insert into Rachunek (Id_rachunku, Id_wlasciciela, Data_zalozenia, Saldo, Nr_rachunku) values (25, 25, DATE '2006-05-21', 99880.47, 'FR65 4799 6903 42PF IBL5 0ERB S46');
insert into Rachunek (Id_rachunku, Id_wlasciciela, Data_zalozenia, Saldo, Nr_rachunku) values (26, 26, DATE '2005-02-19', 64968.47, 'FR69 6420 5921 359P DOE6 Y2DW U29');
insert into Rachunek (Id_rachunku, Id_wlasciciela, Data_zalozenia, Saldo, Nr_rachunku) values (27, 27, DATE '1995-07-07', 59955.1, 'FR57 6682 6057 30RZ Y8LM SXY8 K25');
insert into Rachunek (Id_rachunku, Id_wlasciciela, Data_zalozenia, Saldo, Nr_rachunku) values (28, 28, DATE '2010-07-30', 90395.69, 'HU45 9503 3742 9348 8977 9259 1776');
insert into Rachunek (Id_rachunku, Id_wlasciciela, Data_zalozenia, Saldo, Nr_rachunku) values (29, 29, DATE '2012-06-21', 66931.16, 'TR20 4188 3FRJ 15IN XEK1 HKWW BW');
insert into Rachunek (Id_rachunku, Id_wlasciciela, Data_zalozenia, Saldo, Nr_rachunku) values (30, 30, DATE '2003-12-20', 93671.58, 'NO03 6557 5060 045');
insert into Rachunek (Id_rachunku, Id_wlasciciela, Data_zalozenia, Saldo, Nr_rachunku) values (31, 31, DATE '2018-08-19', 23463.5, 'SK57 9434 5963 1763 6696 1023');
insert into Rachunek (Id_rachunku, Id_wlasciciela, Data_zalozenia, Saldo, Nr_rachunku) values (32, 32, DATE '2012-01-06', 60573.33, 'FR09 7550 5720 474E JAUU 5SX9 P57');
insert into Rachunek (Id_rachunku, Id_wlasciciela, Data_zalozenia, Saldo, Nr_rachunku) values (33, 33, DATE '2013-12-26', 69331.36, 'GR70 8823 207Y PT5Y J50K ENT6 F9Q');
insert into Rachunek (Id_rachunku, Id_wlasciciela, Data_zalozenia, Saldo, Nr_rachunku) values (34, 34, DATE '2007-08-25', 84319.81, 'HR47 3465 0508 7355 1968 4');
insert into Rachunek (Id_rachunku, Id_wlasciciela, Data_zalozenia, Saldo, Nr_rachunku) values (35, 35, DATE '2012-01-15', 38238.59, 'CY48 4944 6717 A8PC SMYT FVI1 GT1O');
insert into Rachunek (Id_rachunku, Id_wlasciciela, Data_zalozenia, Saldo, Nr_rachunku) values (36, 36, DATE '2006-01-13', 67626.47, 'FR23 5977 2024 21LR 8TGP 7VQB F85');
insert into Rachunek (Id_rachunku, Id_wlasciciela, Data_zalozenia, Saldo, Nr_rachunku) values (37, 37, DATE '1995-06-21', 19489.6, 'IT93 N900 0947 097S ENG5 U0IK FBL');
insert into Rachunek (Id_rachunku, Id_wlasciciela, Data_zalozenia, Saldo, Nr_rachunku) values (38, 38, DATE '1992-09-02', 83119.07, 'RS54 5647 3355 1650 7474 76');
insert into Rachunek (Id_rachunku, Id_wlasciciela, Data_zalozenia, Saldo, Nr_rachunku) values (39, 39, DATE '2003-05-08', 3872.99, 'KW19 LIHM T7JL LOCS TOPP YA4H PGKY 1Y');
insert into Rachunek (Id_rachunku, Id_wlasciciela, Data_zalozenia, Saldo, Nr_rachunku) values (40, 40, DATE '2000-12-24', 90660.81, 'FO14 3597 4148 2699 06');
insert into Rachunek (Id_rachunku, Id_wlasciciela, Data_zalozenia, Saldo, Nr_rachunku) values (41, 41, DATE '2005-03-12', 60834.99, 'SI93 1340 8957 7246 115');
insert into Rachunek (Id_rachunku, Id_wlasciciela, Data_zalozenia, Saldo, Nr_rachunku) values (42, 42, DATE '2007-03-17', 94795.41, 'FR65 1160 7887 0965 UESW 4XNK M62');
insert into Rachunek (Id_rachunku, Id_wlasciciela, Data_zalozenia, Saldo, Nr_rachunku) values (43, 43, DATE '2017-04-01', 27601.88, 'MK22 279B EA83 YFOM Q72');
insert into Rachunek (Id_rachunku, Id_wlasciciela, Data_zalozenia, Saldo, Nr_rachunku) values (44, 44, DATE '1996-07-10', 29158.47, 'FR59 4918 1660 35IT WDZ6 5KAM N59');
insert into Rachunek (Id_rachunku, Id_wlasciciela, Data_zalozenia, Saldo, Nr_rachunku) values (45, 45, DATE '2018-01-07', 60744.93, 'GE52 FB51 0192 0689 0987 06');
insert into Rachunek (Id_rachunku, Id_wlasciciela, Data_zalozenia, Saldo, Nr_rachunku) values (46, 46, DATE '2002-09-24', 31801.65, 'SM66 U164 8909 438K YMID EUZR UA1');
insert into Rachunek (Id_rachunku, Id_wlasciciela, Data_zalozenia, Saldo, Nr_rachunku) values (47, 47, DATE '2019-01-01', 72400.33, 'SI96 3685 8387 0405 303');
insert into Rachunek (Id_rachunku, Id_wlasciciela, Data_zalozenia, Saldo, Nr_rachunku) values (48, 48, DATE '2007-11-03', 11139.42, 'KZ83 943H PO4P 11BA MDD3');
insert into Rachunek (Id_rachunku, Id_wlasciciela, Data_zalozenia, Saldo, Nr_rachunku) values (49, 49, DATE '1999-09-13', 78220.29, 'MR98 0538 8364 2736 2587 1776 533');
insert into Rachunek (Id_rachunku, Id_wlasciciela, Data_zalozenia, Saldo, Nr_rachunku) values (50, 50, DATE '1990-12-16', 96634.25, 'FR51 5151 9898 66Y5 6OJS LQYU X23');
insert into Rachunek (Id_rachunku, Id_wlasciciela, Data_zalozenia, Saldo, Nr_rachunku) values (51, 51, DATE '1996-07-28', 90285.14, 'NL37 GMFZ 8723 9050 59');
insert into Rachunek (Id_rachunku, Id_wlasciciela, Data_zalozenia, Saldo, Nr_rachunku) values (52, 52, DATE '2013-09-07', 36484.78, 'KZ89 953F VYMY TRGX WYCS');
insert into Rachunek (Id_rachunku, Id_wlasciciela, Data_zalozenia, Saldo, Nr_rachunku) values (53, 53, DATE '2001-07-14', 89135.74, 'RS82 1252 6139 1956 9015 77');
insert into Rachunek (Id_rachunku, Id_wlasciciela, Data_zalozenia, Saldo, Nr_rachunku) values (54, 54, DATE '1995-12-18', 72659.7, 'LI04 3586 8RWE GSMH XBF3 C');
insert into Rachunek (Id_rachunku, Id_wlasciciela, Data_zalozenia, Saldo, Nr_rachunku) values (55, 55, DATE '2005-05-02', 88199.42, 'TN55 0755 5143 3888 5364 8707');
insert into Rachunek (Id_rachunku, Id_wlasciciela, Data_zalozenia, Saldo, Nr_rachunku) values (56, 56, DATE '2010-11-29', 10524.5, 'SI91 5718 5116 4430 122');
insert into Rachunek (Id_rachunku, Id_wlasciciela, Data_zalozenia, Saldo, Nr_rachunku) values (57, 57, DATE '2000-01-28', 37998.86, 'LB88 6594 JCND WQYH RVAK D7AQ BVA8');
insert into Rachunek (Id_rachunku, Id_wlasciciela, Data_zalozenia, Saldo, Nr_rachunku) values (58, 58, DATE '2019-02-25', 52039.54, 'BG57 RIOQ 8787 195E EOE2 G3');
insert into Rachunek (Id_rachunku, Id_wlasciciela, Data_zalozenia, Saldo, Nr_rachunku) values (59, 59, DATE '1999-04-07', 50121.04, 'BR90 2138 4612 6258 1279 4526 197O J');
insert into Rachunek (Id_rachunku, Id_wlasciciela, Data_zalozenia, Saldo, Nr_rachunku) values (60, 60, DATE '2012-01-19', 82923.31, 'MR97 9439 1768 7195 8369 0440 275');
insert into Rachunek (Id_rachunku, Id_wlasciciela, Data_zalozenia, Saldo, Nr_rachunku) values (61, 61, DATE '1994-02-21', 79438.92, 'DK15 6013 0849 4583 00');
insert into Rachunek (Id_rachunku, Id_wlasciciela, Data_zalozenia, Saldo, Nr_rachunku) values (62, 62, DATE '2002-01-28', 98178.19, 'LT31 6849 2135 7837 3378');
insert into Rachunek (Id_rachunku, Id_wlasciciela, Data_zalozenia, Saldo, Nr_rachunku) values (63, 63, DATE '2001-11-14', 85739.91, 'NO65 1750 1853 788');
insert into Rachunek (Id_rachunku, Id_wlasciciela, Data_zalozenia, Saldo, Nr_rachunku) values (64, 64, DATE '2015-01-03', 23070.55, 'FR44 8131 0096 54DE 37ES 0GN9 W81');
insert into Rachunek (Id_rachunku, Id_wlasciciela, Data_zalozenia, Saldo, Nr_rachunku) values (65, 65, DATE '1995-02-04', 84892.41, 'VG28 IFJB 6674 1667 7856 0075');
insert into Rachunek (Id_rachunku, Id_wlasciciela, Data_zalozenia, Saldo, Nr_rachunku) values (66, 66, DATE '2002-12-28', 97422.86, 'CZ93 2864 5689 1236 2050 4947');
insert into Rachunek (Id_rachunku, Id_wlasciciela, Data_zalozenia, Saldo, Nr_rachunku) values (67, 67, DATE '2019-07-13', 83781.04, 'CR60 2276 9679 7522 9750 5');
insert into Rachunek (Id_rachunku, Id_wlasciciela, Data_zalozenia, Saldo, Nr_rachunku) values (68, 68, DATE '2005-12-08', 80520.99, 'MD94 YOPP QWB1 KPSA YFMP 1V2E');
insert into Rachunek (Id_rachunku, Id_wlasciciela, Data_zalozenia, Saldo, Nr_rachunku) values (69, 69, DATE '2009-03-27', 22764.93, 'BE19 0431 7053 8360');
insert into Rachunek (Id_rachunku, Id_wlasciciela, Data_zalozenia, Saldo, Nr_rachunku) values (70, 70, DATE '2007-04-07', 51514.81, 'TR84 7339 7RLM SUBS TP1A YX3V KB');
insert into Rachunek (Id_rachunku, Id_wlasciciela, Data_zalozenia, Saldo, Nr_rachunku) values (71, 71, DATE '1995-08-15', 13328.47, 'FR70 3043 2399 53GA SXY7 UQHS V90');
insert into Rachunek (Id_rachunku, Id_wlasciciela, Data_zalozenia, Saldo, Nr_rachunku) values (72, 72, DATE '2001-03-21', 17238.81, 'FR88 8871 1908 22T7 GDS7 TTWG G60');
insert into Rachunek (Id_rachunku, Id_wlasciciela, Data_zalozenia, Saldo, Nr_rachunku) values (73, 73, DATE '2017-12-24', 78867.66, 'FR77 4095 4665 27UC I3FV 9CNA N73');
insert into Rachunek (Id_rachunku, Id_wlasciciela, Data_zalozenia, Saldo, Nr_rachunku) values (74, 74, DATE '1997-08-02', 46779.47, 'PL34 6292 5673 3187 6686 5601 1994');
insert into Rachunek (Id_rachunku, Id_wlasciciela, Data_zalozenia, Saldo, Nr_rachunku) values (75, 75, DATE '1991-08-15', 55350.95, 'BH37 OCQO DRDA YY2T 2G4S JV');
insert into Rachunek (Id_rachunku, Id_wlasciciela, Data_zalozenia, Saldo, Nr_rachunku) values (76, 76, DATE '2013-11-06', 44812.15, 'MC69 7922 8064 64EF 6FE0 UQB1 G79');
insert into Rachunek (Id_rachunku, Id_wlasciciela, Data_zalozenia, Saldo, Nr_rachunku) values (77, 77, DATE '2018-09-11', 21182.97, 'SA86 34JV 7FDT DMRV FKOP AYO6');
insert into Rachunek (Id_rachunku, Id_wlasciciela, Data_zalozenia, Saldo, Nr_rachunku) values (78, 78, DATE '2003-03-15', 14662.17, 'LU90 747D 3MZ9 ZHDT L08Y');
insert into Rachunek (Id_rachunku, Id_wlasciciela, Data_zalozenia, Saldo, Nr_rachunku) values (79, 79, DATE '2009-11-22', 84926.72, 'LV45 XPHJ 8XSE FQAV Q27Q I');
insert into Rachunek (Id_rachunku, Id_wlasciciela, Data_zalozenia, Saldo, Nr_rachunku) values (80, 80, DATE '2017-03-19', 78588.16, 'HU80 6011 2457 6837 3492 9556 2928');
insert into Rachunek (Id_rachunku, Id_wlasciciela, Data_zalozenia, Saldo, Nr_rachunku) values (81, 81, DATE '2011-08-21', 57245.39, 'BH16 EBPN S1UQ ABQH QRPE QQ');
insert into Rachunek (Id_rachunku, Id_wlasciciela, Data_zalozenia, Saldo, Nr_rachunku) values (82, 82, DATE '2013-01-05', 91294.7, 'SE16 6931 7698 3010 7893 1906');
insert into Rachunek (Id_rachunku, Id_wlasciciela, Data_zalozenia, Saldo, Nr_rachunku) values (83, 83, DATE '1994-07-07', 38696.03, 'RO92 XNUN GCYB WD0U 8NIY R1RQ');
insert into Rachunek (Id_rachunku, Id_wlasciciela, Data_zalozenia, Saldo, Nr_rachunku) values (84, 84, DATE '2015-11-16', 10846.31, 'HU03 8585 1847 2117 6950 8388 3976');
insert into Rachunek (Id_rachunku, Id_wlasciciela, Data_zalozenia, Saldo, Nr_rachunku) values (85, 85, DATE '1990-10-11', 25860.03, 'PS56 COXW POF8 MFQZ YUZM 7TZL TBG6 K');
insert into Rachunek (Id_rachunku, Id_wlasciciela, Data_zalozenia, Saldo, Nr_rachunku) values (86, 86, DATE '1990-05-24', 15594.85, 'PL09 8127 4220 1758 3171 0378 4981');
insert into Rachunek (Id_rachunku, Id_wlasciciela, Data_zalozenia, Saldo, Nr_rachunku) values (87, 87, DATE '2009-05-11', 46798.6, 'BH53 EGGR YXYP SOXQ F8MR XO');
insert into Rachunek (Id_rachunku, Id_wlasciciela, Data_zalozenia, Saldo, Nr_rachunku) values (88, 88, DATE '2007-02-06', 11621.97, 'RO06 LJPV YAPY FAAS 9YEG QGIH');
insert into Rachunek (Id_rachunku, Id_wlasciciela, Data_zalozenia, Saldo, Nr_rachunku) values (89, 89, DATE '1995-04-10', 59914.68, 'FR53 1912 5545 69DT VD2O ZZDW E67');
insert into Rachunek (Id_rachunku, Id_wlasciciela, Data_zalozenia, Saldo, Nr_rachunku) values (90, 90, DATE '2012-03-04', 45404.91, 'CR55 9402 4481 2093 9635 7');
insert into Rachunek (Id_rachunku, Id_wlasciciela, Data_zalozenia, Saldo, Nr_rachunku) values (91, 91, DATE '2001-03-06', 83332.13, 'VG22 YTQG 5042 9037 1387 4727');
insert into Rachunek (Id_rachunku, Id_wlasciciela, Data_zalozenia, Saldo, Nr_rachunku) values (92, 92, DATE '2010-04-28', 30614.07, 'FR11 7777 7506 16K4 F0YH PIK6 G57');
insert into Rachunek (Id_rachunku, Id_wlasciciela, Data_zalozenia, Saldo, Nr_rachunku) values (93, 93, DATE '2014-02-13', 1003.83, 'FR51 6195 7235 51XF GL3F RH4E J55');
insert into Rachunek (Id_rachunku, Id_wlasciciela, Data_zalozenia, Saldo, Nr_rachunku) values (94, 94, DATE '2015-06-14', 87245.33, 'RS20 1088 5938 2612 0190 76');
insert into Rachunek (Id_rachunku, Id_wlasciciela, Data_zalozenia, Saldo, Nr_rachunku) values (95, 95, DATE '1991-04-30', 3837.47, 'NO28 7593 3121 563');
insert into Rachunek (Id_rachunku, Id_wlasciciela, Data_zalozenia, Saldo, Nr_rachunku) values (96, 96, DATE '2008-02-15', 32536.76, 'IS89 0787 2613 5730 4492 7172 49');
insert into Rachunek (Id_rachunku, Id_wlasciciela, Data_zalozenia, Saldo, Nr_rachunku) values (97, 97, DATE '2010-03-23', 32597.17, 'HU51 9135 0829 9050 8872 9727 5037');
insert into Rachunek (Id_rachunku, Id_wlasciciela, Data_zalozenia, Saldo, Nr_rachunku) values (98, 98, DATE '1999-07-02', 79879.87, 'NL15 AWZE 7580 1176 04');
insert into Rachunek (Id_rachunku, Id_wlasciciela, Data_zalozenia, Saldo, Nr_rachunku) values (99, 99, DATE '2002-09-03', 33167.53, 'MK29 2322 39HC RQ5Z 134');
insert into Rachunek (Id_rachunku, Id_wlasciciela, Data_zalozenia, Saldo, Nr_rachunku) values (100, 100, DATE '2018-09-07', 96301.31, 'BG87 EHNH 1479 89H7 Y33A JM');
insert into Rachunek (Id_rachunku, Id_wlasciciela, Data_zalozenia, Saldo, Nr_rachunku) values (101, 101, DATE '2004-06-15', 31814.69, 'DO59 HWC0 5062 0864 2473 0321 6034');
insert into Rachunek (Id_rachunku, Id_wlasciciela, Data_zalozenia, Saldo, Nr_rachunku) values (102, 102, DATE '1997-12-30', 69938.3, 'FR81 8555 7075 26KO 0AP9 6YGF R31');
insert into Rachunek (Id_rachunku, Id_wlasciciela, Data_zalozenia, Saldo, Nr_rachunku) values (103, 103, DATE '2017-06-15', 30260.03, 'FR72 6848 7498 65UU LXBM 3Q1Q U56');
insert into Rachunek (Id_rachunku, Id_wlasciciela, Data_zalozenia, Saldo, Nr_rachunku) values (104, 104, DATE '1993-11-10', 33452.54, 'GT66 HAOU 681Z W23R 3U1Z W1GZ B959');
insert into Rachunek (Id_rachunku, Id_wlasciciela, Data_zalozenia, Saldo, Nr_rachunku) values (105, 105, DATE '2009-02-14', 23888.25, 'FR16 4623 1058 80OJ ZAN0 BBK0 G39');
insert into Rachunek (Id_rachunku, Id_wlasciciela, Data_zalozenia, Saldo, Nr_rachunku) values (106, 106, DATE '2010-07-21', 30828.81, 'DE15 9369 7201 7345 3936 89');
insert into Rachunek (Id_rachunku, Id_wlasciciela, Data_zalozenia, Saldo, Nr_rachunku) values (107, 107, DATE '2019-04-22', 13735.81, 'IE90 FPCF 7319 0306 8621 49');
insert into Rachunek (Id_rachunku, Id_wlasciciela, Data_zalozenia, Saldo, Nr_rachunku) values (108, 108, DATE '2007-12-21', 36959.86, 'FR37 9242 6894 15SZ 1UPJ G7OV 891');
insert into Rachunek (Id_rachunku, Id_wlasciciela, Data_zalozenia, Saldo, Nr_rachunku) values (109, 109, DATE '2002-12-15', 20830.73, 'RS23 6247 7395 9105 0781 75');
insert into Rachunek (Id_rachunku, Id_wlasciciela, Data_zalozenia, Saldo, Nr_rachunku) values (110, 110, DATE '1997-06-26', 35570.9, 'VG05 URKR 7860 5870 8740 6857');
insert into Rachunek (Id_rachunku, Id_wlasciciela, Data_zalozenia, Saldo, Nr_rachunku) values (111, 111, DATE '2005-02-21', 69619.43, 'FR28 6816 5699 08TE 7WYX 7M7D Z79');
insert into Rachunek (Id_rachunku, Id_wlasciciela, Data_zalozenia, Saldo, Nr_rachunku) values (112, 112, DATE '2015-07-28', 12275.89, 'PL65 7834 1691 5905 9250 5352 8005');
insert into Rachunek (Id_rachunku, Id_wlasciciela, Data_zalozenia, Saldo, Nr_rachunku) values (113, 113, DATE '2018-08-28', 87175.81, 'FR44 2124 3763 108E ENNS LR2T P06');
insert into Rachunek (Id_rachunku, Id_wlasciciela, Data_zalozenia, Saldo, Nr_rachunku) values (114, 114, DATE '1991-08-20', 41648.7, 'PT06 7494 7979 1171 9127 0016 6');
insert into Rachunek (Id_rachunku, Id_wlasciciela, Data_zalozenia, Saldo, Nr_rachunku) values (115, 115, DATE '2000-03-29', 5266.53, 'FR29 5593 4319 08M4 YA0D YZ4R C79');
insert into Rachunek (Id_rachunku, Id_wlasciciela, Data_zalozenia, Saldo, Nr_rachunku) values (116, 116, DATE '1998-05-25', 41717.78, 'FR58 2332 2924 36N7 U8XB QEVJ R24');
insert into Rachunek (Id_rachunku, Id_wlasciciela, Data_zalozenia, Saldo, Nr_rachunku) values (117, 117, DATE '1996-08-20', 12563.56, 'FR92 4126 5010 17DW TK5Z 4M5U M41');
insert into Rachunek (Id_rachunku, Id_wlasciciela, Data_zalozenia, Saldo, Nr_rachunku) values (118, 118, DATE '2019-04-04', 33334.91, 'FI71 9213 8803 4314 20');
insert into Rachunek (Id_rachunku, Id_wlasciciela, Data_zalozenia, Saldo, Nr_rachunku) values (119, 119, DATE '2004-09-24', 85775.02, 'FR46 0441 2162 71PM VILM FK41 N59');
insert into Rachunek (Id_rachunku, Id_wlasciciela, Data_zalozenia, Saldo, Nr_rachunku) values (120, 120, DATE '1999-06-12', 25138.77, 'KZ97 972W K0VN RUFK TUWZ');
insert into Rachunek (Id_rachunku, Id_wlasciciela, Data_zalozenia, Saldo, Nr_rachunku) values (121, 121, DATE '2011-02-13', 90842.39, 'CR73 4717 7530 0322 2997 2');
insert into Rachunek (Id_rachunku, Id_wlasciciela, Data_zalozenia, Saldo, Nr_rachunku) values (122, 122, DATE '1990-01-18', 28479.15, 'AT53 2749 7431 8401 6669');
insert into Rachunek (Id_rachunku, Id_wlasciciela, Data_zalozenia, Saldo, Nr_rachunku) values (123, 123, DATE '2007-07-09', 99929.21, 'GL29 1593 1864 6461 98');
insert into Rachunek (Id_rachunku, Id_wlasciciela, Data_zalozenia, Saldo, Nr_rachunku) values (124, 124, DATE '2017-09-03', 20342.83, 'FI33 0091 7044 0450 39');
insert into Rachunek (Id_rachunku, Id_wlasciciela, Data_zalozenia, Saldo, Nr_rachunku) values (125, 125, DATE '1995-07-20', 78586.96, 'MK60 781R X2OJ ESIP T02');
insert into Rachunek (Id_rachunku, Id_wlasciciela, Data_zalozenia, Saldo, Nr_rachunku) values (126, 126, DATE '2010-11-06', 64273.58, 'ES66 7016 6305 2119 8220 0520');
insert into Rachunek (Id_rachunku, Id_wlasciciela, Data_zalozenia, Saldo, Nr_rachunku) values (127, 127, DATE '2011-04-17', 1033.6, 'BG47 ZJRG 5355 09NM O1UW A5');
insert into Rachunek (Id_rachunku, Id_wlasciciela, Data_zalozenia, Saldo, Nr_rachunku) values (128, 128, DATE '1992-01-12', 52519.21, 'IT49 N772 4433 448D 9KOW GS8Y B9G');
insert into Rachunek (Id_rachunku, Id_wlasciciela, Data_zalozenia, Saldo, Nr_rachunku) values (129, 129, DATE '2009-04-20', 69472.8, 'FR42 5463 9817 947A WV78 LZRC H23');
insert into Rachunek (Id_rachunku, Id_wlasciciela, Data_zalozenia, Saldo, Nr_rachunku) values (130, 130, DATE '2014-11-25', 17335.11, 'CY26 9743 9129 TKV1 QV89 WPK6 BSCR');
insert into Rachunek (Id_rachunku, Id_wlasciciela, Data_zalozenia, Saldo, Nr_rachunku) values (131, 131, DATE '1996-12-07', 93205.15, 'FR69 1351 2404 76CW U6UX PCPR O14');
insert into Rachunek (Id_rachunku, Id_wlasciciela, Data_zalozenia, Saldo, Nr_rachunku) values (132, 132, DATE '2005-04-09', 89186.24, 'FR54 4652 5416 31ML ZXAP EAY8 X09');
insert into Rachunek (Id_rachunku, Id_wlasciciela, Data_zalozenia, Saldo, Nr_rachunku) values (133, 133, DATE '2004-07-03', 972.94, 'RS40 8025 1841 0134 8859 01');
insert into Rachunek (Id_rachunku, Id_wlasciciela, Data_zalozenia, Saldo, Nr_rachunku) values (134, 134, DATE '2004-06-01', 38071.67, 'BE94 4931 3883 2198');
insert into Rachunek (Id_rachunku, Id_wlasciciela, Data_zalozenia, Saldo, Nr_rachunku) values (135, 135, DATE '1997-02-25', 72916.39, 'PL09 1913 2344 2553 9966 2786 1413');
insert into Rachunek (Id_rachunku, Id_wlasciciela, Data_zalozenia, Saldo, Nr_rachunku) values (136, 136, DATE '1993-06-22', 22385.9, 'PS26 TMFI HXK8 KPNA R8V7 14CX FETE X');
insert into Rachunek (Id_rachunku, Id_wlasciciela, Data_zalozenia, Saldo, Nr_rachunku) values (137, 137, DATE '2017-05-14', 6342.35, 'FR03 7574 5347 045N FNEG 5ACJ T48');
insert into Rachunek (Id_rachunku, Id_wlasciciela, Data_zalozenia, Saldo, Nr_rachunku) values (138, 138, DATE '2007-11-13', 72303.74, 'TN20 9948 2288 3162 3437 2717');
insert into Rachunek (Id_rachunku, Id_wlasciciela, Data_zalozenia, Saldo, Nr_rachunku) values (139, 139, DATE '1997-01-05', 91973.92, 'KZ69 572M EZEU CQCQ RWO2');
insert into Rachunek (Id_rachunku, Id_wlasciciela, Data_zalozenia, Saldo, Nr_rachunku) values (140, 140, DATE '2004-02-02', 58157.17, 'LU49 224W I8HI WA84 1OGL');
insert into Rachunek (Id_rachunku, Id_wlasciciela, Data_zalozenia, Saldo, Nr_rachunku) values (141, 141, DATE '2007-02-15', 52380.34, 'AT84 0657 3494 5730 1627');
insert into Rachunek (Id_rachunku, Id_wlasciciela, Data_zalozenia, Saldo, Nr_rachunku) values (142, 142, DATE '2001-01-02', 4287.06, 'CH32 6875 6WGF 3HAR FAWI L');
insert into Rachunek (Id_rachunku, Id_wlasciciela, Data_zalozenia, Saldo, Nr_rachunku) values (143, 143, DATE '2016-12-26', 93001.81, 'SA72 46YF 5ZHJ 4Y4P LRYL DQDJ');
insert into Rachunek (Id_rachunku, Id_wlasciciela, Data_zalozenia, Saldo, Nr_rachunku) values (144, 144, DATE '2012-01-01', 56112.17, 'FO98 4232 1656 9842 42');
insert into Rachunek (Id_rachunku, Id_wlasciciela, Data_zalozenia, Saldo, Nr_rachunku) values (145, 145, DATE '2010-02-26', 51688.19, 'LT81 2978 6356 5016 5131');
insert into Rachunek (Id_rachunku, Id_wlasciciela, Data_zalozenia, Saldo, Nr_rachunku) values (146, 146, DATE '2018-12-18', 66391.69, 'AZ39 NQXF PNA1 Y0XM H5CM KK44 Q05V');
insert into Rachunek (Id_rachunku, Id_wlasciciela, Data_zalozenia, Saldo, Nr_rachunku) values (147, 147, DATE '2018-03-08', 94530.76, 'FR55 5430 8682 24KY RNQJ D2TL Y32');
insert into Rachunek (Id_rachunku, Id_wlasciciela, Data_zalozenia, Saldo, Nr_rachunku) values (148, 148, DATE '1994-03-09', 93924.88, 'MT09 YPZQ 6832 80SM YYI1 V5VJ UAXP GBW');
insert into Rachunek (Id_rachunku, Id_wlasciciela, Data_zalozenia, Saldo, Nr_rachunku) values (149, 149, DATE '1998-10-03', 55506.99, 'IE85 ARKB 8552 9433 8913 04');
insert into Rachunek (Id_rachunku, Id_wlasciciela, Data_zalozenia, Saldo, Nr_rachunku) values (150, 150, DATE '2013-09-19', 7140.81, 'FR04 8149 4643 31RK N0HW 5IFW X09');
insert into Rachunek (Id_rachunku, Id_wlasciciela, Data_zalozenia, Saldo, Nr_rachunku) values (151, 151, DATE '2006-11-11', 17620.76, 'PL24 0872 1663 4609 4554 6640 2077');
insert into Rachunek (Id_rachunku, Id_wlasciciela, Data_zalozenia, Saldo, Nr_rachunku) values (152, 152, DATE '2008-02-29', 56700.25, 'IE44 IBVT 6746 8440 4326 02');
insert into Rachunek (Id_rachunku, Id_wlasciciela, Data_zalozenia, Saldo, Nr_rachunku) values (153, 153, DATE '2002-02-07', 908.39, 'MT91 ICBT 1217 90FB CTIS E35A QJ2A 5OM');
insert into Rachunek (Id_rachunku, Id_wlasciciela, Data_zalozenia, Saldo, Nr_rachunku) values (154, 154, DATE '2008-10-15', 88690.44, 'AT60 3994 6659 7298 1135');
insert into Rachunek (Id_rachunku, Id_wlasciciela, Data_zalozenia, Saldo, Nr_rachunku) values (155, 155, DATE '2015-09-30', 20038.31, 'FR40 2742 3334 66MC MUS8 XECJ B47');
insert into Rachunek (Id_rachunku, Id_wlasciciela, Data_zalozenia, Saldo, Nr_rachunku) values (156, 156, DATE '2000-09-14', 8000.27, 'HR16 4000 9378 1212 6970 1');
insert into Rachunek (Id_rachunku, Id_wlasciciela, Data_zalozenia, Saldo, Nr_rachunku) values (157, 157, DATE '2001-09-27', 28055.97, 'BE26 7555 1095 2404');
insert into Rachunek (Id_rachunku, Id_wlasciciela, Data_zalozenia, Saldo, Nr_rachunku) values (158, 158, DATE '1990-11-17', 32086.88, 'HU81 0486 4179 8014 1866 3095 9981');
insert into Rachunek (Id_rachunku, Id_wlasciciela, Data_zalozenia, Saldo, Nr_rachunku) values (159, 159, DATE '2016-10-30', 22069.46, 'VG06 RUOC 3812 0602 0676 4151');
insert into Rachunek (Id_rachunku, Id_wlasciciela, Data_zalozenia, Saldo, Nr_rachunku) values (160, 160, DATE '2009-12-19', 28224.7, 'DE78 3801 9074 3896 9826 24');
insert into Rachunek (Id_rachunku, Id_wlasciciela, Data_zalozenia, Saldo, Nr_rachunku) values (161, 161, DATE '2013-06-03', 27323.73, 'GR59 3745 646O Y9WD V4S1 KYUX KSK');
insert into Rachunek (Id_rachunku, Id_wlasciciela, Data_zalozenia, Saldo, Nr_rachunku) values (162, 162, DATE '1991-06-29', 54152.8, 'GR86 4442 474D ITC1 9QA8 RTSB FF6');
insert into Rachunek (Id_rachunku, Id_wlasciciela, Data_zalozenia, Saldo, Nr_rachunku) values (163, 163, DATE '2000-02-26', 36834.5, 'AL83 4161 2415 2MWE RGKM 6MFT OMOB');
insert into Rachunek (Id_rachunku, Id_wlasciciela, Data_zalozenia, Saldo, Nr_rachunku) values (164, 164, DATE '2010-12-03', 89135.82, 'AL28 5272 4091 NZJI OWWU 5BVZ E6EB');
insert into Rachunek (Id_rachunku, Id_wlasciciela, Data_zalozenia, Saldo, Nr_rachunku) values (165, 165, DATE '2004-02-05', 83124.61, 'SM97 V678 0820 827J TDQ8 J3DQ 05I');
insert into Rachunek (Id_rachunku, Id_wlasciciela, Data_zalozenia, Saldo, Nr_rachunku) values (166, 166, DATE '2009-04-23', 97568.3, 'LV25 EXQC L2MB 0MUU XIUY 0');
insert into Rachunek (Id_rachunku, Id_wlasciciela, Data_zalozenia, Saldo, Nr_rachunku) values (167, 167, DATE '1994-06-13', 85443.88, 'FR83 2677 0309 92LH 0T3H YNCZ F75');
insert into Rachunek (Id_rachunku, Id_wlasciciela, Data_zalozenia, Saldo, Nr_rachunku) values (168, 168, DATE '2018-10-04', 82467.94, 'GL34 0378 8316 8853 92');
insert into Rachunek (Id_rachunku, Id_wlasciciela, Data_zalozenia, Saldo, Nr_rachunku) values (169, 169, DATE '2005-08-30', 85266.81, 'AT48 0023 9826 9398 2268');
insert into Rachunek (Id_rachunku, Id_wlasciciela, Data_zalozenia, Saldo, Nr_rachunku) values (170, 170, DATE '1998-05-04', 82406.92, 'FR53 9943 4260 02W0 SKHG EXAR S54');
insert into Rachunek (Id_rachunku, Id_wlasciciela, Data_zalozenia, Saldo, Nr_rachunku) values (171, 171, DATE '1997-09-09', 66256.46, 'FR31 2827 1923 73RP C8QD MZVY T10');
insert into Rachunek (Id_rachunku, Id_wlasciciela, Data_zalozenia, Saldo, Nr_rachunku) values (172, 172, DATE '2003-10-06', 18073.81, 'FR74 4053 6970 83DP W68T ZNVL P41');
insert into Rachunek (Id_rachunku, Id_wlasciciela, Data_zalozenia, Saldo, Nr_rachunku) values (173, 173, DATE '2013-06-21', 45589.2, 'BG90 AROE 8803 051H MJRB BI');
insert into Rachunek (Id_rachunku, Id_wlasciciela, Data_zalozenia, Saldo, Nr_rachunku) values (174, 174, DATE '2008-03-14', 53082.24, 'FR76 9110 0245 34EZ WKMO YJ8K J31');
insert into Rachunek (Id_rachunku, Id_wlasciciela, Data_zalozenia, Saldo, Nr_rachunku) values (175, 175, DATE '2004-10-06', 10230.38, 'ES58 3624 3626 7474 9057 4510');
insert into Rachunek (Id_rachunku, Id_wlasciciela, Data_zalozenia, Saldo, Nr_rachunku) values (176, 176, DATE '1994-08-23', 41105.07, 'AL27 1482 7981 YMT1 M2A1 LCJJ EQAF');
insert into Rachunek (Id_rachunku, Id_wlasciciela, Data_zalozenia, Saldo, Nr_rachunku) values (177, 177, DATE '2019-10-27', 7948.27, 'LB55 2857 GLC2 XPI0 EA3A 9GKN CXL5');
insert into Rachunek (Id_rachunku, Id_wlasciciela, Data_zalozenia, Saldo, Nr_rachunku) values (178, 178, DATE '2006-08-24', 83357.04, 'IE27 VHTK 5669 5725 2150 15');
insert into Rachunek (Id_rachunku, Id_wlasciciela, Data_zalozenia, Saldo, Nr_rachunku) values (179, 179, DATE '2019-10-12', 19482.93, 'FR59 0125 2002 42DX MRLD JF4L 488');
insert into Rachunek (Id_rachunku, Id_wlasciciela, Data_zalozenia, Saldo, Nr_rachunku) values (180, 180, DATE '2014-10-31', 90502.01, 'HU47 3052 3623 5942 6599 7335 4250');
insert into Rachunek (Id_rachunku, Id_wlasciciela, Data_zalozenia, Saldo, Nr_rachunku) values (181, 181, DATE '2005-07-01', 57025.45, 'CR57 4527 7706 6178 7180 4');
insert into Rachunek (Id_rachunku, Id_wlasciciela, Data_zalozenia, Saldo, Nr_rachunku) values (182, 182, DATE '2005-10-30', 79928.78, 'MT06 FDRL 2024 9WDS IVOL DG1O 12BE 1VG');
insert into Rachunek (Id_rachunku, Id_wlasciciela, Data_zalozenia, Saldo, Nr_rachunku) values (183, 183, DATE '2005-08-16', 26258.9, 'BR89 0028 9097 1526 3282 1181 509W D');
insert into Rachunek (Id_rachunku, Id_wlasciciela, Data_zalozenia, Saldo, Nr_rachunku) values (184, 184, DATE '2000-02-25', 69071.22, 'HR13 8218 2217 9614 4803 7');
insert into Rachunek (Id_rachunku, Id_wlasciciela, Data_zalozenia, Saldo, Nr_rachunku) values (185, 185, DATE '2017-10-15', 61464.24, 'BH66 YRBB CTCX DDH2 MLP3 MX');
insert into Rachunek (Id_rachunku, Id_wlasciciela, Data_zalozenia, Saldo, Nr_rachunku) values (186, 186, DATE '1993-02-28', 55601.55, 'FR10 4537 2678 43QC ZTWT 196E T33');
insert into Rachunek (Id_rachunku, Id_wlasciciela, Data_zalozenia, Saldo, Nr_rachunku) values (187, 187, DATE '1990-02-23', 31230.35, 'BH89 QBDE RIVF YLGT UHWS OV');
insert into Rachunek (Id_rachunku, Id_wlasciciela, Data_zalozenia, Saldo, Nr_rachunku) values (188, 188, DATE '2001-05-18', 52225.69, 'FR31 0789 2926 34QJ WNFQ GHRR X56');
insert into Rachunek (Id_rachunku, Id_wlasciciela, Data_zalozenia, Saldo, Nr_rachunku) values (189, 189, DATE '2009-09-24', 14093.8, 'MC90 8773 7284 81DO AAXA UP14 P19');
insert into Rachunek (Id_rachunku, Id_wlasciciela, Data_zalozenia, Saldo, Nr_rachunku) values (190, 190, DATE '2014-01-11', 59706.13, 'MK33 089S FB84 HGTJ C45');
insert into Rachunek (Id_rachunku, Id_wlasciciela, Data_zalozenia, Saldo, Nr_rachunku) values (191, 191, DATE '2002-05-03', 28204.28, 'GE85 RC13 6292 6347 3460 21');
insert into Rachunek (Id_rachunku, Id_wlasciciela, Data_zalozenia, Saldo, Nr_rachunku) values (192, 192, DATE '2010-12-09', 65753.34, 'CH90 9241 8IAE L21Q COIZ Y');
insert into Rachunek (Id_rachunku, Id_wlasciciela, Data_zalozenia, Saldo, Nr_rachunku) values (193, 193, DATE '1993-10-24', 11981.62, 'FR33 6558 2931 22RV VWO5 N50E C94');
insert into Rachunek (Id_rachunku, Id_wlasciciela, Data_zalozenia, Saldo, Nr_rachunku) values (194, 194, DATE '2012-06-20', 96770.25, 'MC76 5494 6384 93MB XMBI 1R5H V20');
insert into Rachunek (Id_rachunku, Id_wlasciciela, Data_zalozenia, Saldo, Nr_rachunku) values (195, 195, DATE '2014-10-06', 1077.86, 'HR39 2400 0078 9583 9550 7');
insert into Rachunek (Id_rachunku, Id_wlasciciela, Data_zalozenia, Saldo, Nr_rachunku) values (196, 196, DATE '2017-02-26', 10648.21, 'MR89 3579 8396 2164 7650 4913 364');
insert into Rachunek (Id_rachunku, Id_wlasciciela, Data_zalozenia, Saldo, Nr_rachunku) values (197, 197, DATE '2010-02-25', 10116.99, 'TN03 9264 0270 6091 1684 0422');
insert into Rachunek (Id_rachunku, Id_wlasciciela, Data_zalozenia, Saldo, Nr_rachunku) values (198, 198, DATE '2002-05-15', 11475.3, 'CZ06 1797 4435 0485 9321 4077');
insert into Rachunek (Id_rachunku, Id_wlasciciela, Data_zalozenia, Saldo, Nr_rachunku) values (199, 199, DATE '2000-10-12', 42337.61, 'FI39 1042 4949 1298 78');
insert into Rachunek (Id_rachunku, Id_wlasciciela, Data_zalozenia, Saldo, Nr_rachunku) values (200, 200, DATE '1991-02-17', 6213.98, 'SM53 B565 5256 4367 ZD5W ANXR EC8');
insert into Rachunek (Id_rachunku, Id_wlasciciela, Data_zalozenia, Saldo, Nr_rachunku) values (201, 201, DATE '1998-09-28', 94809.01, 'PK46 SNFC YTIG JHPK R9TV IUYU');
insert into Rachunek (Id_rachunku, Id_wlasciciela, Data_zalozenia, Saldo, Nr_rachunku) values (202, 202, DATE '1998-06-15', 32241.44, 'FR52 3727 0562 06CF AFSR UCGZ X02');
insert into Rachunek (Id_rachunku, Id_wlasciciela, Data_zalozenia, Saldo, Nr_rachunku) values (203, 203, DATE '1995-07-11', 19407.27, 'DO41 MTGI 9426 9726 2586 3679 0710');
insert into Rachunek (Id_rachunku, Id_wlasciciela, Data_zalozenia, Saldo, Nr_rachunku) values (204, 204, DATE '2018-08-07', 21473.24, 'PS69 TPPZ WUAI V5TK WUUY 9TOE SEOR O');
insert into Rachunek (Id_rachunku, Id_wlasciciela, Data_zalozenia, Saldo, Nr_rachunku) values (205, 205, DATE '2012-04-12', 34975.43, 'FO58 2864 5784 9604 23');
insert into Rachunek (Id_rachunku, Id_wlasciciela, Data_zalozenia, Saldo, Nr_rachunku) values (206, 206, DATE '1991-10-30', 45320.71, 'HR37 3126 1728 4740 3248 2');
insert into Rachunek (Id_rachunku, Id_wlasciciela, Data_zalozenia, Saldo, Nr_rachunku) values (207, 207, DATE '2012-05-10', 80447.59, 'ME47 7599 1029 5757 1308 17');
insert into Rachunek (Id_rachunku, Id_wlasciciela, Data_zalozenia, Saldo, Nr_rachunku) values (208, 208, DATE '2018-12-24', 46883.21, 'FR48 0666 0168 14YC 7CYV 6EGY V10');
insert into Rachunek (Id_rachunku, Id_wlasciciela, Data_zalozenia, Saldo, Nr_rachunku) values (209, 209, DATE '1991-11-14', 12984.07, 'VG05 DMGD 2520 5555 0623 8361');
insert into Rachunek (Id_rachunku, Id_wlasciciela, Data_zalozenia, Saldo, Nr_rachunku) values (210, 210, DATE '1999-06-15', 16691.41, 'FR72 0098 7909 46RX DCLO JMXM V28');
insert into Rachunek (Id_rachunku, Id_wlasciciela, Data_zalozenia, Saldo, Nr_rachunku) values (211, 211, DATE '2011-12-05', 45796.43, 'FR84 0022 0906 71S4 ZSPE 3TQ2 N80');
insert into Rachunek (Id_rachunku, Id_wlasciciela, Data_zalozenia, Saldo, Nr_rachunku) values (212, 212, DATE '1999-10-14', 19252.71, 'IT39 S128 5227 1920 KVAG C6IH TFF');
insert into Rachunek (Id_rachunku, Id_wlasciciela, Data_zalozenia, Saldo, Nr_rachunku) values (213, 213, DATE '1991-07-29', 98480.83, 'MR82 7704 7887 8394 4778 4495 254');
insert into Rachunek (Id_rachunku, Id_wlasciciela, Data_zalozenia, Saldo, Nr_rachunku) values (214, 214, DATE '2011-01-18', 73395.06, 'BA74 5470 5790 4698 2142');
insert into Rachunek (Id_rachunku, Id_wlasciciela, Data_zalozenia, Saldo, Nr_rachunku) values (215, 215, DATE '1990-09-23', 88414.0, 'HR09 9500 6237 5886 4885 1');
insert into Rachunek (Id_rachunku, Id_wlasciciela, Data_zalozenia, Saldo, Nr_rachunku) values (216, 216, DATE '2018-11-18', 72931.84, 'IT06 Z747 7272 255F WVUC GL7P 3HM');
insert into Rachunek (Id_rachunku, Id_wlasciciela, Data_zalozenia, Saldo, Nr_rachunku) values (217, 217, DATE '1996-07-11', 35722.41, 'VG85 ORRX 8018 6039 2801 1417');
insert into Rachunek (Id_rachunku, Id_wlasciciela, Data_zalozenia, Saldo, Nr_rachunku) values (218, 218, DATE '2001-11-07', 2123.21, 'BA39 0805 1623 7756 8453');
insert into Rachunek (Id_rachunku, Id_wlasciciela, Data_zalozenia, Saldo, Nr_rachunku) values (219, 219, DATE '2009-02-20', 27207.0, 'IL80 5730 3352 4404 3085 376');
insert into Rachunek (Id_rachunku, Id_wlasciciela, Data_zalozenia, Saldo, Nr_rachunku) values (220, 220, DATE '2013-03-20', 39985.75, 'FR34 0689 7033 16FX X2RZ SKPS Y67');
insert into Rachunek (Id_rachunku, Id_wlasciciela, Data_zalozenia, Saldo, Nr_rachunku) values (221, 221, DATE '2015-03-18', 10244.94, 'DO98 SEQ9 6130 4655 8770 2370 9698');
insert into Rachunek (Id_rachunku, Id_wlasciciela, Data_zalozenia, Saldo, Nr_rachunku) values (222, 222, DATE '2001-05-03', 89680.29, 'MR47 8274 0073 2047 6393 6700 981');
insert into Rachunek (Id_rachunku, Id_wlasciciela, Data_zalozenia, Saldo, Nr_rachunku) values (223, 223, DATE '2003-08-27', 48765.99, 'IT38 G480 7461 5622 QZRB KLZI H9L');
insert into Rachunek (Id_rachunku, Id_wlasciciela, Data_zalozenia, Saldo, Nr_rachunku) values (224, 224, DATE '2003-04-04', 82.98, 'LT81 4784 8875 1464 7764');
insert into Rachunek (Id_rachunku, Id_wlasciciela, Data_zalozenia, Saldo, Nr_rachunku) values (225, 225, DATE '1991-12-05', 22339.68, 'GE06 GX13 4562 8584 4429 80');
insert into Rachunek (Id_rachunku, Id_wlasciciela, Data_zalozenia, Saldo, Nr_rachunku) values (226, 226, DATE '2002-09-03', 63497.7, 'GI55 XFPL QEGB C6UW SKF7 VGL');
insert into Rachunek (Id_rachunku, Id_wlasciciela, Data_zalozenia, Saldo, Nr_rachunku) values (227, 227, DATE '2014-04-20', 10293.52, 'LB35 2543 Q7EY TP88 3E2D BECR MZ8I');
insert into Rachunek (Id_rachunku, Id_wlasciciela, Data_zalozenia, Saldo, Nr_rachunku) values (228, 228, DATE '2019-11-21', 29588.53, 'PK66 WPEJ EB8F K2YO LX6Z C3YV');
insert into Rachunek (Id_rachunku, Id_wlasciciela, Data_zalozenia, Saldo, Nr_rachunku) values (229, 229, DATE '2020-05-10', 3477.99, 'PL05 9742 9766 0071 4489 0507 1536');
insert into Rachunek (Id_rachunku, Id_wlasciciela, Data_zalozenia, Saldo, Nr_rachunku) values (230, 230, DATE '2000-05-02', 96692.14, 'FR97 1292 0481 13X2 ND1D UPXU 413');
insert into Rachunek (Id_rachunku, Id_wlasciciela, Data_zalozenia, Saldo, Nr_rachunku) values (231, 231, DATE '1996-01-11', 68013.45, 'FR30 7858 3051 11DA Q5IT TZ5A M93');
insert into Rachunek (Id_rachunku, Id_wlasciciela, Data_zalozenia, Saldo, Nr_rachunku) values (232, 232, DATE '2008-11-06', 70564.79, 'FR52 5322 5236 14QX QV5W Y57C G82');
insert into Rachunek (Id_rachunku, Id_wlasciciela, Data_zalozenia, Saldo, Nr_rachunku) values (233, 233, DATE '1999-02-04', 95668.0, 'FI32 8550 8393 3665 54');
insert into Rachunek (Id_rachunku, Id_wlasciciela, Data_zalozenia, Saldo, Nr_rachunku) values (234, 234, DATE '2005-12-03', 2395.41, 'GE87 UV90 7358 9625 3562 77');
insert into Rachunek (Id_rachunku, Id_wlasciciela, Data_zalozenia, Saldo, Nr_rachunku) values (235, 235, DATE '2016-12-23', 37611.88, 'CZ82 6584 2850 3307 2169 9630');
insert into Rachunek (Id_rachunku, Id_wlasciciela, Data_zalozenia, Saldo, Nr_rachunku) values (236, 236, DATE '2007-09-09', 93290.73, 'FR75 1404 9307 858I WFMO CAF5 Y07');
insert into Rachunek (Id_rachunku, Id_wlasciciela, Data_zalozenia, Saldo, Nr_rachunku) values (237, 237, DATE '1993-12-28', 9358.48, 'MD73 NXMB 31R4 GTON JNZA X5FP');
insert into Rachunek (Id_rachunku, Id_wlasciciela, Data_zalozenia, Saldo, Nr_rachunku) values (238, 238, DATE '2005-04-26', 54788.79, 'FR72 2739 3994 59AE KRHI 8NKA B98');
insert into Rachunek (Id_rachunku, Id_wlasciciela, Data_zalozenia, Saldo, Nr_rachunku) values (239, 239, DATE '2007-03-14', 13012.0, 'LV30 UNVB GS9D PKLV 0PU4 G');
insert into Rachunek (Id_rachunku, Id_wlasciciela, Data_zalozenia, Saldo, Nr_rachunku) values (240, 240, DATE '2015-08-12', 89672.88, 'GE72 UT91 2804 6123 1148 22');
insert into Rachunek (Id_rachunku, Id_wlasciciela, Data_zalozenia, Saldo, Nr_rachunku) values (241, 241, DATE '1996-01-21', 66522.05, 'CR33 9402 6786 3927 6080 6');
insert into Rachunek (Id_rachunku, Id_wlasciciela, Data_zalozenia, Saldo, Nr_rachunku) values (242, 242, DATE '2003-07-28', 24367.78, 'SK28 4587 9526 3650 7042 6166');
insert into Rachunek (Id_rachunku, Id_wlasciciela, Data_zalozenia, Saldo, Nr_rachunku) values (243, 243, DATE '2002-05-21', 15859.05, 'GI94 MXCF AMNL QMOS MNKL 8XV');
insert into Rachunek (Id_rachunku, Id_wlasciciela, Data_zalozenia, Saldo, Nr_rachunku) values (244, 244, DATE '2002-01-13', 70608.31, 'LV77 VSHE AWSP 0MLP Z7TF J');
insert into Rachunek (Id_rachunku, Id_wlasciciela, Data_zalozenia, Saldo, Nr_rachunku) values (245, 245, DATE '2018-05-24', 76148.8, 'MU94 LVGH 1072 2781 2193 0382 798T DF');
insert into Rachunek (Id_rachunku, Id_wlasciciela, Data_zalozenia, Saldo, Nr_rachunku) values (246, 246, DATE '2017-01-30', 1732.54, 'GR62 0442 523H E4EE 6IXI F5YY IHR');
insert into Rachunek (Id_rachunku, Id_wlasciciela, Data_zalozenia, Saldo, Nr_rachunku) values (247, 247, DATE '1995-06-19', 18506.73, 'FR64 7419 9760 50PX M07L HIEU Z68');
insert into Rachunek (Id_rachunku, Id_wlasciciela, Data_zalozenia, Saldo, Nr_rachunku) values (248, 248, DATE '2004-01-07', 65388.28, 'IT75 S733 5197 916O BBRN PMGW NRK');
insert into Rachunek (Id_rachunku, Id_wlasciciela, Data_zalozenia, Saldo, Nr_rachunku) values (249, 249, DATE '2013-01-16', 39143.97, 'FR02 4327 1634 346N QVLQ GRRC O98');
insert into Rachunek (Id_rachunku, Id_wlasciciela, Data_zalozenia, Saldo, Nr_rachunku) values (250, 250, DATE '2016-03-02', 89584.85, 'ES79 5585 1657 7711 3790 6102');
insert into Rachunek (Id_rachunku, Id_wlasciciela, Data_zalozenia, Saldo, Nr_rachunku) values (251, 251, DATE '2018-02-18', 49345.16, 'IS85 1435 7462 5235 2476 4966 65');
insert into Rachunek (Id_rachunku, Id_wlasciciela, Data_zalozenia, Saldo, Nr_rachunku) values (252, 252, DATE '2016-02-18', 24859.41, 'FR98 9807 4231 17EA NOC1 7OYB T81');
insert into Rachunek (Id_rachunku, Id_wlasciciela, Data_zalozenia, Saldo, Nr_rachunku) values (253, 253, DATE '2000-04-04', 99342.77, 'TN76 0907 5733 8663 5895 9016');
insert into Rachunek (Id_rachunku, Id_wlasciciela, Data_zalozenia, Saldo, Nr_rachunku) values (254, 254, DATE '1995-06-24', 36107.79, 'HU47 8388 5654 3561 9508 3076 1573');
insert into Rachunek (Id_rachunku, Id_wlasciciela, Data_zalozenia, Saldo, Nr_rachunku) values (255, 255, DATE '1998-03-28', 7880.15, 'FR20 8639 4055 660D 0PQQ K3RC P66');
insert into Rachunek (Id_rachunku, Id_wlasciciela, Data_zalozenia, Saldo, Nr_rachunku) values (256, 256, DATE '1997-08-25', 52933.72, 'AT59 3395 9051 8447 0737');
insert into Rachunek (Id_rachunku, Id_wlasciciela, Data_zalozenia, Saldo, Nr_rachunku) values (257, 257, DATE '2004-01-27', 92885.07, 'SE83 1403 4267 2185 8380 1927');
insert into Rachunek (Id_rachunku, Id_wlasciciela, Data_zalozenia, Saldo, Nr_rachunku) values (258, 258, DATE '1993-11-09', 62061.95, 'FR16 2461 8516 963B XKAK JV2L E16');
insert into Rachunek (Id_rachunku, Id_wlasciciela, Data_zalozenia, Saldo, Nr_rachunku) values (259, 259, DATE '2002-06-22', 79827.27, 'GB72 FLMP 6840 0738 2583 13');
insert into Rachunek (Id_rachunku, Id_wlasciciela, Data_zalozenia, Saldo, Nr_rachunku) values (260, 260, DATE '1996-12-19', 7564.1, 'FR59 9220 7302 70SM EZZW CRWG E95');
insert into Rachunek (Id_rachunku, Id_wlasciciela, Data_zalozenia, Saldo, Nr_rachunku) values (261, 261, DATE '1991-09-08', 72268.35, 'FR09 6970 1260 183W OA3Y HFII 453');
insert into Rachunek (Id_rachunku, Id_wlasciciela, Data_zalozenia, Saldo, Nr_rachunku) values (262, 262, DATE '2014-06-20', 97792.03, 'LV21 BHNZ FEZJ CJDA 1GRX Z');
insert into Rachunek (Id_rachunku, Id_wlasciciela, Data_zalozenia, Saldo, Nr_rachunku) values (263, 263, DATE '2000-12-07', 34268.89, 'FR47 0194 2355 17OG 02JR 0J0Q H03');
insert into Rachunek (Id_rachunku, Id_wlasciciela, Data_zalozenia, Saldo, Nr_rachunku) values (264, 264, DATE '2006-05-26', 85452.65, 'PL02 7792 6455 2658 3374 6682 6777');
insert into Rachunek (Id_rachunku, Id_wlasciciela, Data_zalozenia, Saldo, Nr_rachunku) values (265, 265, DATE '1992-10-21', 52177.12, 'PT18 3984 8903 6624 3483 7148 8');
insert into Rachunek (Id_rachunku, Id_wlasciciela, Data_zalozenia, Saldo, Nr_rachunku) values (266, 266, DATE '2010-11-18', 4240.43, 'CY96 6105 7937 7CFE UVZM CUZL ZI72');
insert into Rachunek (Id_rachunku, Id_wlasciciela, Data_zalozenia, Saldo, Nr_rachunku) values (267, 267, DATE '2008-01-06', 6505.76, 'FR41 6110 8320 72NT 9YDQ OMME D61');
insert into Rachunek (Id_rachunku, Id_wlasciciela, Data_zalozenia, Saldo, Nr_rachunku) values (268, 268, DATE '1991-05-21', 41490.69, 'LB82 6592 FDKM PNVL HHYN JZRY WRHC');
insert into Rachunek (Id_rachunku, Id_wlasciciela, Data_zalozenia, Saldo, Nr_rachunku) values (269, 269, DATE '1994-10-12', 40702.76, 'KZ13 779Z PSQ9 I2WG V6PJ');
insert into Rachunek (Id_rachunku, Id_wlasciciela, Data_zalozenia, Saldo, Nr_rachunku) values (270, 270, DATE '2017-10-23', 35106.46, 'VG70 QBBG 9427 1313 7210 0344');
insert into Rachunek (Id_rachunku, Id_wlasciciela, Data_zalozenia, Saldo, Nr_rachunku) values (271, 271, DATE '2003-06-30', 10830.78, 'FR10 4356 3420 26BF FEEH S16E V65');
insert into Rachunek (Id_rachunku, Id_wlasciciela, Data_zalozenia, Saldo, Nr_rachunku) values (272, 272, DATE '2009-12-01', 36832.94, 'CY61 2941 5039 XCUK EKXX C0VA 7ET0');
insert into Rachunek (Id_rachunku, Id_wlasciciela, Data_zalozenia, Saldo, Nr_rachunku) values (273, 273, DATE '2008-09-16', 21562.49, 'CR71 5557 2818 2451 3974 4');
insert into Rachunek (Id_rachunku, Id_wlasciciela, Data_zalozenia, Saldo, Nr_rachunku) values (274, 274, DATE '2007-09-29', 30017.92, 'FI83 1851 3223 4490 66');
insert into Rachunek (Id_rachunku, Id_wlasciciela, Data_zalozenia, Saldo, Nr_rachunku) values (275, 275, DATE '2000-03-20', 32278.53, 'CY60 6875 7390 DFHF PSHE YCFB UZEP');
insert into Rachunek (Id_rachunku, Id_wlasciciela, Data_zalozenia, Saldo, Nr_rachunku) values (276, 276, DATE '2016-04-27', 86379.91, 'FR23 7925 4977 63AE ZIHZ 8CAR L33');
insert into Rachunek (Id_rachunku, Id_wlasciciela, Data_zalozenia, Saldo, Nr_rachunku) values (277, 277, DATE '1995-12-09', 33903.81, 'AD12 5722 1289 P9V0 PB5P TYDB');
insert into Rachunek (Id_rachunku, Id_wlasciciela, Data_zalozenia, Saldo, Nr_rachunku) values (278, 278, DATE '2002-11-04', 58080.22, 'FR60 3377 0244 26TT 6EKL YVD5 W67');
insert into Rachunek (Id_rachunku, Id_wlasciciela, Data_zalozenia, Saldo, Nr_rachunku) values (279, 279, DATE '2008-06-09', 8799.94, 'TR53 5181 86Z2 DFIA 1TNL LQA1 QU');
insert into Rachunek (Id_rachunku, Id_wlasciciela, Data_zalozenia, Saldo, Nr_rachunku) values (280, 280, DATE '2001-10-09', 94046.51, 'IE09 GTRY 4604 8756 7064 71');
insert into Rachunek (Id_rachunku, Id_wlasciciela, Data_zalozenia, Saldo, Nr_rachunku) values (281, 281, DATE '2017-10-10', 32010.02, 'RS74 9870 5967 8099 5962 85');
insert into Rachunek (Id_rachunku, Id_wlasciciela, Data_zalozenia, Saldo, Nr_rachunku) values (282, 282, DATE '2000-04-18', 36239.45, 'DE97 1819 0358 3706 5129 73');
insert into Rachunek (Id_rachunku, Id_wlasciciela, Data_zalozenia, Saldo, Nr_rachunku) values (283, 283, DATE '2001-12-17', 76578.35, 'HR92 4834 5271 9379 5368 3');
insert into Rachunek (Id_rachunku, Id_wlasciciela, Data_zalozenia, Saldo, Nr_rachunku) values (284, 284, DATE '2004-11-18', 62634.42, 'BG15 CTYC 7130 80JU KW9W WQ');
insert into Rachunek (Id_rachunku, Id_wlasciciela, Data_zalozenia, Saldo, Nr_rachunku) values (285, 285, DATE '2013-04-25', 63012.07, 'CH45 1777 9GGG T54H LJLX A');
insert into Rachunek (Id_rachunku, Id_wlasciciela, Data_zalozenia, Saldo, Nr_rachunku) values (286, 286, DATE '2010-02-13', 19544.54, 'GT38 NQFC QEFG AMJS 2G4D XW7N SDCE');
insert into Rachunek (Id_rachunku, Id_wlasciciela, Data_zalozenia, Saldo, Nr_rachunku) values (287, 287, DATE '2001-03-26', 90540.15, 'TR25 5982 1JZE D0ED UFOB WTGU RA');
insert into Rachunek (Id_rachunku, Id_wlasciciela, Data_zalozenia, Saldo, Nr_rachunku) values (288, 288, DATE '2002-10-18', 94817.79, 'FR90 2594 3892 65PH EY3D UHYD X99');
insert into Rachunek (Id_rachunku, Id_wlasciciela, Data_zalozenia, Saldo, Nr_rachunku) values (289, 289, DATE '2000-07-26', 311.03, 'FR54 7159 2856 82PL RQ76 DOYV A91');
insert into Rachunek (Id_rachunku, Id_wlasciciela, Data_zalozenia, Saldo, Nr_rachunku) values (290, 290, DATE '1996-05-23', 64086.83, 'RO71 CUNG WP66 EQHY ENND 8JB6');
insert into Rachunek (Id_rachunku, Id_wlasciciela, Data_zalozenia, Saldo, Nr_rachunku) values (291, 291, DATE '2004-09-21', 62973.42, 'FI43 8514 1325 4856 24');
insert into Rachunek (Id_rachunku, Id_wlasciciela, Data_zalozenia, Saldo, Nr_rachunku) values (292, 292, DATE '2018-02-06', 15648.99, 'PK46 XIHT XEBG D0YQ BWWP HPFR');
insert into Rachunek (Id_rachunku, Id_wlasciciela, Data_zalozenia, Saldo, Nr_rachunku) values (293, 293, DATE '2017-06-14', 94194.54, 'ME44 8812 1279 5946 9289 22');
insert into Rachunek (Id_rachunku, Id_wlasciciela, Data_zalozenia, Saldo, Nr_rachunku) values (294, 294, DATE '2001-03-24', 13950.92, 'MR27 3105 9564 4704 1000 2485 949');
insert into Rachunek (Id_rachunku, Id_wlasciciela, Data_zalozenia, Saldo, Nr_rachunku) values (295, 295, DATE '1997-03-22', 82056.63, 'BR33 4253 8124 1766 1146 6719 342S K');
insert into Rachunek (Id_rachunku, Id_wlasciciela, Data_zalozenia, Saldo, Nr_rachunku) values (296, 296, DATE '1999-08-08', 22405.16, 'LU38 333F 1JUA 7SW1 KRIJ');
insert into Rachunek (Id_rachunku, Id_wlasciciela, Data_zalozenia, Saldo, Nr_rachunku) values (297, 297, DATE '2009-02-27', 59243.24, 'NL11 NEGV 5426 1238 16');
insert into Rachunek (Id_rachunku, Id_wlasciciela, Data_zalozenia, Saldo, Nr_rachunku) values (298, 298, DATE '1995-04-05', 39715.71, 'RO39 GPKR VWBY MJZC ZBEQ DNK7');
insert into Rachunek (Id_rachunku, Id_wlasciciela, Data_zalozenia, Saldo, Nr_rachunku) values (299, 299, DATE '2012-06-18', 53634.21, 'BG67 SAVS 4804 58KI 6UBU WM');
insert into Rachunek (Id_rachunku, Id_wlasciciela, Data_zalozenia, Saldo, Nr_rachunku) values (300, 300, DATE '2007-10-28', 10673.45, 'AT36 5370 3464 5728 0634');
insert into Rachunek (Id_rachunku, Id_wlasciciela, Data_zalozenia, Saldo, Nr_rachunku) values (301, 301, DATE '2013-11-26', 27221.5, 'SI17 0041 8280 2728 000');
insert into Rachunek (Id_rachunku, Id_wlasciciela, Data_zalozenia, Saldo, Nr_rachunku) values (302, 302, DATE '1998-11-12', 25869.06, 'FR60 2962 3634 04EB EZLD GDAZ 421');
insert into Rachunek (Id_rachunku, Id_wlasciciela, Data_zalozenia, Saldo, Nr_rachunku) values (303, 303, DATE '2008-08-10', 99020.47, 'CY20 9993 8636 5INV YFVB FQZY D6J9');
insert into Rachunek (Id_rachunku, Id_wlasciciela, Data_zalozenia, Saldo, Nr_rachunku) values (304, 304, DATE '1995-03-19', 52435.8, 'BA90 6016 2924 3183 8778');
insert into Rachunek (Id_rachunku, Id_wlasciciela, Data_zalozenia, Saldo, Nr_rachunku) values (305, 305, DATE '2018-09-27', 15956.25, 'IL20 4050 8656 9922 0668 013');
insert into Rachunek (Id_rachunku, Id_wlasciciela, Data_zalozenia, Saldo, Nr_rachunku) values (306, 306, DATE '2013-05-07', 52979.73, 'TN81 5396 5299 9032 8477 0269');
insert into Rachunek (Id_rachunku, Id_wlasciciela, Data_zalozenia, Saldo, Nr_rachunku) values (307, 307, DATE '1995-09-26', 36188.04, 'BA04 9675 2476 8481 5617');
insert into Rachunek (Id_rachunku, Id_wlasciciela, Data_zalozenia, Saldo, Nr_rachunku) values (308, 308, DATE '2010-08-19', 50578.14, 'IS88 9441 1079 3785 9548 0965 72');
insert into Rachunek (Id_rachunku, Id_wlasciciela, Data_zalozenia, Saldo, Nr_rachunku) values (309, 309, DATE '2003-05-19', 19011.84, 'CR70 0267 0016 7055 9121 4');
insert into Rachunek (Id_rachunku, Id_wlasciciela, Data_zalozenia, Saldo, Nr_rachunku) values (310, 310, DATE '2013-11-02', 82348.01, 'SM91 F247 2750 094V Q4G0 ORNU XKH');
insert into Rachunek (Id_rachunku, Id_wlasciciela, Data_zalozenia, Saldo, Nr_rachunku) values (311, 311, DATE '2004-12-17', 71778.66, 'FR08 7343 9130 21FM HUJO 7KFO S73');
insert into Rachunek (Id_rachunku, Id_wlasciciela, Data_zalozenia, Saldo, Nr_rachunku) values (312, 312, DATE '1995-06-07', 6632.25, 'AT06 3151 1908 5443 9477');
insert into Rachunek (Id_rachunku, Id_wlasciciela, Data_zalozenia, Saldo, Nr_rachunku) values (313, 313, DATE '2014-03-11', 81927.74, 'AD87 1244 5115 TPZ7 8DC4 C5CK');
insert into Rachunek (Id_rachunku, Id_wlasciciela, Data_zalozenia, Saldo, Nr_rachunku) values (314, 314, DATE '1993-11-01', 70158.97, 'GT64 8GUT AF2A YUYX APNL TLBV C2C6');
insert into Rachunek (Id_rachunku, Id_wlasciciela, Data_zalozenia, Saldo, Nr_rachunku) values (315, 315, DATE '2016-02-19', 69904.28, 'KZ86 2455 XW3H CIJW XPJJ');
insert into Rachunek (Id_rachunku, Id_wlasciciela, Data_zalozenia, Saldo, Nr_rachunku) values (316, 316, DATE '2002-01-29', 3051.19, 'FR42 0934 4466 11PG HAUB CDXI X72');
insert into Rachunek (Id_rachunku, Id_wlasciciela, Data_zalozenia, Saldo, Nr_rachunku) values (317, 317, DATE '2012-10-29', 56382.29, 'FR76 6207 1802 79L5 8USR UU6O B03');
insert into Rachunek (Id_rachunku, Id_wlasciciela, Data_zalozenia, Saldo, Nr_rachunku) values (318, 318, DATE '2020-04-26', 97245.57, 'MU12 IYVV 0288 2942 2827 3308 686U GI');
insert into Rachunek (Id_rachunku, Id_wlasciciela, Data_zalozenia, Saldo, Nr_rachunku) values (319, 319, DATE '2013-01-01', 42816.21, 'IS93 8030 4096 4805 5599 4284 27');
insert into Rachunek (Id_rachunku, Id_wlasciciela, Data_zalozenia, Saldo, Nr_rachunku) values (320, 320, DATE '1991-02-10', 3808.85, 'EE09 5420 9878 2663 4055');
insert into Rachunek (Id_rachunku, Id_wlasciciela, Data_zalozenia, Saldo, Nr_rachunku) values (321, 321, DATE '2000-04-30', 84433.76, 'GE03 VV97 1290 3799 8795 72');
insert into Rachunek (Id_rachunku, Id_wlasciciela, Data_zalozenia, Saldo, Nr_rachunku) values (322, 322, DATE '2008-11-02', 99006.5, 'LB04 6188 WMEA SJGI OEH1 P4VN 98KY');
insert into Rachunek (Id_rachunku, Id_wlasciciela, Data_zalozenia, Saldo, Nr_rachunku) values (323, 323, DATE '2002-09-29', 46351.69, 'MR08 0109 8823 0807 6060 0447 368');
insert into Rachunek (Id_rachunku, Id_wlasciciela, Data_zalozenia, Saldo, Nr_rachunku) values (324, 324, DATE '2015-08-20', 28986.69, 'FR39 2650 2120 44YZ KITR H4TU C87');
insert into Rachunek (Id_rachunku, Id_wlasciciela, Data_zalozenia, Saldo, Nr_rachunku) values (325, 325, DATE '2004-07-28', 80724.79, 'TR82 5881 56GD 8IQF UZG5 IMEI M8');
insert into Rachunek (Id_rachunku, Id_wlasciciela, Data_zalozenia, Saldo, Nr_rachunku) values (326, 326, DATE '1996-09-06', 9810.64, 'PS96 XUKO VJL7 F2PB HPQU CVUY 95YH J');
insert into Rachunek (Id_rachunku, Id_wlasciciela, Data_zalozenia, Saldo, Nr_rachunku) values (327, 327, DATE '2000-09-26', 34404.93, 'FR37 4890 6842 255B NTCO BFRM X43');
insert into Rachunek (Id_rachunku, Id_wlasciciela, Data_zalozenia, Saldo, Nr_rachunku) values (328, 328, DATE '2013-06-29', 29430.49, 'MU08 YMFC 6615 0185 3674 1228 718Y DL');
insert into Rachunek (Id_rachunku, Id_wlasciciela, Data_zalozenia, Saldo, Nr_rachunku) values (329, 329, DATE '1999-10-26', 67648.37, 'CH15 3364 3PC1 F1KY SKUU F');
insert into Rachunek (Id_rachunku, Id_wlasciciela, Data_zalozenia, Saldo, Nr_rachunku) values (330, 330, DATE '1990-03-29', 8784.58, 'PL47 7195 1024 8081 6183 6594 7596');
insert into Rachunek (Id_rachunku, Id_wlasciciela, Data_zalozenia, Saldo, Nr_rachunku) values (331, 331, DATE '1998-05-14', 99676.31, 'GR09 6895 178M EZTR KIDX LN9V IQJ');
insert into Rachunek (Id_rachunku, Id_wlasciciela, Data_zalozenia, Saldo, Nr_rachunku) values (332, 332, DATE '1993-07-12', 98393.06, 'MU02 PXXS 6445 4407 0321 8716 463Q MI');
insert into Rachunek (Id_rachunku, Id_wlasciciela, Data_zalozenia, Saldo, Nr_rachunku) values (333, 333, DATE '2014-02-20', 77178.02, 'CH72 7397 8RCQ F6CK RDEL O');
insert into Rachunek (Id_rachunku, Id_wlasciciela, Data_zalozenia, Saldo, Nr_rachunku) values (334, 334, DATE '2009-12-21', 61686.56, 'IS72 7001 2035 9822 2928 0164 93');
insert into Rachunek (Id_rachunku, Id_wlasciciela, Data_zalozenia, Saldo, Nr_rachunku) values (335, 335, DATE '2019-06-09', 89011.99, 'EE68 4645 5347 7629 0310');
insert into Rachunek (Id_rachunku, Id_wlasciciela, Data_zalozenia, Saldo, Nr_rachunku) values (336, 336, DATE '1996-01-10', 50927.51, 'KW29 VCBN 3IOD PDFJ BTE2 TEJR 8OV7 II');
insert into Rachunek (Id_rachunku, Id_wlasciciela, Data_zalozenia, Saldo, Nr_rachunku) values (337, 337, DATE '1992-11-05', 94514.95, 'HR43 4902 4638 5038 7378 0');
insert into Rachunek (Id_rachunku, Id_wlasciciela, Data_zalozenia, Saldo, Nr_rachunku) values (338, 338, DATE '2010-06-21', 93345.48, 'ME22 0729 5183 4410 7974 86');
insert into Rachunek (Id_rachunku, Id_wlasciciela, Data_zalozenia, Saldo, Nr_rachunku) values (339, 339, DATE '1990-08-20', 8486.89, 'EE94 6145 1696 7121 4664');
insert into Rachunek (Id_rachunku, Id_wlasciciela, Data_zalozenia, Saldo, Nr_rachunku) values (340, 340, DATE '1996-07-20', 66583.0, 'DE30 5852 3483 5851 4038 64');
insert into Rachunek (Id_rachunku, Id_wlasciciela, Data_zalozenia, Saldo, Nr_rachunku) values (341, 341, DATE '2006-03-20', 8329.96, 'TN15 2571 2126 5698 1268 6033');
insert into Rachunek (Id_rachunku, Id_wlasciciela, Data_zalozenia, Saldo, Nr_rachunku) values (342, 342, DATE '1999-06-20', 10675.83, 'PT29 2093 9662 1329 6694 5714 1');
insert into Rachunek (Id_rachunku, Id_wlasciciela, Data_zalozenia, Saldo, Nr_rachunku) values (343, 343, DATE '2009-09-01', 96478.75, 'FO90 5752 1792 4800 16');
insert into Rachunek (Id_rachunku, Id_wlasciciela, Data_zalozenia, Saldo, Nr_rachunku) values (344, 344, DATE '1990-11-10', 62036.48, 'FR76 9586 1902 01KB H9CL XI5L Q47');
insert into Rachunek (Id_rachunku, Id_wlasciciela, Data_zalozenia, Saldo, Nr_rachunku) values (345, 345, DATE '2019-11-28', 40606.68, 'MC49 8181 8417 209Z QASL EYU4 M34');
insert into Rachunek (Id_rachunku, Id_wlasciciela, Data_zalozenia, Saldo, Nr_rachunku) values (346, 346, DATE '1991-03-31', 89181.52, 'LT73 5551 4885 5759 2184');
insert into Rachunek (Id_rachunku, Id_wlasciciela, Data_zalozenia, Saldo, Nr_rachunku) values (347, 347, DATE '2009-12-26', 58150.42, 'GR87 0451 831S 8V5S KCE9 UTBR GHS');
insert into Rachunek (Id_rachunku, Id_wlasciciela, Data_zalozenia, Saldo, Nr_rachunku) values (348, 348, DATE '1998-05-29', 1865.07, 'FR42 7286 7452 10YC KWRQ JJX9 B97');
insert into Rachunek (Id_rachunku, Id_wlasciciela, Data_zalozenia, Saldo, Nr_rachunku) values (349, 349, DATE '2016-11-06', 38194.85, 'KZ27 485C KHNC 3WCM 7OE7');
insert into Rachunek (Id_rachunku, Id_wlasciciela, Data_zalozenia, Saldo, Nr_rachunku) values (350, 350, DATE '2001-02-26', 69284.33, 'MR34 9761 9310 0929 8849 2765 006');
insert into Rachunek (Id_rachunku, Id_wlasciciela, Data_zalozenia, Saldo, Nr_rachunku) values (351, 351, DATE '1998-05-16', 72125.18, 'IS11 6163 2756 1549 5672 0972 56');
insert into Rachunek (Id_rachunku, Id_wlasciciela, Data_zalozenia, Saldo, Nr_rachunku) values (352, 352, DATE '2008-09-05', 88706.25, 'MT75 EWZO 6228 0WIZ PJ4F RK8W FP7Q YAU');
insert into Rachunek (Id_rachunku, Id_wlasciciela, Data_zalozenia, Saldo, Nr_rachunku) values (353, 353, DATE '2020-03-26', 81191.34, 'NL73 YPQO 0627 0419 13');
insert into Rachunek (Id_rachunku, Id_wlasciciela, Data_zalozenia, Saldo, Nr_rachunku) values (354, 354, DATE '1995-06-07', 72637.7, 'FR54 9272 9169 87WQ MBQS 9WO5 E61');
insert into Rachunek (Id_rachunku, Id_wlasciciela, Data_zalozenia, Saldo, Nr_rachunku) values (355, 355, DATE '2019-09-11', 71886.76, 'LB19 8439 IAFK GNSG L4UG IF5F QNGE');
insert into Rachunek (Id_rachunku, Id_wlasciciela, Data_zalozenia, Saldo, Nr_rachunku) values (356, 356, DATE '2017-03-27', 63081.59, 'IS54 8550 1926 3802 1417 8484 88');
insert into Rachunek (Id_rachunku, Id_wlasciciela, Data_zalozenia, Saldo, Nr_rachunku) values (357, 357, DATE '2002-05-24', 69712.87, 'DK17 9353 8936 2510 49');
insert into Rachunek (Id_rachunku, Id_wlasciciela, Data_zalozenia, Saldo, Nr_rachunku) values (358, 358, DATE '1996-02-14', 69062.67, 'EE36 0349 9179 4332 2479');
insert into Rachunek (Id_rachunku, Id_wlasciciela, Data_zalozenia, Saldo, Nr_rachunku) values (359, 359, DATE '2005-07-09', 37858.99, 'CH56 4469 4JZW AGCI DIPK P');
insert into Rachunek (Id_rachunku, Id_wlasciciela, Data_zalozenia, Saldo, Nr_rachunku) values (360, 360, DATE '2006-01-06', 61720.49, 'ME50 0007 6835 0197 8794 97');
insert into Rachunek (Id_rachunku, Id_wlasciciela, Data_zalozenia, Saldo, Nr_rachunku) values (361, 361, DATE '2009-09-21', 95648.28, 'FR47 8800 0793 83VX SDYP UELG 906');
insert into Rachunek (Id_rachunku, Id_wlasciciela, Data_zalozenia, Saldo, Nr_rachunku) values (362, 362, DATE '1990-03-06', 22451.15, 'FR12 6406 5652 94ZG CDIY HUKN F81');
insert into Rachunek (Id_rachunku, Id_wlasciciela, Data_zalozenia, Saldo, Nr_rachunku) values (363, 363, DATE '1994-01-27', 17522.49, 'MT46 OLKD 9849 8MSH 3WX4 KZFV SYKB OWM');
insert into Rachunek (Id_rachunku, Id_wlasciciela, Data_zalozenia, Saldo, Nr_rachunku) values (364, 364, DATE '2012-10-09', 58262.21, 'NO41 2800 4097 570');
insert into Rachunek (Id_rachunku, Id_wlasciciela, Data_zalozenia, Saldo, Nr_rachunku) values (365, 365, DATE '2013-01-15', 1630.23, 'GB79 XMBK 3777 2351 9786 65');
insert into Rachunek (Id_rachunku, Id_wlasciciela, Data_zalozenia, Saldo, Nr_rachunku) values (366, 366, DATE '2002-10-16', 20800.28, 'MT63 MGST 1686 9S5Y 2JRF DUPZ VDFI ZVL');
insert into Rachunek (Id_rachunku, Id_wlasciciela, Data_zalozenia, Saldo, Nr_rachunku) values (367, 367, DATE '2005-01-18', 83003.12, 'HR73 1817 9530 9636 5511 6');
insert into Rachunek (Id_rachunku, Id_wlasciciela, Data_zalozenia, Saldo, Nr_rachunku) values (368, 368, DATE '2005-11-13', 93028.22, 'FR72 3915 5356 00UE U8KP GUWQ W44');
insert into Rachunek (Id_rachunku, Id_wlasciciela, Data_zalozenia, Saldo, Nr_rachunku) values (369, 369, DATE '1998-06-19', 5990.66, 'BR77 4659 7464 5724 6857 4961 606P 2');
insert into Rachunek (Id_rachunku, Id_wlasciciela, Data_zalozenia, Saldo, Nr_rachunku) values (370, 370, DATE '2009-08-26', 65086.98, 'FR05 4522 4721 895T ELAB XL2U W05');
insert into Rachunek (Id_rachunku, Id_wlasciciela, Data_zalozenia, Saldo, Nr_rachunku) values (371, 371, DATE '2010-02-08', 7714.3, 'FR47 3142 5007 530U RZ1T ZMLQ U09');
insert into Rachunek (Id_rachunku, Id_wlasciciela, Data_zalozenia, Saldo, Nr_rachunku) values (372, 372, DATE '2012-10-03', 11833.55, 'MU45 YERS 9853 7549 1305 6721 052S RD');
insert into Rachunek (Id_rachunku, Id_wlasciciela, Data_zalozenia, Saldo, Nr_rachunku) values (373, 373, DATE '2011-11-13', 2587.06, 'AL20 0735 8429 RKA8 EVJA MH7T LPCC');
insert into Rachunek (Id_rachunku, Id_wlasciciela, Data_zalozenia, Saldo, Nr_rachunku) values (374, 374, DATE '2007-10-05', 90937.31, 'PS19 WDVU SAKS TBDX A7UA J0XV RJQ9 F');
insert into Rachunek (Id_rachunku, Id_wlasciciela, Data_zalozenia, Saldo, Nr_rachunku) values (375, 375, DATE '1993-05-31', 10646.77, 'FR80 0438 8772 50FR PQY7 2DDR 147');
insert into Rachunek (Id_rachunku, Id_wlasciciela, Data_zalozenia, Saldo, Nr_rachunku) values (376, 376, DATE '1998-07-29', 11943.91, 'KW20 LBMA U3UE FWJF A06I OITZ KLF1 ZW');
insert into Rachunek (Id_rachunku, Id_wlasciciela, Data_zalozenia, Saldo, Nr_rachunku) values (377, 377, DATE '1990-04-14', 28470.16, 'RS73 3524 8987 2739 2262 28');
insert into Rachunek (Id_rachunku, Id_wlasciciela, Data_zalozenia, Saldo, Nr_rachunku) values (378, 378, DATE '2008-10-22', 95750.87, 'GL50 6881 2911 9101 75');
insert into Rachunek (Id_rachunku, Id_wlasciciela, Data_zalozenia, Saldo, Nr_rachunku) values (379, 379, DATE '2010-09-22', 65639.65, 'ES95 0132 6208 5505 0137 3351');
insert into Rachunek (Id_rachunku, Id_wlasciciela, Data_zalozenia, Saldo, Nr_rachunku) values (380, 380, DATE '1990-08-06', 92381.64, 'AE77 4824 4092 1689 9022 086');
insert into Rachunek (Id_rachunku, Id_wlasciciela, Data_zalozenia, Saldo, Nr_rachunku) values (381, 381, DATE '2019-07-08', 38455.05, 'BG10 YMZB 7582 55F5 20FX 6P');
insert into Rachunek (Id_rachunku, Id_wlasciciela, Data_zalozenia, Saldo, Nr_rachunku) values (382, 382, DATE '2005-03-06', 64201.33, 'NL54 QLTP 8778 4369 88');
insert into Rachunek (Id_rachunku, Id_wlasciciela, Data_zalozenia, Saldo, Nr_rachunku) values (383, 383, DATE '2007-01-19', 11168.81, 'DO89 K4WP 4036 9186 8440 6303 9059');
insert into Rachunek (Id_rachunku, Id_wlasciciela, Data_zalozenia, Saldo, Nr_rachunku) values (384, 384, DATE '1994-05-25', 75187.44, 'MT85 EDWF 5268 5ARR JR1T VB8D XWFV L9L');
insert into Rachunek (Id_rachunku, Id_wlasciciela, Data_zalozenia, Saldo, Nr_rachunku) values (385, 385, DATE '2002-12-15', 46894.41, 'HR53 7830 8766 3786 1529 7');
insert into Rachunek (Id_rachunku, Id_wlasciciela, Data_zalozenia, Saldo, Nr_rachunku) values (386, 386, DATE '1997-02-23', 64487.3, 'MT91 UWZG 2709 8AM4 BNKI 6OTG 3ABM HTS');
insert into Rachunek (Id_rachunku, Id_wlasciciela, Data_zalozenia, Saldo, Nr_rachunku) values (387, 387, DATE '2000-08-07', 30155.44, 'RS42 5397 4319 1792 8845 69');
insert into Rachunek (Id_rachunku, Id_wlasciciela, Data_zalozenia, Saldo, Nr_rachunku) values (388, 388, DATE '2007-12-22', 45656.68, 'BR27 7303 9523 3401 3253 3716 219C 9');
insert into Rachunek (Id_rachunku, Id_wlasciciela, Data_zalozenia, Saldo, Nr_rachunku) values (389, 389, DATE '2014-03-24', 97335.96, 'IT13 Z022 9378 504J TJ9Y F1SU HWZ');
insert into Rachunek (Id_rachunku, Id_wlasciciela, Data_zalozenia, Saldo, Nr_rachunku) values (390, 390, DATE '2015-06-17', 90019.73, 'AD39 6975 0198 DYK7 TIEX ILCR');
insert into Rachunek (Id_rachunku, Id_wlasciciela, Data_zalozenia, Saldo, Nr_rachunku) values (391, 391, DATE '2018-09-11', 41699.03, 'RO58 IBDF 4CQP KOPK QL2W HQTI');
insert into Rachunek (Id_rachunku, Id_wlasciciela, Data_zalozenia, Saldo, Nr_rachunku) values (392, 392, DATE '1992-01-04', 80693.85, 'ES59 8973 5073 7137 0294 3100');
insert into Rachunek (Id_rachunku, Id_wlasciciela, Data_zalozenia, Saldo, Nr_rachunku) values (393, 393, DATE '1991-07-09', 3700.08, 'MT65 NCPS 6858 6RSZ SUB6 JHMD 4MN1 VVR');
insert into Rachunek (Id_rachunku, Id_wlasciciela, Data_zalozenia, Saldo, Nr_rachunku) values (394, 394, DATE '2015-06-14', 18868.01, 'IE53 PWCZ 6147 1554 6560 87');
insert into Rachunek (Id_rachunku, Id_wlasciciela, Data_zalozenia, Saldo, Nr_rachunku) values (395, 395, DATE '1993-02-09', 75438.63, 'FR39 8499 2412 59BJ 1MIR NEWG X48');
insert into Rachunek (Id_rachunku, Id_wlasciciela, Data_zalozenia, Saldo, Nr_rachunku) values (396, 396, DATE '2001-01-18', 74723.65, 'SE20 0813 1938 2728 4650 6192');
insert into Rachunek (Id_rachunku, Id_wlasciciela, Data_zalozenia, Saldo, Nr_rachunku) values (397, 397, DATE '2005-06-22', 15621.26, 'FR58 8355 6254 24ZB 5XZ3 STFJ S29');
insert into Rachunek (Id_rachunku, Id_wlasciciela, Data_zalozenia, Saldo, Nr_rachunku) values (398, 398, DATE '1999-09-05', 21625.03, 'TN97 5387 1797 4412 8813 3441');
insert into Rachunek (Id_rachunku, Id_wlasciciela, Data_zalozenia, Saldo, Nr_rachunku) values (399, 399, DATE '1996-12-06', 19143.19, 'DE86 6090 7734 3397 0998 88');
insert into Rachunek (Id_rachunku, Id_wlasciciela, Data_zalozenia, Saldo, Nr_rachunku) values (400, 400, DATE '2001-12-11', 19264.98, 'FR79 3985 8317 69PA YDS2 AYWH L02');
insert into Czas (Id_czasu, Rok, Miesiac, Dzien, Godzina, Minuty) values (1, 2000, 6, 20, 1, 30);
insert into Czas (Id_czasu, Rok, Miesiac, Dzien, Godzina, Minuty) values (2, 2018, 1, 3, 14, 43);
insert into Czas (Id_czasu, Rok, Miesiac, Dzien, Godzina, Minuty) values (3, 1998, 5, 17, 22, 54);
insert into Czas (Id_czasu, Rok, Miesiac, Dzien, Godzina, Minuty) values (4, 2011, 5, 24, 4, 8);
insert into Czas (Id_czasu, Rok, Miesiac, Dzien, Godzina, Minuty) values (5, 2006, 11, 27, 6, 14);
insert into Czas (Id_czasu, Rok, Miesiac, Dzien, Godzina, Minuty) values (6, 2006, 9, 13, 2, 30);
insert into Czas (Id_czasu, Rok, Miesiac, Dzien, Godzina, Minuty) values (7, 1992, 6, 16, 18, 8);
insert into Czas (Id_czasu, Rok, Miesiac, Dzien, Godzina, Minuty) values (8, 1990, 5, 7, 18, 57);
insert into Czas (Id_czasu, Rok, Miesiac, Dzien, Godzina, Minuty) values (9, 1995, 1, 24, 11, 16);
insert into Czas (Id_czasu, Rok, Miesiac, Dzien, Godzina, Minuty) values (10, 2010, 3, 12, 16, 21);
insert into Czas (Id_czasu, Rok, Miesiac, Dzien, Godzina, Minuty) values (11, 2012, 8, 21, 13, 24);
insert into Czas (Id_czasu, Rok, Miesiac, Dzien, Godzina, Minuty) values (12, 2004, 6, 17, 17, 58);
insert into Czas (Id_czasu, Rok, Miesiac, Dzien, Godzina, Minuty) values (13, 2014, 12, 6, 6, 57);
insert into Czas (Id_czasu, Rok, Miesiac, Dzien, Godzina, Minuty) values (14, 2008, 6, 20, 20, 2);
insert into Czas (Id_czasu, Rok, Miesiac, Dzien, Godzina, Minuty) values (15, 2016, 11, 29, 20, 11);
insert into Czas (Id_czasu, Rok, Miesiac, Dzien, Godzina, Minuty) values (16, 2001, 12, 4, 4, 1);
insert into Czas (Id_czasu, Rok, Miesiac, Dzien, Godzina, Minuty) values (17, 2008, 8, 6, 6, 12);
insert into Czas (Id_czasu, Rok, Miesiac, Dzien, Godzina, Minuty) values (18, 1994, 3, 10, 14, 28);
insert into Czas (Id_czasu, Rok, Miesiac, Dzien, Godzina, Minuty) values (19, 2013, 8, 6, 19, 53);
insert into Czas (Id_czasu, Rok, Miesiac, Dzien, Godzina, Minuty) values (20, 1991, 12, 12, 12, 11);
insert into Czas (Id_czasu, Rok, Miesiac, Dzien, Godzina, Minuty) values (21, 2000, 1, 17, 16, 22);
insert into Czas (Id_czasu, Rok, Miesiac, Dzien, Godzina, Minuty) values (22, 1992, 10, 9, 15, 12);
insert into Czas (Id_czasu, Rok, Miesiac, Dzien, Godzina, Minuty) values (23, 1996, 7, 16, 10, 52);
insert into Czas (Id_czasu, Rok, Miesiac, Dzien, Godzina, Minuty) values (24, 2010, 5, 3, 20, 24);
insert into Czas (Id_czasu, Rok, Miesiac, Dzien, Godzina, Minuty) values (25, 2001, 6, 24, 21, 41);
insert into Czas (Id_czasu, Rok, Miesiac, Dzien, Godzina, Minuty) values (26, 2005, 8, 10, 21, 10);
insert into Czas (Id_czasu, Rok, Miesiac, Dzien, Godzina, Minuty) values (27, 1994, 2, 20, 20, 13);
insert into Czas (Id_czasu, Rok, Miesiac, Dzien, Godzina, Minuty) values (28, 2008, 9, 17, 10, 53);
insert into Czas (Id_czasu, Rok, Miesiac, Dzien, Godzina, Minuty) values (29, 2007, 3, 28, 4, 20);
insert into Czas (Id_czasu, Rok, Miesiac, Dzien, Godzina, Minuty) values (30, 2017, 3, 29, 1, 8);
insert into Czas (Id_czasu, Rok, Miesiac, Dzien, Godzina, Minuty) values (31, 1999, 3, 1, 8, 0);
insert into Czas (Id_czasu, Rok, Miesiac, Dzien, Godzina, Minuty) values (32, 1995, 10, 5, 3, 30);
insert into Czas (Id_czasu, Rok, Miesiac, Dzien, Godzina, Minuty) values (33, 1996, 4, 9, 2, 56);
insert into Czas (Id_czasu, Rok, Miesiac, Dzien, Godzina, Minuty) values (34, 1994, 3, 4, 9, 29);
insert into Czas (Id_czasu, Rok, Miesiac, Dzien, Godzina, Minuty) values (35, 1999, 11, 1, 7, 33);
insert into Czas (Id_czasu, Rok, Miesiac, Dzien, Godzina, Minuty) values (36, 2005, 10, 16, 18, 1);
insert into Czas (Id_czasu, Rok, Miesiac, Dzien, Godzina, Minuty) values (37, 2001, 2, 2, 7, 59);
insert into Czas (Id_czasu, Rok, Miesiac, Dzien, Godzina, Minuty) values (38, 2010, 1, 11, 1, 27);
insert into Czas (Id_czasu, Rok, Miesiac, Dzien, Godzina, Minuty) values (39, 1996, 3, 18, 21, 33);
insert into Czas (Id_czasu, Rok, Miesiac, Dzien, Godzina, Minuty) values (40, 2019, 5, 20, 1, 44);
insert into Czas (Id_czasu, Rok, Miesiac, Dzien, Godzina, Minuty) values (41, 1996, 7, 4, 22, 17);
insert into Czas (Id_czasu, Rok, Miesiac, Dzien, Godzina, Minuty) values (42, 1995, 1, 2, 23, 28);
insert into Czas (Id_czasu, Rok, Miesiac, Dzien, Godzina, Minuty) values (43, 2019, 10, 23, 22, 59);
insert into Czas (Id_czasu, Rok, Miesiac, Dzien, Godzina, Minuty) values (44, 2005, 9, 20, 13, 40);
insert into Czas (Id_czasu, Rok, Miesiac, Dzien, Godzina, Minuty) values (45, 2007, 12, 16, 7, 7);
insert into Czas (Id_czasu, Rok, Miesiac, Dzien, Godzina, Minuty) values (46, 2019, 2, 13, 15, 40);
insert into Czas (Id_czasu, Rok, Miesiac, Dzien, Godzina, Minuty) values (47, 2000, 1, 12, 14, 55);
insert into Czas (Id_czasu, Rok, Miesiac, Dzien, Godzina, Minuty) values (48, 2018, 5, 6, 0, 51);
insert into Czas (Id_czasu, Rok, Miesiac, Dzien, Godzina, Minuty) values (49, 1991, 4, 23, 23, 21);
insert into Czas (Id_czasu, Rok, Miesiac, Dzien, Godzina, Minuty) values (50, 2019, 12, 6, 3, 45);
insert into Czas (Id_czasu, Rok, Miesiac, Dzien, Godzina, Minuty) values (51, 1998, 8, 7, 13, 34);
insert into Czas (Id_czasu, Rok, Miesiac, Dzien, Godzina, Minuty) values (52, 2009, 7, 10, 2, 53);
insert into Czas (Id_czasu, Rok, Miesiac, Dzien, Godzina, Minuty) values (53, 2012, 5, 19, 17, 11);
insert into Czas (Id_czasu, Rok, Miesiac, Dzien, Godzina, Minuty) values (54, 2016, 12, 3, 16, 2);
insert into Czas (Id_czasu, Rok, Miesiac, Dzien, Godzina, Minuty) values (55, 1993, 12, 11, 18, 25);
insert into Czas (Id_czasu, Rok, Miesiac, Dzien, Godzina, Minuty) values (56, 2001, 12, 29, 16, 21);
insert into Czas (Id_czasu, Rok, Miesiac, Dzien, Godzina, Minuty) values (57, 1990, 10, 10, 22, 11);
insert into Czas (Id_czasu, Rok, Miesiac, Dzien, Godzina, Minuty) values (58, 2015, 1, 22, 5, 51);
insert into Czas (Id_czasu, Rok, Miesiac, Dzien, Godzina, Minuty) values (59, 2014, 8, 9, 11, 39);
insert into Czas (Id_czasu, Rok, Miesiac, Dzien, Godzina, Minuty) values (60, 2004, 2, 17, 12, 11);
insert into Czas (Id_czasu, Rok, Miesiac, Dzien, Godzina, Minuty) values (61, 2015, 11, 6, 4, 27);
insert into Czas (Id_czasu, Rok, Miesiac, Dzien, Godzina, Minuty) values (62, 2007, 6, 11, 22, 6);
insert into Czas (Id_czasu, Rok, Miesiac, Dzien, Godzina, Minuty) values (63, 2017, 6, 15, 2, 18);
insert into Czas (Id_czasu, Rok, Miesiac, Dzien, Godzina, Minuty) values (64, 2018, 10, 1, 23, 16);
insert into Czas (Id_czasu, Rok, Miesiac, Dzien, Godzina, Minuty) values (65, 1996, 9, 22, 18, 42);
insert into Czas (Id_czasu, Rok, Miesiac, Dzien, Godzina, Minuty) values (66, 1999, 12, 12, 7, 46);
insert into Czas (Id_czasu, Rok, Miesiac, Dzien, Godzina, Minuty) values (67, 2012, 4, 1, 21, 49);
insert into Czas (Id_czasu, Rok, Miesiac, Dzien, Godzina, Minuty) values (68, 1996, 11, 19, 9, 3);
insert into Czas (Id_czasu, Rok, Miesiac, Dzien, Godzina, Minuty) values (69, 1992, 12, 24, 0, 33);
insert into Czas (Id_czasu, Rok, Miesiac, Dzien, Godzina, Minuty) values (70, 2008, 11, 9, 21, 48);
insert into Czas (Id_czasu, Rok, Miesiac, Dzien, Godzina, Minuty) values (71, 2015, 8, 24, 3, 6);
insert into Czas (Id_czasu, Rok, Miesiac, Dzien, Godzina, Minuty) values (72, 1990, 5, 22, 20, 13);
insert into Czas (Id_czasu, Rok, Miesiac, Dzien, Godzina, Minuty) values (73, 2018, 12, 4, 18, 28);
insert into Czas (Id_czasu, Rok, Miesiac, Dzien, Godzina, Minuty) values (74, 1994, 9, 28, 4, 15);
insert into Czas (Id_czasu, Rok, Miesiac, Dzien, Godzina, Minuty) values (75, 1998, 11, 6, 18, 11);
insert into Czas (Id_czasu, Rok, Miesiac, Dzien, Godzina, Minuty) values (76, 1997, 4, 5, 1, 3);
insert into Czas (Id_czasu, Rok, Miesiac, Dzien, Godzina, Minuty) values (77, 1994, 9, 25, 20, 15);
insert into Czas (Id_czasu, Rok, Miesiac, Dzien, Godzina, Minuty) values (78, 2000, 4, 29, 7, 35);
insert into Czas (Id_czasu, Rok, Miesiac, Dzien, Godzina, Minuty) values (79, 2015, 6, 24, 8, 38);
insert into Czas (Id_czasu, Rok, Miesiac, Dzien, Godzina, Minuty) values (80, 1992, 2, 25, 20, 50);
insert into Czas (Id_czasu, Rok, Miesiac, Dzien, Godzina, Minuty) values (81, 1993, 5, 30, 11, 6);
insert into Czas (Id_czasu, Rok, Miesiac, Dzien, Godzina, Minuty) values (82, 2019, 10, 13, 2, 38);
insert into Czas (Id_czasu, Rok, Miesiac, Dzien, Godzina, Minuty) values (83, 2012, 5, 9, 17, 18);
insert into Czas (Id_czasu, Rok, Miesiac, Dzien, Godzina, Minuty) values (84, 1999, 2, 10, 3, 26);
insert into Czas (Id_czasu, Rok, Miesiac, Dzien, Godzina, Minuty) values (85, 2010, 1, 11, 22, 23);
insert into Czas (Id_czasu, Rok, Miesiac, Dzien, Godzina, Minuty) values (86, 2003, 12, 12, 5, 33);
insert into Czas (Id_czasu, Rok, Miesiac, Dzien, Godzina, Minuty) values (87, 2018, 6, 13, 6, 22);
insert into Czas (Id_czasu, Rok, Miesiac, Dzien, Godzina, Minuty) values (88, 2000, 10, 2, 14, 28);
insert into Czas (Id_czasu, Rok, Miesiac, Dzien, Godzina, Minuty) values (89, 2014, 3, 16, 10, 32);
insert into Czas (Id_czasu, Rok, Miesiac, Dzien, Godzina, Minuty) values (90, 2017, 10, 28, 23, 18);
insert into Czas (Id_czasu, Rok, Miesiac, Dzien, Godzina, Minuty) values (91, 2017, 3, 2, 22, 57);
insert into Czas (Id_czasu, Rok, Miesiac, Dzien, Godzina, Minuty) values (92, 2000, 11, 12, 1, 50);
insert into Czas (Id_czasu, Rok, Miesiac, Dzien, Godzina, Minuty) values (93, 2000, 10, 14, 2, 21);
insert into Czas (Id_czasu, Rok, Miesiac, Dzien, Godzina, Minuty) values (94, 2011, 3, 1, 0, 5);
insert into Czas (Id_czasu, Rok, Miesiac, Dzien, Godzina, Minuty) values (95, 2016, 8, 6, 2, 10);
insert into Czas (Id_czasu, Rok, Miesiac, Dzien, Godzina, Minuty) values (96, 2015, 11, 23, 6, 26);
insert into Czas (Id_czasu, Rok, Miesiac, Dzien, Godzina, Minuty) values (97, 2001, 6, 18, 14, 25);
insert into Czas (Id_czasu, Rok, Miesiac, Dzien, Godzina, Minuty) values (98, 2017, 5, 21, 15, 2);
insert into Czas (Id_czasu, Rok, Miesiac, Dzien, Godzina, Minuty) values (99, 2001, 9, 3, 20, 59);
insert into Czas (Id_czasu, Rok, Miesiac, Dzien, Godzina, Minuty) values (100, 1991, 4, 13, 9, 58);
insert into Czas (Id_czasu, Rok, Miesiac, Dzien, Godzina, Minuty) values (101, 2003, 3, 26, 9, 16);
insert into Czas (Id_czasu, Rok, Miesiac, Dzien, Godzina, Minuty) values (102, 1999, 4, 2, 18, 36);
insert into Czas (Id_czasu, Rok, Miesiac, Dzien, Godzina, Minuty) values (103, 2010, 11, 10, 6, 58);
insert into Czas (Id_czasu, Rok, Miesiac, Dzien, Godzina, Minuty) values (104, 2008, 1, 10, 2, 15);
insert into Czas (Id_czasu, Rok, Miesiac, Dzien, Godzina, Minuty) values (105, 2015, 12, 29, 10, 18);
insert into Czas (Id_czasu, Rok, Miesiac, Dzien, Godzina, Minuty) values (106, 1997, 9, 3, 2, 49);
insert into Czas (Id_czasu, Rok, Miesiac, Dzien, Godzina, Minuty) values (107, 2016, 9, 3, 10, 42);
insert into Czas (Id_czasu, Rok, Miesiac, Dzien, Godzina, Minuty) values (108, 2000, 9, 21, 3, 10);
insert into Czas (Id_czasu, Rok, Miesiac, Dzien, Godzina, Minuty) values (109, 2019, 9, 30, 10, 58);
insert into Czas (Id_czasu, Rok, Miesiac, Dzien, Godzina, Minuty) values (110, 2008, 1, 9, 0, 42);
insert into Czas (Id_czasu, Rok, Miesiac, Dzien, Godzina, Minuty) values (111, 2014, 11, 30, 22, 36);
insert into Czas (Id_czasu, Rok, Miesiac, Dzien, Godzina, Minuty) values (112, 2020, 7, 8, 12, 33);
insert into Czas (Id_czasu, Rok, Miesiac, Dzien, Godzina, Minuty) values (113, 2002, 12, 10, 16, 22);
insert into Czas (Id_czasu, Rok, Miesiac, Dzien, Godzina, Minuty) values (114, 1990, 3, 9, 1, 13);
insert into Czas (Id_czasu, Rok, Miesiac, Dzien, Godzina, Minuty) values (115, 2001, 10, 30, 11, 58);
insert into Czas (Id_czasu, Rok, Miesiac, Dzien, Godzina, Minuty) values (116, 2004, 5, 9, 2, 10);
insert into Czas (Id_czasu, Rok, Miesiac, Dzien, Godzina, Minuty) values (117, 2017, 1, 18, 12, 23);
insert into Czas (Id_czasu, Rok, Miesiac, Dzien, Godzina, Minuty) values (118, 2002, 11, 11, 10, 23);
insert into Czas (Id_czasu, Rok, Miesiac, Dzien, Godzina, Minuty) values (119, 1998, 8, 21, 21, 57);
insert into Czas (Id_czasu, Rok, Miesiac, Dzien, Godzina, Minuty) values (120, 2002, 6, 30, 9, 10);
insert into Czas (Id_czasu, Rok, Miesiac, Dzien, Godzina, Minuty) values (121, 2005, 11, 5, 2, 22);
insert into Czas (Id_czasu, Rok, Miesiac, Dzien, Godzina, Minuty) values (122, 2018, 9, 9, 23, 7);
insert into Czas (Id_czasu, Rok, Miesiac, Dzien, Godzina, Minuty) values (123, 1992, 9, 16, 21, 29);
insert into Czas (Id_czasu, Rok, Miesiac, Dzien, Godzina, Minuty) values (124, 2015, 9, 11, 14, 35);
insert into Czas (Id_czasu, Rok, Miesiac, Dzien, Godzina, Minuty) values (125, 2020, 8, 22, 10, 57);
insert into Czas (Id_czasu, Rok, Miesiac, Dzien, Godzina, Minuty) values (126, 2018, 5, 23, 2, 43);
insert into Czas (Id_czasu, Rok, Miesiac, Dzien, Godzina, Minuty) values (127, 2014, 5, 26, 0, 17);
insert into Czas (Id_czasu, Rok, Miesiac, Dzien, Godzina, Minuty) values (128, 1990, 10, 20, 18, 29);
insert into Czas (Id_czasu, Rok, Miesiac, Dzien, Godzina, Minuty) values (129, 1999, 12, 21, 13, 6);
insert into Czas (Id_czasu, Rok, Miesiac, Dzien, Godzina, Minuty) values (130, 2010, 12, 26, 21, 3);
insert into Czas (Id_czasu, Rok, Miesiac, Dzien, Godzina, Minuty) values (131, 2015, 4, 12, 5, 10);
insert into Czas (Id_czasu, Rok, Miesiac, Dzien, Godzina, Minuty) values (132, 2018, 6, 28, 9, 11);
insert into Czas (Id_czasu, Rok, Miesiac, Dzien, Godzina, Minuty) values (133, 2012, 6, 14, 4, 46);
insert into Czas (Id_czasu, Rok, Miesiac, Dzien, Godzina, Minuty) values (134, 1993, 11, 21, 3, 8);
insert into Czas (Id_czasu, Rok, Miesiac, Dzien, Godzina, Minuty) values (135, 1992, 1, 8, 3, 35);
insert into Czas (Id_czasu, Rok, Miesiac, Dzien, Godzina, Minuty) values (136, 1993, 7, 7, 18, 18);
insert into Czas (Id_czasu, Rok, Miesiac, Dzien, Godzina, Minuty) values (137, 2009, 7, 9, 1, 3);
insert into Czas (Id_czasu, Rok, Miesiac, Dzien, Godzina, Minuty) values (138, 1999, 4, 10, 22, 40);
insert into Czas (Id_czasu, Rok, Miesiac, Dzien, Godzina, Minuty) values (139, 2004, 1, 16, 0, 2);
insert into Czas (Id_czasu, Rok, Miesiac, Dzien, Godzina, Minuty) values (140, 1997, 2, 2, 11, 41);
insert into Czas (Id_czasu, Rok, Miesiac, Dzien, Godzina, Minuty) values (141, 2007, 2, 2, 23, 29);
insert into Czas (Id_czasu, Rok, Miesiac, Dzien, Godzina, Minuty) values (142, 1990, 9, 8, 20, 55);
insert into Czas (Id_czasu, Rok, Miesiac, Dzien, Godzina, Minuty) values (143, 2014, 8, 10, 2, 35);
insert into Czas (Id_czasu, Rok, Miesiac, Dzien, Godzina, Minuty) values (144, 2007, 4, 13, 19, 41);
insert into Czas (Id_czasu, Rok, Miesiac, Dzien, Godzina, Minuty) values (145, 2011, 8, 28, 13, 50);
insert into Czas (Id_czasu, Rok, Miesiac, Dzien, Godzina, Minuty) values (146, 1993, 10, 6, 18, 32);
insert into Czas (Id_czasu, Rok, Miesiac, Dzien, Godzina, Minuty) values (147, 1994, 3, 29, 3, 13);
insert into Czas (Id_czasu, Rok, Miesiac, Dzien, Godzina, Minuty) values (148, 2015, 4, 11, 4, 25);
insert into Czas (Id_czasu, Rok, Miesiac, Dzien, Godzina, Minuty) values (149, 2012, 11, 20, 2, 53);
insert into Czas (Id_czasu, Rok, Miesiac, Dzien, Godzina, Minuty) values (150, 1992, 1, 26, 7, 0);
insert into Czas (Id_czasu, Rok, Miesiac, Dzien, Godzina, Minuty) values (151, 2017, 9, 6, 19, 7);
insert into Czas (Id_czasu, Rok, Miesiac, Dzien, Godzina, Minuty) values (152, 2013, 12, 27, 23, 38);
insert into Czas (Id_czasu, Rok, Miesiac, Dzien, Godzina, Minuty) values (153, 1999, 11, 13, 2, 2);
insert into Czas (Id_czasu, Rok, Miesiac, Dzien, Godzina, Minuty) values (154, 2002, 4, 28, 17, 27);
insert into Czas (Id_czasu, Rok, Miesiac, Dzien, Godzina, Minuty) values (155, 2008, 8, 14, 23, 19);
insert into Czas (Id_czasu, Rok, Miesiac, Dzien, Godzina, Minuty) values (156, 2019, 11, 26, 1, 50);
insert into Czas (Id_czasu, Rok, Miesiac, Dzien, Godzina, Minuty) values (157, 1995, 1, 28, 16, 24);
insert into Czas (Id_czasu, Rok, Miesiac, Dzien, Godzina, Minuty) values (158, 2000, 3, 18, 14, 24);
insert into Czas (Id_czasu, Rok, Miesiac, Dzien, Godzina, Minuty) values (159, 1990, 3, 20, 22, 54);
insert into Czas (Id_czasu, Rok, Miesiac, Dzien, Godzina, Minuty) values (160, 2016, 5, 2, 3, 22);
insert into Czas (Id_czasu, Rok, Miesiac, Dzien, Godzina, Minuty) values (161, 2020, 9, 16, 9, 37);
insert into Czas (Id_czasu, Rok, Miesiac, Dzien, Godzina, Minuty) values (162, 2007, 10, 23, 13, 5);
insert into Czas (Id_czasu, Rok, Miesiac, Dzien, Godzina, Minuty) values (163, 2019, 8, 19, 9, 45);
insert into Czas (Id_czasu, Rok, Miesiac, Dzien, Godzina, Minuty) values (164, 1992, 10, 13, 22, 14);
insert into Czas (Id_czasu, Rok, Miesiac, Dzien, Godzina, Minuty) values (165, 1991, 10, 16, 6, 29);
insert into Czas (Id_czasu, Rok, Miesiac, Dzien, Godzina, Minuty) values (166, 1996, 3, 18, 9, 23);
insert into Czas (Id_czasu, Rok, Miesiac, Dzien, Godzina, Minuty) values (167, 1997, 11, 1, 22, 39);
insert into Czas (Id_czasu, Rok, Miesiac, Dzien, Godzina, Minuty) values (168, 2019, 3, 8, 6, 7);
insert into Czas (Id_czasu, Rok, Miesiac, Dzien, Godzina, Minuty) values (169, 1993, 2, 12, 12, 3);
insert into Czas (Id_czasu, Rok, Miesiac, Dzien, Godzina, Minuty) values (170, 2003, 9, 24, 7, 33);
insert into Czas (Id_czasu, Rok, Miesiac, Dzien, Godzina, Minuty) values (171, 2004, 11, 22, 9, 0);
insert into Czas (Id_czasu, Rok, Miesiac, Dzien, Godzina, Minuty) values (172, 2015, 2, 23, 3, 33);
insert into Czas (Id_czasu, Rok, Miesiac, Dzien, Godzina, Minuty) values (173, 2011, 4, 30, 8, 14);
insert into Czas (Id_czasu, Rok, Miesiac, Dzien, Godzina, Minuty) values (174, 2006, 10, 17, 11, 55);
insert into Czas (Id_czasu, Rok, Miesiac, Dzien, Godzina, Minuty) values (175, 1990, 12, 15, 7, 34);
insert into Czas (Id_czasu, Rok, Miesiac, Dzien, Godzina, Minuty) values (176, 1990, 4, 30, 13, 59);
insert into Czas (Id_czasu, Rok, Miesiac, Dzien, Godzina, Minuty) values (177, 2007, 8, 26, 18, 20);
insert into Czas (Id_czasu, Rok, Miesiac, Dzien, Godzina, Minuty) values (178, 2007, 1, 10, 23, 3);
insert into Czas (Id_czasu, Rok, Miesiac, Dzien, Godzina, Minuty) values (179, 1990, 1, 24, 3, 38);
insert into Czas (Id_czasu, Rok, Miesiac, Dzien, Godzina, Minuty) values (180, 1998, 11, 28, 11, 10);
insert into Czas (Id_czasu, Rok, Miesiac, Dzien, Godzina, Minuty) values (181, 2018, 9, 21, 13, 24);
insert into Czas (Id_czasu, Rok, Miesiac, Dzien, Godzina, Minuty) values (182, 2005, 3, 10, 17, 0);
insert into Czas (Id_czasu, Rok, Miesiac, Dzien, Godzina, Minuty) values (183, 2010, 3, 1, 3, 48);
insert into Czas (Id_czasu, Rok, Miesiac, Dzien, Godzina, Minuty) values (184, 2006, 11, 25, 10, 48);
insert into Czas (Id_czasu, Rok, Miesiac, Dzien, Godzina, Minuty) values (185, 2007, 6, 2, 5, 33);
insert into Czas (Id_czasu, Rok, Miesiac, Dzien, Godzina, Minuty) values (186, 2007, 9, 4, 20, 16);
insert into Czas (Id_czasu, Rok, Miesiac, Dzien, Godzina, Minuty) values (187, 2010, 11, 4, 23, 36);
insert into Czas (Id_czasu, Rok, Miesiac, Dzien, Godzina, Minuty) values (188, 2009, 8, 12, 3, 42);
insert into Czas (Id_czasu, Rok, Miesiac, Dzien, Godzina, Minuty) values (189, 2019, 12, 19, 17, 19);
insert into Czas (Id_czasu, Rok, Miesiac, Dzien, Godzina, Minuty) values (190, 2015, 4, 6, 2, 37);
insert into Czas (Id_czasu, Rok, Miesiac, Dzien, Godzina, Minuty) values (191, 1993, 9, 3, 13, 53);
insert into Czas (Id_czasu, Rok, Miesiac, Dzien, Godzina, Minuty) values (192, 1998, 10, 29, 18, 12);
insert into Czas (Id_czasu, Rok, Miesiac, Dzien, Godzina, Minuty) values (193, 1992, 7, 1, 10, 6);
insert into Czas (Id_czasu, Rok, Miesiac, Dzien, Godzina, Minuty) values (194, 2001, 11, 3, 10, 52);
insert into Czas (Id_czasu, Rok, Miesiac, Dzien, Godzina, Minuty) values (195, 2019, 10, 11, 17, 43);
insert into Czas (Id_czasu, Rok, Miesiac, Dzien, Godzina, Minuty) values (196, 1995, 1, 4, 21, 0);
insert into Czas (Id_czasu, Rok, Miesiac, Dzien, Godzina, Minuty) values (197, 2006, 6, 24, 8, 24);
insert into Czas (Id_czasu, Rok, Miesiac, Dzien, Godzina, Minuty) values (198, 2001, 4, 20, 7, 37);
insert into Czas (Id_czasu, Rok, Miesiac, Dzien, Godzina, Minuty) values (199, 1998, 7, 16, 15, 10);
insert into Czas (Id_czasu, Rok, Miesiac, Dzien, Godzina, Minuty) values (200, 2006, 11, 23, 19, 43);
insert into Czas (Id_czasu, Rok, Miesiac, Dzien, Godzina, Minuty) values (201, 2019, 7, 21, 16, 51);
insert into Czas (Id_czasu, Rok, Miesiac, Dzien, Godzina, Minuty) values (202, 2001, 6, 20, 2, 13);
insert into Czas (Id_czasu, Rok, Miesiac, Dzien, Godzina, Minuty) values (203, 1990, 11, 28, 14, 52);
insert into Czas (Id_czasu, Rok, Miesiac, Dzien, Godzina, Minuty) values (204, 2003, 8, 5, 3, 27);
insert into Czas (Id_czasu, Rok, Miesiac, Dzien, Godzina, Minuty) values (205, 2011, 11, 26, 12, 2);
insert into Czas (Id_czasu, Rok, Miesiac, Dzien, Godzina, Minuty) values (206, 1995, 3, 16, 21, 34);
insert into Czas (Id_czasu, Rok, Miesiac, Dzien, Godzina, Minuty) values (207, 2019, 4, 13, 14, 35);
insert into Czas (Id_czasu, Rok, Miesiac, Dzien, Godzina, Minuty) values (208, 2010, 10, 11, 0, 51);
insert into Czas (Id_czasu, Rok, Miesiac, Dzien, Godzina, Minuty) values (209, 1997, 9, 23, 19, 52);
insert into Czas (Id_czasu, Rok, Miesiac, Dzien, Godzina, Minuty) values (210, 2001, 12, 29, 18, 40);
insert into Czas (Id_czasu, Rok, Miesiac, Dzien, Godzina, Minuty) values (211, 2006, 6, 24, 22, 9);
insert into Czas (Id_czasu, Rok, Miesiac, Dzien, Godzina, Minuty) values (212, 1990, 1, 14, 7, 22);
insert into Czas (Id_czasu, Rok, Miesiac, Dzien, Godzina, Minuty) values (213, 2011, 10, 23, 1, 54);
insert into Czas (Id_czasu, Rok, Miesiac, Dzien, Godzina, Minuty) values (214, 2012, 10, 14, 18, 3);
insert into Czas (Id_czasu, Rok, Miesiac, Dzien, Godzina, Minuty) values (215, 1990, 10, 4, 1, 2);
insert into Czas (Id_czasu, Rok, Miesiac, Dzien, Godzina, Minuty) values (216, 1994, 10, 23, 5, 55);
insert into Czas (Id_czasu, Rok, Miesiac, Dzien, Godzina, Minuty) values (217, 1992, 1, 29, 13, 12);
insert into Czas (Id_czasu, Rok, Miesiac, Dzien, Godzina, Minuty) values (218, 2005, 10, 17, 16, 48);
insert into Czas (Id_czasu, Rok, Miesiac, Dzien, Godzina, Minuty) values (219, 2008, 12, 21, 17, 8);
insert into Czas (Id_czasu, Rok, Miesiac, Dzien, Godzina, Minuty) values (220, 2014, 5, 4, 0, 22);
insert into Czas (Id_czasu, Rok, Miesiac, Dzien, Godzina, Minuty) values (221, 2013, 7, 22, 17, 14);
insert into Czas (Id_czasu, Rok, Miesiac, Dzien, Godzina, Minuty) values (222, 2001, 4, 1, 13, 47);
insert into Czas (Id_czasu, Rok, Miesiac, Dzien, Godzina, Minuty) values (223, 2012, 1, 26, 23, 38);
insert into Czas (Id_czasu, Rok, Miesiac, Dzien, Godzina, Minuty) values (224, 2005, 1, 19, 14, 30);
insert into Czas (Id_czasu, Rok, Miesiac, Dzien, Godzina, Minuty) values (225, 1994, 5, 21, 22, 5);
insert into Czas (Id_czasu, Rok, Miesiac, Dzien, Godzina, Minuty) values (226, 1993, 1, 4, 9, 5);
insert into Czas (Id_czasu, Rok, Miesiac, Dzien, Godzina, Minuty) values (227, 2020, 8, 4, 4, 18);
insert into Czas (Id_czasu, Rok, Miesiac, Dzien, Godzina, Minuty) values (228, 2009, 6, 27, 12, 51);
insert into Czas (Id_czasu, Rok, Miesiac, Dzien, Godzina, Minuty) values (229, 1991, 9, 17, 8, 58);
insert into Czas (Id_czasu, Rok, Miesiac, Dzien, Godzina, Minuty) values (230, 2011, 8, 17, 15, 57);
insert into Czas (Id_czasu, Rok, Miesiac, Dzien, Godzina, Minuty) values (231, 1990, 6, 6, 18, 52);
insert into Czas (Id_czasu, Rok, Miesiac, Dzien, Godzina, Minuty) values (232, 2004, 4, 1, 10, 53);
insert into Czas (Id_czasu, Rok, Miesiac, Dzien, Godzina, Minuty) values (233, 1997, 4, 4, 16, 42);
insert into Czas (Id_czasu, Rok, Miesiac, Dzien, Godzina, Minuty) values (234, 1998, 9, 9, 2, 49);
insert into Czas (Id_czasu, Rok, Miesiac, Dzien, Godzina, Minuty) values (235, 2000, 1, 23, 9, 44);
insert into Czas (Id_czasu, Rok, Miesiac, Dzien, Godzina, Minuty) values (236, 2008, 6, 28, 13, 28);
insert into Czas (Id_czasu, Rok, Miesiac, Dzien, Godzina, Minuty) values (237, 2014, 1, 13, 20, 22);
insert into Czas (Id_czasu, Rok, Miesiac, Dzien, Godzina, Minuty) values (238, 1996, 9, 20, 12, 54);
insert into Czas (Id_czasu, Rok, Miesiac, Dzien, Godzina, Minuty) values (239, 2002, 1, 10, 0, 58);
insert into Czas (Id_czasu, Rok, Miesiac, Dzien, Godzina, Minuty) values (240, 2016, 8, 13, 0, 46);
insert into Czas (Id_czasu, Rok, Miesiac, Dzien, Godzina, Minuty) values (241, 2013, 8, 17, 8, 40);
insert into Czas (Id_czasu, Rok, Miesiac, Dzien, Godzina, Minuty) values (242, 2006, 5, 4, 16, 6);
insert into Czas (Id_czasu, Rok, Miesiac, Dzien, Godzina, Minuty) values (243, 2008, 5, 19, 21, 21);
insert into Czas (Id_czasu, Rok, Miesiac, Dzien, Godzina, Minuty) values (244, 2006, 11, 27, 7, 36);
insert into Czas (Id_czasu, Rok, Miesiac, Dzien, Godzina, Minuty) values (245, 1990, 8, 9, 0, 14);
insert into Czas (Id_czasu, Rok, Miesiac, Dzien, Godzina, Minuty) values (246, 2001, 12, 14, 2, 22);
insert into Czas (Id_czasu, Rok, Miesiac, Dzien, Godzina, Minuty) values (247, 1990, 2, 10, 23, 49);
insert into Czas (Id_czasu, Rok, Miesiac, Dzien, Godzina, Minuty) values (248, 1993, 5, 28, 9, 6);
insert into Czas (Id_czasu, Rok, Miesiac, Dzien, Godzina, Minuty) values (249, 2011, 8, 23, 5, 12);
insert into Czas (Id_czasu, Rok, Miesiac, Dzien, Godzina, Minuty) values (250, 2017, 6, 13, 0, 3);
insert into Czas (Id_czasu, Rok, Miesiac, Dzien, Godzina, Minuty) values (251, 2005, 4, 12, 14, 51);
insert into Czas (Id_czasu, Rok, Miesiac, Dzien, Godzina, Minuty) values (252, 2013, 3, 16, 18, 48);
insert into Czas (Id_czasu, Rok, Miesiac, Dzien, Godzina, Minuty) values (253, 2002, 5, 2, 14, 56);
insert into Czas (Id_czasu, Rok, Miesiac, Dzien, Godzina, Minuty) values (254, 1998, 9, 15, 1, 56);
insert into Czas (Id_czasu, Rok, Miesiac, Dzien, Godzina, Minuty) values (255, 2013, 3, 15, 5, 41);
insert into Czas (Id_czasu, Rok, Miesiac, Dzien, Godzina, Minuty) values (256, 2015, 10, 27, 13, 44);
insert into Czas (Id_czasu, Rok, Miesiac, Dzien, Godzina, Minuty) values (257, 2003, 2, 27, 4, 49);
insert into Czas (Id_czasu, Rok, Miesiac, Dzien, Godzina, Minuty) values (258, 1994, 3, 25, 5, 59);
insert into Czas (Id_czasu, Rok, Miesiac, Dzien, Godzina, Minuty) values (259, 2017, 1, 25, 22, 14);
insert into Czas (Id_czasu, Rok, Miesiac, Dzien, Godzina, Minuty) values (260, 1995, 4, 18, 1, 11);
insert into Czas (Id_czasu, Rok, Miesiac, Dzien, Godzina, Minuty) values (261, 2002, 11, 8, 3, 35);
insert into Czas (Id_czasu, Rok, Miesiac, Dzien, Godzina, Minuty) values (262, 2020, 10, 29, 16, 38);
insert into Czas (Id_czasu, Rok, Miesiac, Dzien, Godzina, Minuty) values (263, 2011, 7, 18, 13, 30);
insert into Czas (Id_czasu, Rok, Miesiac, Dzien, Godzina, Minuty) values (264, 2007, 5, 16, 18, 53);
insert into Czas (Id_czasu, Rok, Miesiac, Dzien, Godzina, Minuty) values (265, 1995, 2, 15, 2, 31);
insert into Czas (Id_czasu, Rok, Miesiac, Dzien, Godzina, Minuty) values (266, 2005, 7, 4, 5, 23);
insert into Czas (Id_czasu, Rok, Miesiac, Dzien, Godzina, Minuty) values (267, 2011, 6, 23, 17, 1);
insert into Czas (Id_czasu, Rok, Miesiac, Dzien, Godzina, Minuty) values (268, 1996, 11, 14, 19, 47);
insert into Czas (Id_czasu, Rok, Miesiac, Dzien, Godzina, Minuty) values (269, 2000, 11, 25, 1, 49);
insert into Czas (Id_czasu, Rok, Miesiac, Dzien, Godzina, Minuty) values (270, 2020, 10, 20, 4, 57);
insert into Czas (Id_czasu, Rok, Miesiac, Dzien, Godzina, Minuty) values (271, 2007, 9, 25, 5, 42);
insert into Czas (Id_czasu, Rok, Miesiac, Dzien, Godzina, Minuty) values (272, 2009, 2, 17, 14, 42);
insert into Czas (Id_czasu, Rok, Miesiac, Dzien, Godzina, Minuty) values (273, 1995, 3, 8, 2, 40);
insert into Czas (Id_czasu, Rok, Miesiac, Dzien, Godzina, Minuty) values (274, 2000, 8, 22, 17, 13);
insert into Czas (Id_czasu, Rok, Miesiac, Dzien, Godzina, Minuty) values (275, 1992, 10, 19, 4, 11);
insert into Czas (Id_czasu, Rok, Miesiac, Dzien, Godzina, Minuty) values (276, 2015, 8, 8, 10, 36);
insert into Czas (Id_czasu, Rok, Miesiac, Dzien, Godzina, Minuty) values (277, 2011, 4, 21, 0, 50);
insert into Czas (Id_czasu, Rok, Miesiac, Dzien, Godzina, Minuty) values (278, 2005, 7, 4, 18, 53);
insert into Czas (Id_czasu, Rok, Miesiac, Dzien, Godzina, Minuty) values (279, 1993, 4, 12, 22, 20);
insert into Czas (Id_czasu, Rok, Miesiac, Dzien, Godzina, Minuty) values (280, 2015, 8, 29, 12, 35);
insert into Czas (Id_czasu, Rok, Miesiac, Dzien, Godzina, Minuty) values (281, 2003, 10, 24, 23, 59);
insert into Czas (Id_czasu, Rok, Miesiac, Dzien, Godzina, Minuty) values (282, 2019, 4, 27, 2, 35);
insert into Czas (Id_czasu, Rok, Miesiac, Dzien, Godzina, Minuty) values (283, 2004, 5, 23, 3, 19);
insert into Czas (Id_czasu, Rok, Miesiac, Dzien, Godzina, Minuty) values (284, 2017, 7, 13, 4, 11);
insert into Czas (Id_czasu, Rok, Miesiac, Dzien, Godzina, Minuty) values (285, 2019, 2, 10, 23, 46);
insert into Czas (Id_czasu, Rok, Miesiac, Dzien, Godzina, Minuty) values (286, 2005, 1, 23, 3, 36);
insert into Czas (Id_czasu, Rok, Miesiac, Dzien, Godzina, Minuty) values (287, 2020, 8, 10, 13, 6);
insert into Czas (Id_czasu, Rok, Miesiac, Dzien, Godzina, Minuty) values (288, 1993, 8, 7, 10, 50);
insert into Czas (Id_czasu, Rok, Miesiac, Dzien, Godzina, Minuty) values (289, 2020, 5, 29, 23, 27);
insert into Czas (Id_czasu, Rok, Miesiac, Dzien, Godzina, Minuty) values (290, 2011, 4, 17, 9, 14);
insert into Czas (Id_czasu, Rok, Miesiac, Dzien, Godzina, Minuty) values (291, 2007, 12, 10, 4, 57);
insert into Czas (Id_czasu, Rok, Miesiac, Dzien, Godzina, Minuty) values (292, 2017, 4, 19, 0, 36);
insert into Czas (Id_czasu, Rok, Miesiac, Dzien, Godzina, Minuty) values (293, 2019, 3, 14, 8, 18);
insert into Czas (Id_czasu, Rok, Miesiac, Dzien, Godzina, Minuty) values (294, 2017, 12, 20, 22, 25);
insert into Czas (Id_czasu, Rok, Miesiac, Dzien, Godzina, Minuty) values (295, 1996, 11, 2, 2, 4);
insert into Czas (Id_czasu, Rok, Miesiac, Dzien, Godzina, Minuty) values (296, 1995, 7, 10, 3, 21);
insert into Czas (Id_czasu, Rok, Miesiac, Dzien, Godzina, Minuty) values (297, 1998, 9, 20, 18, 5);
insert into Czas (Id_czasu, Rok, Miesiac, Dzien, Godzina, Minuty) values (298, 2001, 4, 21, 13, 43);
insert into Czas (Id_czasu, Rok, Miesiac, Dzien, Godzina, Minuty) values (299, 1994, 5, 11, 1, 33);
insert into Czas (Id_czasu, Rok, Miesiac, Dzien, Godzina, Minuty) values (300, 1995, 10, 23, 2, 13);
insert into Czas (Id_czasu, Rok, Miesiac, Dzien, Godzina, Minuty) values (301, 1994, 12, 30, 23, 26);
insert into Czas (Id_czasu, Rok, Miesiac, Dzien, Godzina, Minuty) values (302, 1996, 4, 13, 19, 17);
insert into Czas (Id_czasu, Rok, Miesiac, Dzien, Godzina, Minuty) values (303, 1996, 3, 24, 2, 43);
insert into Czas (Id_czasu, Rok, Miesiac, Dzien, Godzina, Minuty) values (304, 2005, 4, 20, 2, 53);
insert into Czas (Id_czasu, Rok, Miesiac, Dzien, Godzina, Minuty) values (305, 2012, 7, 9, 9, 35);
insert into Czas (Id_czasu, Rok, Miesiac, Dzien, Godzina, Minuty) values (306, 2006, 10, 12, 8, 49);
insert into Czas (Id_czasu, Rok, Miesiac, Dzien, Godzina, Minuty) values (307, 1997, 5, 3, 1, 29);
insert into Czas (Id_czasu, Rok, Miesiac, Dzien, Godzina, Minuty) values (308, 2017, 4, 8, 14, 40);
insert into Czas (Id_czasu, Rok, Miesiac, Dzien, Godzina, Minuty) values (309, 2006, 2, 11, 6, 27);
insert into Czas (Id_czasu, Rok, Miesiac, Dzien, Godzina, Minuty) values (310, 1998, 8, 22, 12, 10);
insert into Czas (Id_czasu, Rok, Miesiac, Dzien, Godzina, Minuty) values (311, 1996, 1, 22, 20, 25);
insert into Czas (Id_czasu, Rok, Miesiac, Dzien, Godzina, Minuty) values (312, 1998, 5, 26, 14, 3);
insert into Czas (Id_czasu, Rok, Miesiac, Dzien, Godzina, Minuty) values (313, 1996, 10, 27, 20, 11);
insert into Czas (Id_czasu, Rok, Miesiac, Dzien, Godzina, Minuty) values (314, 1990, 11, 17, 21, 48);
insert into Czas (Id_czasu, Rok, Miesiac, Dzien, Godzina, Minuty) values (315, 2009, 6, 14, 19, 33);
insert into Czas (Id_czasu, Rok, Miesiac, Dzien, Godzina, Minuty) values (316, 1996, 4, 11, 0, 0);
insert into Czas (Id_czasu, Rok, Miesiac, Dzien, Godzina, Minuty) values (317, 2005, 10, 2, 8, 53);
insert into Czas (Id_czasu, Rok, Miesiac, Dzien, Godzina, Minuty) values (318, 2004, 11, 20, 16, 51);
insert into Czas (Id_czasu, Rok, Miesiac, Dzien, Godzina, Minuty) values (319, 2010, 4, 7, 8, 30);
insert into Czas (Id_czasu, Rok, Miesiac, Dzien, Godzina, Minuty) values (320, 2020, 5, 26, 0, 3);
insert into Czas (Id_czasu, Rok, Miesiac, Dzien, Godzina, Minuty) values (321, 2016, 12, 24, 13, 45);
insert into Czas (Id_czasu, Rok, Miesiac, Dzien, Godzina, Minuty) values (322, 1998, 3, 12, 19, 11);
insert into Czas (Id_czasu, Rok, Miesiac, Dzien, Godzina, Minuty) values (323, 2020, 6, 12, 23, 30);
insert into Czas (Id_czasu, Rok, Miesiac, Dzien, Godzina, Minuty) values (324, 1998, 6, 7, 3, 8);
insert into Czas (Id_czasu, Rok, Miesiac, Dzien, Godzina, Minuty) values (325, 2019, 6, 23, 0, 22);
insert into Czas (Id_czasu, Rok, Miesiac, Dzien, Godzina, Minuty) values (326, 2013, 5, 9, 1, 27);
insert into Czas (Id_czasu, Rok, Miesiac, Dzien, Godzina, Minuty) values (327, 2014, 8, 9, 22, 0);
insert into Czas (Id_czasu, Rok, Miesiac, Dzien, Godzina, Minuty) values (328, 2003, 11, 5, 20, 17);
insert into Czas (Id_czasu, Rok, Miesiac, Dzien, Godzina, Minuty) values (329, 2013, 5, 21, 5, 0);
insert into Czas (Id_czasu, Rok, Miesiac, Dzien, Godzina, Minuty) values (330, 2018, 12, 1, 2, 59);
insert into Czas (Id_czasu, Rok, Miesiac, Dzien, Godzina, Minuty) values (331, 2006, 11, 2, 19, 5);
insert into Czas (Id_czasu, Rok, Miesiac, Dzien, Godzina, Minuty) values (332, 2015, 5, 22, 2, 59);
insert into Czas (Id_czasu, Rok, Miesiac, Dzien, Godzina, Minuty) values (333, 2006, 5, 8, 14, 39);
insert into Czas (Id_czasu, Rok, Miesiac, Dzien, Godzina, Minuty) values (334, 2012, 8, 28, 19, 2);
insert into Czas (Id_czasu, Rok, Miesiac, Dzien, Godzina, Minuty) values (335, 2005, 4, 23, 5, 24);
insert into Czas (Id_czasu, Rok, Miesiac, Dzien, Godzina, Minuty) values (336, 2013, 10, 15, 19, 34);
insert into Czas (Id_czasu, Rok, Miesiac, Dzien, Godzina, Minuty) values (337, 1994, 4, 3, 8, 52);
insert into Czas (Id_czasu, Rok, Miesiac, Dzien, Godzina, Minuty) values (338, 2015, 1, 5, 3, 53);
insert into Czas (Id_czasu, Rok, Miesiac, Dzien, Godzina, Minuty) values (339, 2005, 2, 17, 6, 41);
insert into Czas (Id_czasu, Rok, Miesiac, Dzien, Godzina, Minuty) values (340, 1994, 7, 29, 13, 57);
insert into Czas (Id_czasu, Rok, Miesiac, Dzien, Godzina, Minuty) values (341, 2009, 9, 23, 10, 59);
insert into Czas (Id_czasu, Rok, Miesiac, Dzien, Godzina, Minuty) values (342, 2006, 4, 21, 18, 58);
insert into Czas (Id_czasu, Rok, Miesiac, Dzien, Godzina, Minuty) values (343, 1999, 1, 3, 1, 21);
insert into Czas (Id_czasu, Rok, Miesiac, Dzien, Godzina, Minuty) values (344, 2011, 1, 2, 7, 12);
insert into Czas (Id_czasu, Rok, Miesiac, Dzien, Godzina, Minuty) values (345, 1997, 6, 11, 7, 35);
insert into Czas (Id_czasu, Rok, Miesiac, Dzien, Godzina, Minuty) values (346, 1998, 9, 4, 2, 36);
insert into Czas (Id_czasu, Rok, Miesiac, Dzien, Godzina, Minuty) values (347, 1991, 3, 20, 4, 5);
insert into Czas (Id_czasu, Rok, Miesiac, Dzien, Godzina, Minuty) values (348, 2001, 1, 13, 23, 15);
insert into Czas (Id_czasu, Rok, Miesiac, Dzien, Godzina, Minuty) values (349, 2010, 10, 5, 11, 54);
insert into Czas (Id_czasu, Rok, Miesiac, Dzien, Godzina, Minuty) values (350, 2000, 2, 3, 22, 59);
insert into Czas (Id_czasu, Rok, Miesiac, Dzien, Godzina, Minuty) values (351, 1993, 9, 3, 4, 44);
insert into Czas (Id_czasu, Rok, Miesiac, Dzien, Godzina, Minuty) values (352, 1992, 10, 24, 9, 0);
insert into Czas (Id_czasu, Rok, Miesiac, Dzien, Godzina, Minuty) values (353, 2014, 8, 6, 9, 44);
insert into Czas (Id_czasu, Rok, Miesiac, Dzien, Godzina, Minuty) values (354, 2012, 2, 25, 0, 59);
insert into Czas (Id_czasu, Rok, Miesiac, Dzien, Godzina, Minuty) values (355, 1999, 6, 2, 21, 13);
insert into Czas (Id_czasu, Rok, Miesiac, Dzien, Godzina, Minuty) values (356, 2012, 10, 25, 18, 7);
insert into Czas (Id_czasu, Rok, Miesiac, Dzien, Godzina, Minuty) values (357, 2001, 11, 24, 18, 56);
insert into Czas (Id_czasu, Rok, Miesiac, Dzien, Godzina, Minuty) values (358, 1997, 3, 28, 12, 17);
insert into Czas (Id_czasu, Rok, Miesiac, Dzien, Godzina, Minuty) values (359, 2014, 8, 30, 18, 31);
insert into Czas (Id_czasu, Rok, Miesiac, Dzien, Godzina, Minuty) values (360, 1998, 7, 16, 1, 13);
insert into Czas (Id_czasu, Rok, Miesiac, Dzien, Godzina, Minuty) values (361, 2003, 10, 28, 3, 53);
insert into Czas (Id_czasu, Rok, Miesiac, Dzien, Godzina, Minuty) values (362, 2006, 3, 22, 17, 46);
insert into Czas (Id_czasu, Rok, Miesiac, Dzien, Godzina, Minuty) values (363, 1993, 11, 12, 9, 42);
insert into Czas (Id_czasu, Rok, Miesiac, Dzien, Godzina, Minuty) values (364, 2018, 1, 10, 8, 21);
insert into Czas (Id_czasu, Rok, Miesiac, Dzien, Godzina, Minuty) values (365, 2002, 3, 28, 0, 27);
insert into Czas (Id_czasu, Rok, Miesiac, Dzien, Godzina, Minuty) values (366, 1999, 1, 22, 9, 6);
insert into Czas (Id_czasu, Rok, Miesiac, Dzien, Godzina, Minuty) values (367, 2012, 9, 3, 8, 30);
insert into Czas (Id_czasu, Rok, Miesiac, Dzien, Godzina, Minuty) values (368, 1991, 2, 14, 5, 0);
insert into Czas (Id_czasu, Rok, Miesiac, Dzien, Godzina, Minuty) values (369, 2002, 6, 7, 5, 11);
insert into Czas (Id_czasu, Rok, Miesiac, Dzien, Godzina, Minuty) values (370, 2015, 9, 17, 5, 4);
insert into Czas (Id_czasu, Rok, Miesiac, Dzien, Godzina, Minuty) values (371, 1997, 12, 9, 12, 9);
insert into Czas (Id_czasu, Rok, Miesiac, Dzien, Godzina, Minuty) values (372, 1998, 4, 5, 21, 59);
insert into Czas (Id_czasu, Rok, Miesiac, Dzien, Godzina, Minuty) values (373, 1995, 1, 4, 22, 12);
insert into Czas (Id_czasu, Rok, Miesiac, Dzien, Godzina, Minuty) values (374, 1991, 11, 23, 5, 35);
insert into Czas (Id_czasu, Rok, Miesiac, Dzien, Godzina, Minuty) values (375, 2003, 4, 3, 11, 7);
insert into Czas (Id_czasu, Rok, Miesiac, Dzien, Godzina, Minuty) values (376, 2005, 7, 12, 3, 20);
insert into Czas (Id_czasu, Rok, Miesiac, Dzien, Godzina, Minuty) values (377, 1997, 4, 7, 6, 29);
insert into Czas (Id_czasu, Rok, Miesiac, Dzien, Godzina, Minuty) values (378, 1995, 7, 4, 11, 46);
insert into Czas (Id_czasu, Rok, Miesiac, Dzien, Godzina, Minuty) values (379, 2012, 9, 18, 15, 58);
insert into Czas (Id_czasu, Rok, Miesiac, Dzien, Godzina, Minuty) values (380, 2010, 9, 19, 4, 16);
insert into Czas (Id_czasu, Rok, Miesiac, Dzien, Godzina, Minuty) values (381, 1991, 7, 4, 8, 19);
insert into Czas (Id_czasu, Rok, Miesiac, Dzien, Godzina, Minuty) values (382, 2003, 7, 24, 2, 34);
insert into Czas (Id_czasu, Rok, Miesiac, Dzien, Godzina, Minuty) values (383, 1991, 8, 21, 8, 38);
insert into Czas (Id_czasu, Rok, Miesiac, Dzien, Godzina, Minuty) values (384, 2004, 12, 12, 16, 7);
insert into Czas (Id_czasu, Rok, Miesiac, Dzien, Godzina, Minuty) values (385, 2000, 7, 16, 2, 25);
insert into Czas (Id_czasu, Rok, Miesiac, Dzien, Godzina, Minuty) values (386, 1994, 9, 23, 11, 35);
insert into Czas (Id_czasu, Rok, Miesiac, Dzien, Godzina, Minuty) values (387, 2000, 4, 15, 17, 47);
insert into Czas (Id_czasu, Rok, Miesiac, Dzien, Godzina, Minuty) values (388, 1995, 2, 3, 1, 4);
insert into Czas (Id_czasu, Rok, Miesiac, Dzien, Godzina, Minuty) values (389, 2000, 7, 20, 0, 15);
insert into Czas (Id_czasu, Rok, Miesiac, Dzien, Godzina, Minuty) values (390, 2007, 4, 9, 12, 15);
insert into Czas (Id_czasu, Rok, Miesiac, Dzien, Godzina, Minuty) values (391, 1996, 2, 2, 6, 39);
insert into Czas (Id_czasu, Rok, Miesiac, Dzien, Godzina, Minuty) values (392, 1996, 7, 19, 6, 2);
insert into Czas (Id_czasu, Rok, Miesiac, Dzien, Godzina, Minuty) values (393, 2011, 1, 19, 16, 33);
insert into Czas (Id_czasu, Rok, Miesiac, Dzien, Godzina, Minuty) values (394, 2000, 6, 25, 17, 41);
insert into Czas (Id_czasu, Rok, Miesiac, Dzien, Godzina, Minuty) values (395, 1995, 12, 30, 10, 14);
insert into Czas (Id_czasu, Rok, Miesiac, Dzien, Godzina, Minuty) values (396, 2016, 1, 21, 3, 8);
insert into Czas (Id_czasu, Rok, Miesiac, Dzien, Godzina, Minuty) values (397, 2016, 7, 30, 12, 27);
insert into Czas (Id_czasu, Rok, Miesiac, Dzien, Godzina, Minuty) values (398, 2007, 8, 22, 11, 0);
insert into Czas (Id_czasu, Rok, Miesiac, Dzien, Godzina, Minuty) values (399, 2010, 9, 5, 18, 48);
insert into Czas (Id_czasu, Rok, Miesiac, Dzien, Godzina, Minuty) values (400, 2014, 1, 23, 19, 59);
insert into Rodzaj_operacji (Id_rodzaju_operacji) values (1);
insert into Rodzaj_operacji (Id_rodzaju_operacji, Rodzaj_operacji, Oplata) values (2, 'Elixir', 5);
insert into Rodzaj_operacji (Id_rodzaju_operacji, Rodzaj_operacji, Oplata) values (3, 'Natychmiastowy', 6);
insert into Transakcje (Id_transakcji, Id_rachunku_nadawcy, Id_oddzialu, Id_rodzaju_operacji, Id_czasu, Id_rachunku_odbiorcy, Kwota) values (1, 115, 48, 3, 245, 39, 568.13);
insert into Transakcje (Id_transakcji, Id_rachunku_nadawcy, Id_oddzialu, Id_rodzaju_operacji, Id_czasu, Id_rachunku_odbiorcy, Kwota) values (2, 287, 35, 1, 196, 1, 287.34);
insert into Transakcje (Id_transakcji, Id_rachunku_nadawcy, Id_oddzialu, Id_rodzaju_operacji, Id_czasu, Id_rachunku_odbiorcy, Kwota) values (3, 34, 5, 3, 337, 154, 936.52);
insert into Transakcje (Id_transakcji, Id_rachunku_nadawcy, Id_oddzialu, Id_rodzaju_operacji, Id_czasu, Id_rachunku_odbiorcy, Kwota) values (4, 171, 13, 3, 247, 306, 677.07);
insert into Transakcje (Id_transakcji, Id_rachunku_nadawcy, Id_oddzialu, Id_rodzaju_operacji, Id_czasu, Id_rachunku_odbiorcy, Kwota) values (5, 40, 41, 3, 390, 179, 474.93);
insert into Transakcje (Id_transakcji, Id_rachunku_nadawcy, Id_oddzialu, Id_rodzaju_operacji, Id_czasu, Id_rachunku_odbiorcy, Kwota) values (6, 170, 23, 2, 280, 175, 832.67);
insert into Transakcje (Id_transakcji, Id_rachunku_nadawcy, Id_oddzialu, Id_rodzaju_operacji, Id_czasu, Id_rachunku_odbiorcy, Kwota) values (7, 334, 8, 3, 168, 193, 795.46);
insert into Transakcje (Id_transakcji, Id_rachunku_nadawcy, Id_oddzialu, Id_rodzaju_operacji, Id_czasu, Id_rachunku_odbiorcy, Kwota) values (8, 363, 10, 2, 91, 97, 988.62);
insert into Transakcje (Id_transakcji, Id_rachunku_nadawcy, Id_oddzialu, Id_rodzaju_operacji, Id_czasu, Id_rachunku_odbiorcy, Kwota) values (9, 241, 7, 2, 94, 358, 221.19);
insert into Transakcje (Id_transakcji, Id_rachunku_nadawcy, Id_oddzialu, Id_rodzaju_operacji, Id_czasu, Id_rachunku_odbiorcy, Kwota) values (10, 231, 31, 1, 84, 325, 486.76);
insert into Transakcje (Id_transakcji, Id_rachunku_nadawcy, Id_oddzialu, Id_rodzaju_operacji, Id_czasu, Id_rachunku_odbiorcy, Kwota) values (11, 371, 15, 2, 179, 179, 577.88);
insert into Transakcje (Id_transakcji, Id_rachunku_nadawcy, Id_oddzialu, Id_rodzaju_operacji, Id_czasu, Id_rachunku_odbiorcy, Kwota) values (12, 186, 34, 2, 259, 375, 17.28);
insert into Transakcje (Id_transakcji, Id_rachunku_nadawcy, Id_oddzialu, Id_rodzaju_operacji, Id_czasu, Id_rachunku_odbiorcy, Kwota) values (13, 299, 14, 2, 58, 191, 534.4);
insert into Transakcje (Id_transakcji, Id_rachunku_nadawcy, Id_oddzialu, Id_rodzaju_operacji, Id_czasu, Id_rachunku_odbiorcy, Kwota) values (14, 38, 8, 1, 275, 351, 514.61);
insert into Transakcje (Id_transakcji, Id_rachunku_nadawcy, Id_oddzialu, Id_rodzaju_operacji, Id_czasu, Id_rachunku_odbiorcy, Kwota) values (15, 18, 43, 1, 154, 233, 970.75);
insert into Transakcje (Id_transakcji, Id_rachunku_nadawcy, Id_oddzialu, Id_rodzaju_operacji, Id_czasu, Id_rachunku_odbiorcy, Kwota) values (16, 281, 35, 3, 147, 112, 257.7);
insert into Transakcje (Id_transakcji, Id_rachunku_nadawcy, Id_oddzialu, Id_rodzaju_operacji, Id_czasu, Id_rachunku_odbiorcy, Kwota) values (17, 53, 24, 3, 184, 148, 926.88);
insert into Transakcje (Id_transakcji, Id_rachunku_nadawcy, Id_oddzialu, Id_rodzaju_operacji, Id_czasu, Id_rachunku_odbiorcy, Kwota) values (18, 271, 48, 1, 153, 289, 312.19);
insert into Transakcje (Id_transakcji, Id_rachunku_nadawcy, Id_oddzialu, Id_rodzaju_operacji, Id_czasu, Id_rachunku_odbiorcy, Kwota) values (19, 182, 32, 2, 153, 225, 481.26);
insert into Transakcje (Id_transakcji, Id_rachunku_nadawcy, Id_oddzialu, Id_rodzaju_operacji, Id_czasu, Id_rachunku_odbiorcy, Kwota) values (20, 348, 36, 3, 149, 129, 392.37);
insert into Transakcje (Id_transakcji, Id_rachunku_nadawcy, Id_oddzialu, Id_rodzaju_operacji, Id_czasu, Id_rachunku_odbiorcy, Kwota) values (21, 367, 44, 2, 202, 359, 283.46);
insert into Transakcje (Id_transakcji, Id_rachunku_nadawcy, Id_oddzialu, Id_rodzaju_operacji, Id_czasu, Id_rachunku_odbiorcy, Kwota) values (22, 394, 34, 3, 102, 54, 706.92);
insert into Transakcje (Id_transakcji, Id_rachunku_nadawcy, Id_oddzialu, Id_rodzaju_operacji, Id_czasu, Id_rachunku_odbiorcy, Kwota) values (23, 207, 10, 3, 176, 161, 382.04);
insert into Transakcje (Id_transakcji, Id_rachunku_nadawcy, Id_oddzialu, Id_rodzaju_operacji, Id_czasu, Id_rachunku_odbiorcy, Kwota) values (24, 261, 50, 2, 53, 135, 635.01);
insert into Transakcje (Id_transakcji, Id_rachunku_nadawcy, Id_oddzialu, Id_rodzaju_operacji, Id_czasu, Id_rachunku_odbiorcy, Kwota) values (25, 44, 19, 1, 189, 251, 878.72);
insert into Transakcje (Id_transakcji, Id_rachunku_nadawcy, Id_oddzialu, Id_rodzaju_operacji, Id_czasu, Id_rachunku_odbiorcy, Kwota) values (26, 290, 13, 1, 279, 34, 354.95);
insert into Transakcje (Id_transakcji, Id_rachunku_nadawcy, Id_oddzialu, Id_rodzaju_operacji, Id_czasu, Id_rachunku_odbiorcy, Kwota) values (27, 235, 4, 3, 114, 369, 754.28);
insert into Transakcje (Id_transakcji, Id_rachunku_nadawcy, Id_oddzialu, Id_rodzaju_operacji, Id_czasu, Id_rachunku_odbiorcy, Kwota) values (28, 354, 7, 3, 394, 306, 237.17);
insert into Transakcje (Id_transakcji, Id_rachunku_nadawcy, Id_oddzialu, Id_rodzaju_operacji, Id_czasu, Id_rachunku_odbiorcy, Kwota) values (29, 290, 1, 1, 155, 52, 759.99);
insert into Transakcje (Id_transakcji, Id_rachunku_nadawcy, Id_oddzialu, Id_rodzaju_operacji, Id_czasu, Id_rachunku_odbiorcy, Kwota) values (30, 153, 32, 3, 382, 94, 153.1);
insert into Transakcje (Id_transakcji, Id_rachunku_nadawcy, Id_oddzialu, Id_rodzaju_operacji, Id_czasu, Id_rachunku_odbiorcy, Kwota) values (31, 205, 50, 3, 388, 178, 96.11);
insert into Transakcje (Id_transakcji, Id_rachunku_nadawcy, Id_oddzialu, Id_rodzaju_operacji, Id_czasu, Id_rachunku_odbiorcy, Kwota) values (32, 115, 21, 2, 293, 140, 935.42);
insert into Transakcje (Id_transakcji, Id_rachunku_nadawcy, Id_oddzialu, Id_rodzaju_operacji, Id_czasu, Id_rachunku_odbiorcy, Kwota) values (33, 266, 41, 1, 22, 299, 333.72);
insert into Transakcje (Id_transakcji, Id_rachunku_nadawcy, Id_oddzialu, Id_rodzaju_operacji, Id_czasu, Id_rachunku_odbiorcy, Kwota) values (34, 207, 30, 3, 336, 383, 631.85);
insert into Transakcje (Id_transakcji, Id_rachunku_nadawcy, Id_oddzialu, Id_rodzaju_operacji, Id_czasu, Id_rachunku_odbiorcy, Kwota) values (35, 189, 24, 3, 247, 90, 919.49);
insert into Transakcje (Id_transakcji, Id_rachunku_nadawcy, Id_oddzialu, Id_rodzaju_operacji, Id_czasu, Id_rachunku_odbiorcy, Kwota) values (36, 321, 14, 3, 334, 209, 380.53);
insert into Transakcje (Id_transakcji, Id_rachunku_nadawcy, Id_oddzialu, Id_rodzaju_operacji, Id_czasu, Id_rachunku_odbiorcy, Kwota) values (37, 197, 17, 2, 86, 204, 370.62);
insert into Transakcje (Id_transakcji, Id_rachunku_nadawcy, Id_oddzialu, Id_rodzaju_operacji, Id_czasu, Id_rachunku_odbiorcy, Kwota) values (38, 382, 34, 2, 261, 205, 985.05);
insert into Transakcje (Id_transakcji, Id_rachunku_nadawcy, Id_oddzialu, Id_rodzaju_operacji, Id_czasu, Id_rachunku_odbiorcy, Kwota) values (39, 282, 17, 3, 102, 57, 765.14);
insert into Transakcje (Id_transakcji, Id_rachunku_nadawcy, Id_oddzialu, Id_rodzaju_operacji, Id_czasu, Id_rachunku_odbiorcy, Kwota) values (40, 260, 40, 2, 120, 282, 956.24);
insert into Transakcje (Id_transakcji, Id_rachunku_nadawcy, Id_oddzialu, Id_rodzaju_operacji, Id_czasu, Id_rachunku_odbiorcy, Kwota) values (41, 130, 19, 2, 330, 151, 592.76);
insert into Transakcje (Id_transakcji, Id_rachunku_nadawcy, Id_oddzialu, Id_rodzaju_operacji, Id_czasu, Id_rachunku_odbiorcy, Kwota) values (42, 215, 26, 1, 384, 297, 134.67);
insert into Transakcje (Id_transakcji, Id_rachunku_nadawcy, Id_oddzialu, Id_rodzaju_operacji, Id_czasu, Id_rachunku_odbiorcy, Kwota) values (43, 116, 20, 2, 72, 189, 98.31);
insert into Transakcje (Id_transakcji, Id_rachunku_nadawcy, Id_oddzialu, Id_rodzaju_operacji, Id_czasu, Id_rachunku_odbiorcy, Kwota) values (44, 226, 36, 2, 371, 255, 668.13);
insert into Transakcje (Id_transakcji, Id_rachunku_nadawcy, Id_oddzialu, Id_rodzaju_operacji, Id_czasu, Id_rachunku_odbiorcy, Kwota) values (45, 322, 44, 3, 309, 241, 7.08);
insert into Transakcje (Id_transakcji, Id_rachunku_nadawcy, Id_oddzialu, Id_rodzaju_operacji, Id_czasu, Id_rachunku_odbiorcy, Kwota) values (46, 51, 34, 2, 93, 19, 884.21);
insert into Transakcje (Id_transakcji, Id_rachunku_nadawcy, Id_oddzialu, Id_rodzaju_operacji, Id_czasu, Id_rachunku_odbiorcy, Kwota) values (47, 6, 7, 1, 19, 371, 208.21);
insert into Transakcje (Id_transakcji, Id_rachunku_nadawcy, Id_oddzialu, Id_rodzaju_operacji, Id_czasu, Id_rachunku_odbiorcy, Kwota) values (48, 173, 20, 1, 58, 272, 659.44);
insert into Transakcje (Id_transakcji, Id_rachunku_nadawcy, Id_oddzialu, Id_rodzaju_operacji, Id_czasu, Id_rachunku_odbiorcy, Kwota) values (49, 267, 15, 1, 243, 183, 490.08);
insert into Transakcje (Id_transakcji, Id_rachunku_nadawcy, Id_oddzialu, Id_rodzaju_operacji, Id_czasu, Id_rachunku_odbiorcy, Kwota) values (50, 138, 50, 1, 248, 147, 295.8);
insert into Transakcje (Id_transakcji, Id_rachunku_nadawcy, Id_oddzialu, Id_rodzaju_operacji, Id_czasu, Id_rachunku_odbiorcy, Kwota) values (51, 381, 8, 1, 182, 48, 185.76);
insert into Transakcje (Id_transakcji, Id_rachunku_nadawcy, Id_oddzialu, Id_rodzaju_operacji, Id_czasu, Id_rachunku_odbiorcy, Kwota) values (52, 25, 33, 2, 261, 283, 858.13);
insert into Transakcje (Id_transakcji, Id_rachunku_nadawcy, Id_oddzialu, Id_rodzaju_operacji, Id_czasu, Id_rachunku_odbiorcy, Kwota) values (53, 285, 31, 2, 12, 120, 91.18);
insert into Transakcje (Id_transakcji, Id_rachunku_nadawcy, Id_oddzialu, Id_rodzaju_operacji, Id_czasu, Id_rachunku_odbiorcy, Kwota) values (54, 400, 3, 1, 288, 77, 337.44);
insert into Transakcje (Id_transakcji, Id_rachunku_nadawcy, Id_oddzialu, Id_rodzaju_operacji, Id_czasu, Id_rachunku_odbiorcy, Kwota) values (55, 262, 43, 1, 125, 74, 466.24);
insert into Transakcje (Id_transakcji, Id_rachunku_nadawcy, Id_oddzialu, Id_rodzaju_operacji, Id_czasu, Id_rachunku_odbiorcy, Kwota) values (56, 28, 40, 3, 199, 200, 420.58);
insert into Transakcje (Id_transakcji, Id_rachunku_nadawcy, Id_oddzialu, Id_rodzaju_operacji, Id_czasu, Id_rachunku_odbiorcy, Kwota) values (57, 124, 6, 2, 121, 357, 742.29);
insert into Transakcje (Id_transakcji, Id_rachunku_nadawcy, Id_oddzialu, Id_rodzaju_operacji, Id_czasu, Id_rachunku_odbiorcy, Kwota) values (58, 31, 41, 1, 98, 78, 252.72);
insert into Transakcje (Id_transakcji, Id_rachunku_nadawcy, Id_oddzialu, Id_rodzaju_operacji, Id_czasu, Id_rachunku_odbiorcy, Kwota) values (59, 130, 36, 2, 258, 193, 831.02);
insert into Transakcje (Id_transakcji, Id_rachunku_nadawcy, Id_oddzialu, Id_rodzaju_operacji, Id_czasu, Id_rachunku_odbiorcy, Kwota) values (60, 132, 38, 3, 175, 168, 934.63);
insert into Transakcje (Id_transakcji, Id_rachunku_nadawcy, Id_oddzialu, Id_rodzaju_operacji, Id_czasu, Id_rachunku_odbiorcy, Kwota) values (61, 366, 22, 2, 310, 315, 892.34);
insert into Transakcje (Id_transakcji, Id_rachunku_nadawcy, Id_oddzialu, Id_rodzaju_operacji, Id_czasu, Id_rachunku_odbiorcy, Kwota) values (62, 370, 6, 2, 191, 390, 949.19);
insert into Transakcje (Id_transakcji, Id_rachunku_nadawcy, Id_oddzialu, Id_rodzaju_operacji, Id_czasu, Id_rachunku_odbiorcy, Kwota) values (63, 317, 14, 1, 110, 50, 963.14);
insert into Transakcje (Id_transakcji, Id_rachunku_nadawcy, Id_oddzialu, Id_rodzaju_operacji, Id_czasu, Id_rachunku_odbiorcy, Kwota) values (64, 138, 48, 3, 139, 111, 786.55);
insert into Transakcje (Id_transakcji, Id_rachunku_nadawcy, Id_oddzialu, Id_rodzaju_operacji, Id_czasu, Id_rachunku_odbiorcy, Kwota) values (65, 203, 47, 2, 283, 235, 184.61);
insert into Transakcje (Id_transakcji, Id_rachunku_nadawcy, Id_oddzialu, Id_rodzaju_operacji, Id_czasu, Id_rachunku_odbiorcy, Kwota) values (66, 157, 4, 1, 274, 248, 322.37);
insert into Transakcje (Id_transakcji, Id_rachunku_nadawcy, Id_oddzialu, Id_rodzaju_operacji, Id_czasu, Id_rachunku_odbiorcy, Kwota) values (67, 228, 32, 2, 16, 175, 955.53);
insert into Transakcje (Id_transakcji, Id_rachunku_nadawcy, Id_oddzialu, Id_rodzaju_operacji, Id_czasu, Id_rachunku_odbiorcy, Kwota) values (68, 318, 39, 3, 371, 379, 25.86);
insert into Transakcje (Id_transakcji, Id_rachunku_nadawcy, Id_oddzialu, Id_rodzaju_operacji, Id_czasu, Id_rachunku_odbiorcy, Kwota) values (69, 180, 39, 1, 387, 369, 386.66);
insert into Transakcje (Id_transakcji, Id_rachunku_nadawcy, Id_oddzialu, Id_rodzaju_operacji, Id_czasu, Id_rachunku_odbiorcy, Kwota) values (70, 319, 24, 2, 136, 331, 831.12);
insert into Transakcje (Id_transakcji, Id_rachunku_nadawcy, Id_oddzialu, Id_rodzaju_operacji, Id_czasu, Id_rachunku_odbiorcy, Kwota) values (71, 255, 12, 3, 14, 10, 533.09);
insert into Transakcje (Id_transakcji, Id_rachunku_nadawcy, Id_oddzialu, Id_rodzaju_operacji, Id_czasu, Id_rachunku_odbiorcy, Kwota) values (72, 192, 47, 2, 1, 90, 892.01);
insert into Transakcje (Id_transakcji, Id_rachunku_nadawcy, Id_oddzialu, Id_rodzaju_operacji, Id_czasu, Id_rachunku_odbiorcy, Kwota) values (73, 157, 43, 2, 251, 213, 643.25);
insert into Transakcje (Id_transakcji, Id_rachunku_nadawcy, Id_oddzialu, Id_rodzaju_operacji, Id_czasu, Id_rachunku_odbiorcy, Kwota) values (74, 137, 11, 3, 134, 92, 803.76);
insert into Transakcje (Id_transakcji, Id_rachunku_nadawcy, Id_oddzialu, Id_rodzaju_operacji, Id_czasu, Id_rachunku_odbiorcy, Kwota) values (75, 384, 30, 2, 321, 155, 241.82);
insert into Transakcje (Id_transakcji, Id_rachunku_nadawcy, Id_oddzialu, Id_rodzaju_operacji, Id_czasu, Id_rachunku_odbiorcy, Kwota) values (76, 182, 16, 3, 204, 352, 423.27);
insert into Transakcje (Id_transakcji, Id_rachunku_nadawcy, Id_oddzialu, Id_rodzaju_operacji, Id_czasu, Id_rachunku_odbiorcy, Kwota) values (77, 385, 13, 1, 304, 166, 240.31);
insert into Transakcje (Id_transakcji, Id_rachunku_nadawcy, Id_oddzialu, Id_rodzaju_operacji, Id_czasu, Id_rachunku_odbiorcy, Kwota) values (78, 346, 20, 3, 120, 290, 632.05);
insert into Transakcje (Id_transakcji, Id_rachunku_nadawcy, Id_oddzialu, Id_rodzaju_operacji, Id_czasu, Id_rachunku_odbiorcy, Kwota) values (79, 376, 4, 2, 224, 368, 922.18);
insert into Transakcje (Id_transakcji, Id_rachunku_nadawcy, Id_oddzialu, Id_rodzaju_operacji, Id_czasu, Id_rachunku_odbiorcy, Kwota) values (80, 316, 13, 2, 304, 100, 510.01);
insert into Transakcje (Id_transakcji, Id_rachunku_nadawcy, Id_oddzialu, Id_rodzaju_operacji, Id_czasu, Id_rachunku_odbiorcy, Kwota) values (81, 173, 39, 1, 295, 125, 512.65);
insert into Transakcje (Id_transakcji, Id_rachunku_nadawcy, Id_oddzialu, Id_rodzaju_operacji, Id_czasu, Id_rachunku_odbiorcy, Kwota) values (82, 232, 8, 3, 239, 380, 88.2);
insert into Transakcje (Id_transakcji, Id_rachunku_nadawcy, Id_oddzialu, Id_rodzaju_operacji, Id_czasu, Id_rachunku_odbiorcy, Kwota) values (83, 159, 15, 1, 396, 392, 711.92);
insert into Transakcje (Id_transakcji, Id_rachunku_nadawcy, Id_oddzialu, Id_rodzaju_operacji, Id_czasu, Id_rachunku_odbiorcy, Kwota) values (84, 365, 22, 3, 145, 211, 972.93);
insert into Transakcje (Id_transakcji, Id_rachunku_nadawcy, Id_oddzialu, Id_rodzaju_operacji, Id_czasu, Id_rachunku_odbiorcy, Kwota) values (85, 120, 5, 3, 283, 96, 672.21);
insert into Transakcje (Id_transakcji, Id_rachunku_nadawcy, Id_oddzialu, Id_rodzaju_operacji, Id_czasu, Id_rachunku_odbiorcy, Kwota) values (86, 107, 6, 3, 276, 14, 172.57);
insert into Transakcje (Id_transakcji, Id_rachunku_nadawcy, Id_oddzialu, Id_rodzaju_operacji, Id_czasu, Id_rachunku_odbiorcy, Kwota) values (87, 365, 1, 3, 129, 190, 661.91);
insert into Transakcje (Id_transakcji, Id_rachunku_nadawcy, Id_oddzialu, Id_rodzaju_operacji, Id_czasu, Id_rachunku_odbiorcy, Kwota) values (88, 188, 32, 1, 206, 379, 518.4);
insert into Transakcje (Id_transakcji, Id_rachunku_nadawcy, Id_oddzialu, Id_rodzaju_operacji, Id_czasu, Id_rachunku_odbiorcy, Kwota) values (89, 144, 7, 1, 227, 265, 781.93);
insert into Transakcje (Id_transakcji, Id_rachunku_nadawcy, Id_oddzialu, Id_rodzaju_operacji, Id_czasu, Id_rachunku_odbiorcy, Kwota) values (90, 323, 22, 2, 24, 11, 227.85);
insert into Transakcje (Id_transakcji, Id_rachunku_nadawcy, Id_oddzialu, Id_rodzaju_operacji, Id_czasu, Id_rachunku_odbiorcy, Kwota) values (91, 146, 20, 3, 333, 372, 51.4);
insert into Transakcje (Id_transakcji, Id_rachunku_nadawcy, Id_oddzialu, Id_rodzaju_operacji, Id_czasu, Id_rachunku_odbiorcy, Kwota) values (92, 382, 26, 3, 346, 182, 516.46);
insert into Transakcje (Id_transakcji, Id_rachunku_nadawcy, Id_oddzialu, Id_rodzaju_operacji, Id_czasu, Id_rachunku_odbiorcy, Kwota) values (93, 213, 6, 1, 16, 78, 160.68);
insert into Transakcje (Id_transakcji, Id_rachunku_nadawcy, Id_oddzialu, Id_rodzaju_operacji, Id_czasu, Id_rachunku_odbiorcy, Kwota) values (94, 263, 45, 1, 202, 150, 446.23);
insert into Transakcje (Id_transakcji, Id_rachunku_nadawcy, Id_oddzialu, Id_rodzaju_operacji, Id_czasu, Id_rachunku_odbiorcy, Kwota) values (95, 206, 46, 2, 249, 277, 482.93);
insert into Transakcje (Id_transakcji, Id_rachunku_nadawcy, Id_oddzialu, Id_rodzaju_operacji, Id_czasu, Id_rachunku_odbiorcy, Kwota) values (96, 153, 35, 2, 226, 265, 104.43);
insert into Transakcje (Id_transakcji, Id_rachunku_nadawcy, Id_oddzialu, Id_rodzaju_operacji, Id_czasu, Id_rachunku_odbiorcy, Kwota) values (97, 17, 15, 3, 278, 313, 548.49);
insert into Transakcje (Id_transakcji, Id_rachunku_nadawcy, Id_oddzialu, Id_rodzaju_operacji, Id_czasu, Id_rachunku_odbiorcy, Kwota) values (98, 201, 6, 2, 298, 38, 653.52);
insert into Transakcje (Id_transakcji, Id_rachunku_nadawcy, Id_oddzialu, Id_rodzaju_operacji, Id_czasu, Id_rachunku_odbiorcy, Kwota) values (99, 147, 34, 3, 344, 209, 60.21);
insert into Transakcje (Id_transakcji, Id_rachunku_nadawcy, Id_oddzialu, Id_rodzaju_operacji, Id_czasu, Id_rachunku_odbiorcy, Kwota) values (100, 16, 32, 2, 376, 249, 92.72);
insert into Transakcje (Id_transakcji, Id_rachunku_nadawcy, Id_oddzialu, Id_rodzaju_operacji, Id_czasu, Id_rachunku_odbiorcy, Kwota) values (101, 10, 23, 2, 391, 245, 378.74);
insert into Transakcje (Id_transakcji, Id_rachunku_nadawcy, Id_oddzialu, Id_rodzaju_operacji, Id_czasu, Id_rachunku_odbiorcy, Kwota) values (102, 225, 42, 1, 204, 152, 186.76);
insert into Transakcje (Id_transakcji, Id_rachunku_nadawcy, Id_oddzialu, Id_rodzaju_operacji, Id_czasu, Id_rachunku_odbiorcy, Kwota) values (103, 3, 6, 2, 212, 270, 618.88);
insert into Transakcje (Id_transakcji, Id_rachunku_nadawcy, Id_oddzialu, Id_rodzaju_operacji, Id_czasu, Id_rachunku_odbiorcy, Kwota) values (104, 172, 3, 1, 100, 311, 101.36);
insert into Transakcje (Id_transakcji, Id_rachunku_nadawcy, Id_oddzialu, Id_rodzaju_operacji, Id_czasu, Id_rachunku_odbiorcy, Kwota) values (105, 229, 4, 1, 119, 347, 878.69);
insert into Transakcje (Id_transakcji, Id_rachunku_nadawcy, Id_oddzialu, Id_rodzaju_operacji, Id_czasu, Id_rachunku_odbiorcy, Kwota) values (106, 211, 4, 2, 59, 192, 947.59);
insert into Transakcje (Id_transakcji, Id_rachunku_nadawcy, Id_oddzialu, Id_rodzaju_operacji, Id_czasu, Id_rachunku_odbiorcy, Kwota) values (107, 138, 45, 2, 271, 366, 628.12);
insert into Transakcje (Id_transakcji, Id_rachunku_nadawcy, Id_oddzialu, Id_rodzaju_operacji, Id_czasu, Id_rachunku_odbiorcy, Kwota) values (108, 340, 25, 2, 277, 321, 584.58);
insert into Transakcje (Id_transakcji, Id_rachunku_nadawcy, Id_oddzialu, Id_rodzaju_operacji, Id_czasu, Id_rachunku_odbiorcy, Kwota) values (109, 41, 6, 2, 326, 317, 326.21);
insert into Transakcje (Id_transakcji, Id_rachunku_nadawcy, Id_oddzialu, Id_rodzaju_operacji, Id_czasu, Id_rachunku_odbiorcy, Kwota) values (110, 170, 46, 1, 191, 201, 1.86);
insert into Transakcje (Id_transakcji, Id_rachunku_nadawcy, Id_oddzialu, Id_rodzaju_operacji, Id_czasu, Id_rachunku_odbiorcy, Kwota) values (111, 107, 16, 3, 362, 290, 700.19);
insert into Transakcje (Id_transakcji, Id_rachunku_nadawcy, Id_oddzialu, Id_rodzaju_operacji, Id_czasu, Id_rachunku_odbiorcy, Kwota) values (112, 400, 22, 2, 323, 195, 828.03);
insert into Transakcje (Id_transakcji, Id_rachunku_nadawcy, Id_oddzialu, Id_rodzaju_operacji, Id_czasu, Id_rachunku_odbiorcy, Kwota) values (113, 380, 24, 2, 136, 168, 297.19);
insert into Transakcje (Id_transakcji, Id_rachunku_nadawcy, Id_oddzialu, Id_rodzaju_operacji, Id_czasu, Id_rachunku_odbiorcy, Kwota) values (114, 370, 26, 2, 387, 87, 230.45);
insert into Transakcje (Id_transakcji, Id_rachunku_nadawcy, Id_oddzialu, Id_rodzaju_operacji, Id_czasu, Id_rachunku_odbiorcy, Kwota) values (115, 338, 40, 1, 119, 132, 526.58);
insert into Transakcje (Id_transakcji, Id_rachunku_nadawcy, Id_oddzialu, Id_rodzaju_operacji, Id_czasu, Id_rachunku_odbiorcy, Kwota) values (116, 259, 39, 2, 299, 300, 94.97);
insert into Transakcje (Id_transakcji, Id_rachunku_nadawcy, Id_oddzialu, Id_rodzaju_operacji, Id_czasu, Id_rachunku_odbiorcy, Kwota) values (117, 251, 26, 2, 359, 224, 949.22);
insert into Transakcje (Id_transakcji, Id_rachunku_nadawcy, Id_oddzialu, Id_rodzaju_operacji, Id_czasu, Id_rachunku_odbiorcy, Kwota) values (118, 183, 19, 3, 375, 289, 9.88);
insert into Transakcje (Id_transakcji, Id_rachunku_nadawcy, Id_oddzialu, Id_rodzaju_operacji, Id_czasu, Id_rachunku_odbiorcy, Kwota) values (119, 271, 42, 2, 358, 201, 776.32);
insert into Transakcje (Id_transakcji, Id_rachunku_nadawcy, Id_oddzialu, Id_rodzaju_operacji, Id_czasu, Id_rachunku_odbiorcy, Kwota) values (120, 334, 31, 3, 124, 228, 934.01);
insert into Transakcje (Id_transakcji, Id_rachunku_nadawcy, Id_oddzialu, Id_rodzaju_operacji, Id_czasu, Id_rachunku_odbiorcy, Kwota) values (121, 367, 35, 2, 150, 187, 509.08);
insert into Transakcje (Id_transakcji, Id_rachunku_nadawcy, Id_oddzialu, Id_rodzaju_operacji, Id_czasu, Id_rachunku_odbiorcy, Kwota) values (122, 393, 22, 1, 314, 259, 635.24);
insert into Transakcje (Id_transakcji, Id_rachunku_nadawcy, Id_oddzialu, Id_rodzaju_operacji, Id_czasu, Id_rachunku_odbiorcy, Kwota) values (123, 257, 43, 3, 86, 334, 10.98);
insert into Transakcje (Id_transakcji, Id_rachunku_nadawcy, Id_oddzialu, Id_rodzaju_operacji, Id_czasu, Id_rachunku_odbiorcy, Kwota) values (124, 55, 1, 3, 216, 91, 961.16);
insert into Transakcje (Id_transakcji, Id_rachunku_nadawcy, Id_oddzialu, Id_rodzaju_operacji, Id_czasu, Id_rachunku_odbiorcy, Kwota) values (125, 35, 26, 3, 235, 156, 814.31);
insert into Transakcje (Id_transakcji, Id_rachunku_nadawcy, Id_oddzialu, Id_rodzaju_operacji, Id_czasu, Id_rachunku_odbiorcy, Kwota) values (126, 35, 17, 1, 119, 91, 785.83);
insert into Transakcje (Id_transakcji, Id_rachunku_nadawcy, Id_oddzialu, Id_rodzaju_operacji, Id_czasu, Id_rachunku_odbiorcy, Kwota) values (127, 210, 6, 2, 209, 235, 549.37);
insert into Transakcje (Id_transakcji, Id_rachunku_nadawcy, Id_oddzialu, Id_rodzaju_operacji, Id_czasu, Id_rachunku_odbiorcy, Kwota) values (128, 62, 50, 2, 353, 73, 646.4);
insert into Transakcje (Id_transakcji, Id_rachunku_nadawcy, Id_oddzialu, Id_rodzaju_operacji, Id_czasu, Id_rachunku_odbiorcy, Kwota) values (129, 45, 44, 3, 128, 356, 568.99);
insert into Transakcje (Id_transakcji, Id_rachunku_nadawcy, Id_oddzialu, Id_rodzaju_operacji, Id_czasu, Id_rachunku_odbiorcy, Kwota) values (130, 155, 2, 1, 348, 269, 799.64);
insert into Transakcje (Id_transakcji, Id_rachunku_nadawcy, Id_oddzialu, Id_rodzaju_operacji, Id_czasu, Id_rachunku_odbiorcy, Kwota) values (131, 310, 50, 1, 266, 37, 644.4);
insert into Transakcje (Id_transakcji, Id_rachunku_nadawcy, Id_oddzialu, Id_rodzaju_operacji, Id_czasu, Id_rachunku_odbiorcy, Kwota) values (132, 282, 32, 2, 80, 127, 788.67);
insert into Transakcje (Id_transakcji, Id_rachunku_nadawcy, Id_oddzialu, Id_rodzaju_operacji, Id_czasu, Id_rachunku_odbiorcy, Kwota) values (133, 21, 23, 3, 291, 68, 989.34);
insert into Transakcje (Id_transakcji, Id_rachunku_nadawcy, Id_oddzialu, Id_rodzaju_operacji, Id_czasu, Id_rachunku_odbiorcy, Kwota) values (134, 269, 3, 2, 246, 89, 802.32);
insert into Transakcje (Id_transakcji, Id_rachunku_nadawcy, Id_oddzialu, Id_rodzaju_operacji, Id_czasu, Id_rachunku_odbiorcy, Kwota) values (135, 350, 28, 2, 240, 241, 914.46);
insert into Transakcje (Id_transakcji, Id_rachunku_nadawcy, Id_oddzialu, Id_rodzaju_operacji, Id_czasu, Id_rachunku_odbiorcy, Kwota) values (136, 218, 20, 3, 344, 261, 778.86);
insert into Transakcje (Id_transakcji, Id_rachunku_nadawcy, Id_oddzialu, Id_rodzaju_operacji, Id_czasu, Id_rachunku_odbiorcy, Kwota) values (137, 86, 9, 1, 69, 133, 647.86);
insert into Transakcje (Id_transakcji, Id_rachunku_nadawcy, Id_oddzialu, Id_rodzaju_operacji, Id_czasu, Id_rachunku_odbiorcy, Kwota) values (138, 7, 38, 3, 348, 118, 728.68);
insert into Transakcje (Id_transakcji, Id_rachunku_nadawcy, Id_oddzialu, Id_rodzaju_operacji, Id_czasu, Id_rachunku_odbiorcy, Kwota) values (139, 119, 8, 1, 148, 151, 521.53);
insert into Transakcje (Id_transakcji, Id_rachunku_nadawcy, Id_oddzialu, Id_rodzaju_operacji, Id_czasu, Id_rachunku_odbiorcy, Kwota) values (140, 196, 27, 3, 188, 310, 499.6);
insert into Transakcje (Id_transakcji, Id_rachunku_nadawcy, Id_oddzialu, Id_rodzaju_operacji, Id_czasu, Id_rachunku_odbiorcy, Kwota) values (141, 332, 37, 1, 26, 289, 723.99);
insert into Transakcje (Id_transakcji, Id_rachunku_nadawcy, Id_oddzialu, Id_rodzaju_operacji, Id_czasu, Id_rachunku_odbiorcy, Kwota) values (142, 146, 29, 1, 40, 150, 915.43);
insert into Transakcje (Id_transakcji, Id_rachunku_nadawcy, Id_oddzialu, Id_rodzaju_operacji, Id_czasu, Id_rachunku_odbiorcy, Kwota) values (143, 69, 1, 1, 122, 102, 128.4);
insert into Transakcje (Id_transakcji, Id_rachunku_nadawcy, Id_oddzialu, Id_rodzaju_operacji, Id_czasu, Id_rachunku_odbiorcy, Kwota) values (144, 222, 40, 3, 219, 42, 561.41);
insert into Transakcje (Id_transakcji, Id_rachunku_nadawcy, Id_oddzialu, Id_rodzaju_operacji, Id_czasu, Id_rachunku_odbiorcy, Kwota) values (145, 268, 37, 3, 226, 228, 339.83);
insert into Transakcje (Id_transakcji, Id_rachunku_nadawcy, Id_oddzialu, Id_rodzaju_operacji, Id_czasu, Id_rachunku_odbiorcy, Kwota) values (146, 165, 34, 1, 336, 305, 227.97);
insert into Transakcje (Id_transakcji, Id_rachunku_nadawcy, Id_oddzialu, Id_rodzaju_operacji, Id_czasu, Id_rachunku_odbiorcy, Kwota) values (147, 123, 14, 3, 183, 68, 306.34);
insert into Transakcje (Id_transakcji, Id_rachunku_nadawcy, Id_oddzialu, Id_rodzaju_operacji, Id_czasu, Id_rachunku_odbiorcy, Kwota) values (148, 1, 23, 2, 112, 334, 211.36);
insert into Transakcje (Id_transakcji, Id_rachunku_nadawcy, Id_oddzialu, Id_rodzaju_operacji, Id_czasu, Id_rachunku_odbiorcy, Kwota) values (149, 248, 20, 1, 397, 209, 662.08);
insert into Transakcje (Id_transakcji, Id_rachunku_nadawcy, Id_oddzialu, Id_rodzaju_operacji, Id_czasu, Id_rachunku_odbiorcy, Kwota) values (150, 352, 22, 3, 37, 165, 210.37);
insert into Transakcje (Id_transakcji, Id_rachunku_nadawcy, Id_oddzialu, Id_rodzaju_operacji, Id_czasu, Id_rachunku_odbiorcy, Kwota) values (151, 51, 21, 3, 325, 258, 557.97);
insert into Transakcje (Id_transakcji, Id_rachunku_nadawcy, Id_oddzialu, Id_rodzaju_operacji, Id_czasu, Id_rachunku_odbiorcy, Kwota) values (152, 35, 19, 2, 375, 141, 43.13);
insert into Transakcje (Id_transakcji, Id_rachunku_nadawcy, Id_oddzialu, Id_rodzaju_operacji, Id_czasu, Id_rachunku_odbiorcy, Kwota) values (153, 366, 6, 1, 384, 78, 954.22);
insert into Transakcje (Id_transakcji, Id_rachunku_nadawcy, Id_oddzialu, Id_rodzaju_operacji, Id_czasu, Id_rachunku_odbiorcy, Kwota) values (154, 379, 36, 2, 329, 361, 850.43);
insert into Transakcje (Id_transakcji, Id_rachunku_nadawcy, Id_oddzialu, Id_rodzaju_operacji, Id_czasu, Id_rachunku_odbiorcy, Kwota) values (155, 330, 16, 1, 84, 17, 795.5);
insert into Transakcje (Id_transakcji, Id_rachunku_nadawcy, Id_oddzialu, Id_rodzaju_operacji, Id_czasu, Id_rachunku_odbiorcy, Kwota) values (156, 315, 8, 3, 72, 181, 211.73);
insert into Transakcje (Id_transakcji, Id_rachunku_nadawcy, Id_oddzialu, Id_rodzaju_operacji, Id_czasu, Id_rachunku_odbiorcy, Kwota) values (157, 216, 17, 2, 320, 146, 343.15);
insert into Transakcje (Id_transakcji, Id_rachunku_nadawcy, Id_oddzialu, Id_rodzaju_operacji, Id_czasu, Id_rachunku_odbiorcy, Kwota) values (158, 116, 12, 2, 88, 186, 867.09);
insert into Transakcje (Id_transakcji, Id_rachunku_nadawcy, Id_oddzialu, Id_rodzaju_operacji, Id_czasu, Id_rachunku_odbiorcy, Kwota) values (159, 129, 16, 3, 99, 279, 754.35);
insert into Transakcje (Id_transakcji, Id_rachunku_nadawcy, Id_oddzialu, Id_rodzaju_operacji, Id_czasu, Id_rachunku_odbiorcy, Kwota) values (160, 278, 29, 2, 112, 313, 339.82);
insert into Transakcje (Id_transakcji, Id_rachunku_nadawcy, Id_oddzialu, Id_rodzaju_operacji, Id_czasu, Id_rachunku_odbiorcy, Kwota) values (161, 236, 33, 3, 2, 12, 883.13);
insert into Transakcje (Id_transakcji, Id_rachunku_nadawcy, Id_oddzialu, Id_rodzaju_operacji, Id_czasu, Id_rachunku_odbiorcy, Kwota) values (162, 319, 20, 3, 334, 142, 484.95);
insert into Transakcje (Id_transakcji, Id_rachunku_nadawcy, Id_oddzialu, Id_rodzaju_operacji, Id_czasu, Id_rachunku_odbiorcy, Kwota) values (163, 288, 14, 3, 142, 194, 531.4);
insert into Transakcje (Id_transakcji, Id_rachunku_nadawcy, Id_oddzialu, Id_rodzaju_operacji, Id_czasu, Id_rachunku_odbiorcy, Kwota) values (164, 118, 45, 1, 325, 82, 358.01);
insert into Transakcje (Id_transakcji, Id_rachunku_nadawcy, Id_oddzialu, Id_rodzaju_operacji, Id_czasu, Id_rachunku_odbiorcy, Kwota) values (165, 163, 15, 1, 303, 27, 29.38);
insert into Transakcje (Id_transakcji, Id_rachunku_nadawcy, Id_oddzialu, Id_rodzaju_operacji, Id_czasu, Id_rachunku_odbiorcy, Kwota) values (166, 72, 19, 3, 195, 28, 936.81);
insert into Transakcje (Id_transakcji, Id_rachunku_nadawcy, Id_oddzialu, Id_rodzaju_operacji, Id_czasu, Id_rachunku_odbiorcy, Kwota) values (167, 330, 9, 1, 142, 308, 85.13);
insert into Transakcje (Id_transakcji, Id_rachunku_nadawcy, Id_oddzialu, Id_rodzaju_operacji, Id_czasu, Id_rachunku_odbiorcy, Kwota) values (168, 106, 21, 1, 180, 1, 306.93);
insert into Transakcje (Id_transakcji, Id_rachunku_nadawcy, Id_oddzialu, Id_rodzaju_operacji, Id_czasu, Id_rachunku_odbiorcy, Kwota) values (169, 235, 17, 1, 309, 91, 731.21);
insert into Transakcje (Id_transakcji, Id_rachunku_nadawcy, Id_oddzialu, Id_rodzaju_operacji, Id_czasu, Id_rachunku_odbiorcy, Kwota) values (170, 115, 48, 3, 188, 80, 412.95);
insert into Transakcje (Id_transakcji, Id_rachunku_nadawcy, Id_oddzialu, Id_rodzaju_operacji, Id_czasu, Id_rachunku_odbiorcy, Kwota) values (171, 213, 16, 3, 376, 354, 839.26);
insert into Transakcje (Id_transakcji, Id_rachunku_nadawcy, Id_oddzialu, Id_rodzaju_operacji, Id_czasu, Id_rachunku_odbiorcy, Kwota) values (172, 161, 32, 2, 42, 145, 14.5);
insert into Transakcje (Id_transakcji, Id_rachunku_nadawcy, Id_oddzialu, Id_rodzaju_operacji, Id_czasu, Id_rachunku_odbiorcy, Kwota) values (173, 35, 45, 1, 210, 193, 238.89);
insert into Transakcje (Id_transakcji, Id_rachunku_nadawcy, Id_oddzialu, Id_rodzaju_operacji, Id_czasu, Id_rachunku_odbiorcy, Kwota) values (174, 286, 36, 2, 391, 217, 568.64);
insert into Transakcje (Id_transakcji, Id_rachunku_nadawcy, Id_oddzialu, Id_rodzaju_operacji, Id_czasu, Id_rachunku_odbiorcy, Kwota) values (175, 150, 15, 1, 336, 365, 298.43);
insert into Transakcje (Id_transakcji, Id_rachunku_nadawcy, Id_oddzialu, Id_rodzaju_operacji, Id_czasu, Id_rachunku_odbiorcy, Kwota) values (176, 60, 18, 1, 221, 281, 266.52);
insert into Transakcje (Id_transakcji, Id_rachunku_nadawcy, Id_oddzialu, Id_rodzaju_operacji, Id_czasu, Id_rachunku_odbiorcy, Kwota) values (177, 50, 20, 3, 165, 341, 440.53);
insert into Transakcje (Id_transakcji, Id_rachunku_nadawcy, Id_oddzialu, Id_rodzaju_operacji, Id_czasu, Id_rachunku_odbiorcy, Kwota) values (178, 204, 42, 3, 5, 132, 134.86);
insert into Transakcje (Id_transakcji, Id_rachunku_nadawcy, Id_oddzialu, Id_rodzaju_operacji, Id_czasu, Id_rachunku_odbiorcy, Kwota) values (179, 323, 16, 1, 244, 131, 801.27);
insert into Transakcje (Id_transakcji, Id_rachunku_nadawcy, Id_oddzialu, Id_rodzaju_operacji, Id_czasu, Id_rachunku_odbiorcy, Kwota) values (180, 163, 41, 2, 227, 163, 383.81);
insert into Transakcje (Id_transakcji, Id_rachunku_nadawcy, Id_oddzialu, Id_rodzaju_operacji, Id_czasu, Id_rachunku_odbiorcy, Kwota) values (181, 54, 2, 2, 268, 12, 619.2);
insert into Transakcje (Id_transakcji, Id_rachunku_nadawcy, Id_oddzialu, Id_rodzaju_operacji, Id_czasu, Id_rachunku_odbiorcy, Kwota) values (182, 361, 41, 2, 112, 192, 682.24);
insert into Transakcje (Id_transakcji, Id_rachunku_nadawcy, Id_oddzialu, Id_rodzaju_operacji, Id_czasu, Id_rachunku_odbiorcy, Kwota) values (183, 328, 38, 1, 5, 177, 921.85);
insert into Transakcje (Id_transakcji, Id_rachunku_nadawcy, Id_oddzialu, Id_rodzaju_operacji, Id_czasu, Id_rachunku_odbiorcy, Kwota) values (184, 395, 41, 3, 398, 230, 103.64);
insert into Transakcje (Id_transakcji, Id_rachunku_nadawcy, Id_oddzialu, Id_rodzaju_operacji, Id_czasu, Id_rachunku_odbiorcy, Kwota) values (185, 203, 13, 3, 349, 355, 919.28);
insert into Transakcje (Id_transakcji, Id_rachunku_nadawcy, Id_oddzialu, Id_rodzaju_operacji, Id_czasu, Id_rachunku_odbiorcy, Kwota) values (186, 169, 12, 3, 10, 142, 916.73);
insert into Transakcje (Id_transakcji, Id_rachunku_nadawcy, Id_oddzialu, Id_rodzaju_operacji, Id_czasu, Id_rachunku_odbiorcy, Kwota) values (187, 122, 46, 3, 151, 287, 158.96);
insert into Transakcje (Id_transakcji, Id_rachunku_nadawcy, Id_oddzialu, Id_rodzaju_operacji, Id_czasu, Id_rachunku_odbiorcy, Kwota) values (188, 152, 43, 2, 395, 207, 442.66);
insert into Transakcje (Id_transakcji, Id_rachunku_nadawcy, Id_oddzialu, Id_rodzaju_operacji, Id_czasu, Id_rachunku_odbiorcy, Kwota) values (189, 238, 43, 3, 61, 223, 26.59);
insert into Transakcje (Id_transakcji, Id_rachunku_nadawcy, Id_oddzialu, Id_rodzaju_operacji, Id_czasu, Id_rachunku_odbiorcy, Kwota) values (190, 39, 19, 3, 92, 34, 188.2);
insert into Transakcje (Id_transakcji, Id_rachunku_nadawcy, Id_oddzialu, Id_rodzaju_operacji, Id_czasu, Id_rachunku_odbiorcy, Kwota) values (191, 96, 10, 3, 207, 334, 540.57);
insert into Transakcje (Id_transakcji, Id_rachunku_nadawcy, Id_oddzialu, Id_rodzaju_operacji, Id_czasu, Id_rachunku_odbiorcy, Kwota) values (192, 197, 12, 3, 72, 274, 796.23);
insert into Transakcje (Id_transakcji, Id_rachunku_nadawcy, Id_oddzialu, Id_rodzaju_operacji, Id_czasu, Id_rachunku_odbiorcy, Kwota) values (193, 138, 46, 3, 138, 267, 553.08);
insert into Transakcje (Id_transakcji, Id_rachunku_nadawcy, Id_oddzialu, Id_rodzaju_operacji, Id_czasu, Id_rachunku_odbiorcy, Kwota) values (194, 68, 47, 3, 360, 372, 183.58);
insert into Transakcje (Id_transakcji, Id_rachunku_nadawcy, Id_oddzialu, Id_rodzaju_operacji, Id_czasu, Id_rachunku_odbiorcy, Kwota) values (195, 57, 31, 3, 246, 271, 145.24);
insert into Transakcje (Id_transakcji, Id_rachunku_nadawcy, Id_oddzialu, Id_rodzaju_operacji, Id_czasu, Id_rachunku_odbiorcy, Kwota) values (196, 265, 2, 3, 88, 140, 173.42);
insert into Transakcje (Id_transakcji, Id_rachunku_nadawcy, Id_oddzialu, Id_rodzaju_operacji, Id_czasu, Id_rachunku_odbiorcy, Kwota) values (197, 94, 7, 3, 399, 60, 389.66);
insert into Transakcje (Id_transakcji, Id_rachunku_nadawcy, Id_oddzialu, Id_rodzaju_operacji, Id_czasu, Id_rachunku_odbiorcy, Kwota) values (198, 10, 35, 3, 295, 213, 943.1);
insert into Transakcje (Id_transakcji, Id_rachunku_nadawcy, Id_oddzialu, Id_rodzaju_operacji, Id_czasu, Id_rachunku_odbiorcy, Kwota) values (199, 223, 26, 2, 95, 38, 830.88);
insert into Transakcje (Id_transakcji, Id_rachunku_nadawcy, Id_oddzialu, Id_rodzaju_operacji, Id_czasu, Id_rachunku_odbiorcy, Kwota) values (200, 268, 49, 3, 175, 234, 682.67);
insert into Transakcje (Id_transakcji, Id_rachunku_nadawcy, Id_oddzialu, Id_rodzaju_operacji, Id_czasu, Id_rachunku_odbiorcy, Kwota) values (201, 251, 40, 3, 267, 355, 139.77);
insert into Transakcje (Id_transakcji, Id_rachunku_nadawcy, Id_oddzialu, Id_rodzaju_operacji, Id_czasu, Id_rachunku_odbiorcy, Kwota) values (202, 60, 21, 2, 141, 175, 164.52);
insert into Transakcje (Id_transakcji, Id_rachunku_nadawcy, Id_oddzialu, Id_rodzaju_operacji, Id_czasu, Id_rachunku_odbiorcy, Kwota) values (203, 148, 20, 3, 132, 200, 883.68);
insert into Transakcje (Id_transakcji, Id_rachunku_nadawcy, Id_oddzialu, Id_rodzaju_operacji, Id_czasu, Id_rachunku_odbiorcy, Kwota) values (204, 21, 6, 1, 2, 147, 969.3);
insert into Transakcje (Id_transakcji, Id_rachunku_nadawcy, Id_oddzialu, Id_rodzaju_operacji, Id_czasu, Id_rachunku_odbiorcy, Kwota) values (205, 214, 14, 2, 173, 351, 382.19);
insert into Transakcje (Id_transakcji, Id_rachunku_nadawcy, Id_oddzialu, Id_rodzaju_operacji, Id_czasu, Id_rachunku_odbiorcy, Kwota) values (206, 168, 34, 2, 223, 37, 285.69);
insert into Transakcje (Id_transakcji, Id_rachunku_nadawcy, Id_oddzialu, Id_rodzaju_operacji, Id_czasu, Id_rachunku_odbiorcy, Kwota) values (207, 359, 42, 2, 295, 26, 386.74);
insert into Transakcje (Id_transakcji, Id_rachunku_nadawcy, Id_oddzialu, Id_rodzaju_operacji, Id_czasu, Id_rachunku_odbiorcy, Kwota) values (208, 340, 38, 2, 219, 106, 986.43);
insert into Transakcje (Id_transakcji, Id_rachunku_nadawcy, Id_oddzialu, Id_rodzaju_operacji, Id_czasu, Id_rachunku_odbiorcy, Kwota) values (209, 395, 5, 2, 278, 40, 536.77);
insert into Transakcje (Id_transakcji, Id_rachunku_nadawcy, Id_oddzialu, Id_rodzaju_operacji, Id_czasu, Id_rachunku_odbiorcy, Kwota) values (210, 344, 22, 2, 378, 113, 112.34);
insert into Transakcje (Id_transakcji, Id_rachunku_nadawcy, Id_oddzialu, Id_rodzaju_operacji, Id_czasu, Id_rachunku_odbiorcy, Kwota) values (211, 350, 14, 1, 333, 355, 827.1);
insert into Transakcje (Id_transakcji, Id_rachunku_nadawcy, Id_oddzialu, Id_rodzaju_operacji, Id_czasu, Id_rachunku_odbiorcy, Kwota) values (212, 192, 15, 2, 248, 399, 847.78);
insert into Transakcje (Id_transakcji, Id_rachunku_nadawcy, Id_oddzialu, Id_rodzaju_operacji, Id_czasu, Id_rachunku_odbiorcy, Kwota) values (213, 177, 21, 3, 298, 317, 150.49);
insert into Transakcje (Id_transakcji, Id_rachunku_nadawcy, Id_oddzialu, Id_rodzaju_operacji, Id_czasu, Id_rachunku_odbiorcy, Kwota) values (214, 58, 27, 3, 363, 237, 439.13);
insert into Transakcje (Id_transakcji, Id_rachunku_nadawcy, Id_oddzialu, Id_rodzaju_operacji, Id_czasu, Id_rachunku_odbiorcy, Kwota) values (215, 244, 31, 3, 261, 281, 755.27);
insert into Transakcje (Id_transakcji, Id_rachunku_nadawcy, Id_oddzialu, Id_rodzaju_operacji, Id_czasu, Id_rachunku_odbiorcy, Kwota) values (216, 365, 38, 1, 155, 227, 941.93);
insert into Transakcje (Id_transakcji, Id_rachunku_nadawcy, Id_oddzialu, Id_rodzaju_operacji, Id_czasu, Id_rachunku_odbiorcy, Kwota) values (217, 142, 7, 2, 292, 285, 367.06);
insert into Transakcje (Id_transakcji, Id_rachunku_nadawcy, Id_oddzialu, Id_rodzaju_operacji, Id_czasu, Id_rachunku_odbiorcy, Kwota) values (218, 107, 43, 3, 376, 306, 574.51);
insert into Transakcje (Id_transakcji, Id_rachunku_nadawcy, Id_oddzialu, Id_rodzaju_operacji, Id_czasu, Id_rachunku_odbiorcy, Kwota) values (219, 214, 25, 2, 272, 272, 158.3);
insert into Transakcje (Id_transakcji, Id_rachunku_nadawcy, Id_oddzialu, Id_rodzaju_operacji, Id_czasu, Id_rachunku_odbiorcy, Kwota) values (220, 156, 12, 3, 166, 160, 357.21);
insert into Transakcje (Id_transakcji, Id_rachunku_nadawcy, Id_oddzialu, Id_rodzaju_operacji, Id_czasu, Id_rachunku_odbiorcy, Kwota) values (221, 184, 9, 3, 399, 123, 684.25);
insert into Transakcje (Id_transakcji, Id_rachunku_nadawcy, Id_oddzialu, Id_rodzaju_operacji, Id_czasu, Id_rachunku_odbiorcy, Kwota) values (222, 129, 8, 3, 335, 323, 129.14);
insert into Transakcje (Id_transakcji, Id_rachunku_nadawcy, Id_oddzialu, Id_rodzaju_operacji, Id_czasu, Id_rachunku_odbiorcy, Kwota) values (223, 254, 12, 2, 332, 145, 324.32);
insert into Transakcje (Id_transakcji, Id_rachunku_nadawcy, Id_oddzialu, Id_rodzaju_operacji, Id_czasu, Id_rachunku_odbiorcy, Kwota) values (224, 269, 24, 3, 174, 387, 186.98);
insert into Transakcje (Id_transakcji, Id_rachunku_nadawcy, Id_oddzialu, Id_rodzaju_operacji, Id_czasu, Id_rachunku_odbiorcy, Kwota) values (225, 128, 47, 1, 81, 51, 138.89);
insert into Transakcje (Id_transakcji, Id_rachunku_nadawcy, Id_oddzialu, Id_rodzaju_operacji, Id_czasu, Id_rachunku_odbiorcy, Kwota) values (226, 33, 11, 1, 178, 400, 285.64);
insert into Transakcje (Id_transakcji, Id_rachunku_nadawcy, Id_oddzialu, Id_rodzaju_operacji, Id_czasu, Id_rachunku_odbiorcy, Kwota) values (227, 224, 14, 3, 280, 152, 402.81);
insert into Transakcje (Id_transakcji, Id_rachunku_nadawcy, Id_oddzialu, Id_rodzaju_operacji, Id_czasu, Id_rachunku_odbiorcy, Kwota) values (228, 365, 35, 2, 182, 236, 573.4);
insert into Transakcje (Id_transakcji, Id_rachunku_nadawcy, Id_oddzialu, Id_rodzaju_operacji, Id_czasu, Id_rachunku_odbiorcy, Kwota) values (229, 238, 23, 1, 246, 224, 317.37);
insert into Transakcje (Id_transakcji, Id_rachunku_nadawcy, Id_oddzialu, Id_rodzaju_operacji, Id_czasu, Id_rachunku_odbiorcy, Kwota) values (230, 119, 35, 3, 226, 65, 213.47);
insert into Transakcje (Id_transakcji, Id_rachunku_nadawcy, Id_oddzialu, Id_rodzaju_operacji, Id_czasu, Id_rachunku_odbiorcy, Kwota) values (231, 48, 28, 2, 243, 319, 280.87);
insert into Transakcje (Id_transakcji, Id_rachunku_nadawcy, Id_oddzialu, Id_rodzaju_operacji, Id_czasu, Id_rachunku_odbiorcy, Kwota) values (232, 279, 24, 3, 173, 352, 942.1);
insert into Transakcje (Id_transakcji, Id_rachunku_nadawcy, Id_oddzialu, Id_rodzaju_operacji, Id_czasu, Id_rachunku_odbiorcy, Kwota) values (233, 308, 28, 2, 305, 252, 258.42);
insert into Transakcje (Id_transakcji, Id_rachunku_nadawcy, Id_oddzialu, Id_rodzaju_operacji, Id_czasu, Id_rachunku_odbiorcy, Kwota) values (234, 247, 33, 1, 351, 213, 884.36);
insert into Transakcje (Id_transakcji, Id_rachunku_nadawcy, Id_oddzialu, Id_rodzaju_operacji, Id_czasu, Id_rachunku_odbiorcy, Kwota) values (235, 13, 24, 3, 177, 171, 687.81);
insert into Transakcje (Id_transakcji, Id_rachunku_nadawcy, Id_oddzialu, Id_rodzaju_operacji, Id_czasu, Id_rachunku_odbiorcy, Kwota) values (236, 392, 42, 3, 95, 200, 855.06);
insert into Transakcje (Id_transakcji, Id_rachunku_nadawcy, Id_oddzialu, Id_rodzaju_operacji, Id_czasu, Id_rachunku_odbiorcy, Kwota) values (237, 63, 15, 3, 3, 73, 634.63);
insert into Transakcje (Id_transakcji, Id_rachunku_nadawcy, Id_oddzialu, Id_rodzaju_operacji, Id_czasu, Id_rachunku_odbiorcy, Kwota) values (238, 92, 14, 3, 171, 78, 164.68);
insert into Transakcje (Id_transakcji, Id_rachunku_nadawcy, Id_oddzialu, Id_rodzaju_operacji, Id_czasu, Id_rachunku_odbiorcy, Kwota) values (239, 92, 45, 3, 371, 335, 760.48);
insert into Transakcje (Id_transakcji, Id_rachunku_nadawcy, Id_oddzialu, Id_rodzaju_operacji, Id_czasu, Id_rachunku_odbiorcy, Kwota) values (240, 29, 23, 2, 364, 190, 206.06);
insert into Transakcje (Id_transakcji, Id_rachunku_nadawcy, Id_oddzialu, Id_rodzaju_operacji, Id_czasu, Id_rachunku_odbiorcy, Kwota) values (241, 86, 18, 1, 376, 91, 577.85);
insert into Transakcje (Id_transakcji, Id_rachunku_nadawcy, Id_oddzialu, Id_rodzaju_operacji, Id_czasu, Id_rachunku_odbiorcy, Kwota) values (242, 66, 29, 3, 262, 133, 952.51);
insert into Transakcje (Id_transakcji, Id_rachunku_nadawcy, Id_oddzialu, Id_rodzaju_operacji, Id_czasu, Id_rachunku_odbiorcy, Kwota) values (243, 58, 43, 3, 325, 63, 910.06);
insert into Transakcje (Id_transakcji, Id_rachunku_nadawcy, Id_oddzialu, Id_rodzaju_operacji, Id_czasu, Id_rachunku_odbiorcy, Kwota) values (244, 276, 12, 3, 395, 271, 978.77);
insert into Transakcje (Id_transakcji, Id_rachunku_nadawcy, Id_oddzialu, Id_rodzaju_operacji, Id_czasu, Id_rachunku_odbiorcy, Kwota) values (245, 20, 3, 2, 109, 132, 679.37);
insert into Transakcje (Id_transakcji, Id_rachunku_nadawcy, Id_oddzialu, Id_rodzaju_operacji, Id_czasu, Id_rachunku_odbiorcy, Kwota) values (246, 283, 47, 2, 232, 188, 315.45);
insert into Transakcje (Id_transakcji, Id_rachunku_nadawcy, Id_oddzialu, Id_rodzaju_operacji, Id_czasu, Id_rachunku_odbiorcy, Kwota) values (247, 179, 8, 1, 169, 238, 208.22);
insert into Transakcje (Id_transakcji, Id_rachunku_nadawcy, Id_oddzialu, Id_rodzaju_operacji, Id_czasu, Id_rachunku_odbiorcy, Kwota) values (248, 311, 10, 3, 337, 386, 649.47);
insert into Transakcje (Id_transakcji, Id_rachunku_nadawcy, Id_oddzialu, Id_rodzaju_operacji, Id_czasu, Id_rachunku_odbiorcy, Kwota) values (249, 247, 20, 3, 86, 196, 931.37);
insert into Transakcje (Id_transakcji, Id_rachunku_nadawcy, Id_oddzialu, Id_rodzaju_operacji, Id_czasu, Id_rachunku_odbiorcy, Kwota) values (250, 105, 14, 1, 124, 187, 467.79);
insert into Transakcje (Id_transakcji, Id_rachunku_nadawcy, Id_oddzialu, Id_rodzaju_operacji, Id_czasu, Id_rachunku_odbiorcy, Kwota) values (251, 262, 42, 2, 144, 175, 462.54);
insert into Transakcje (Id_transakcji, Id_rachunku_nadawcy, Id_oddzialu, Id_rodzaju_operacji, Id_czasu, Id_rachunku_odbiorcy, Kwota) values (252, 101, 45, 1, 33, 120, 698.91);
insert into Transakcje (Id_transakcji, Id_rachunku_nadawcy, Id_oddzialu, Id_rodzaju_operacji, Id_czasu, Id_rachunku_odbiorcy, Kwota) values (253, 104, 12, 2, 157, 28, 387.55);
insert into Transakcje (Id_transakcji, Id_rachunku_nadawcy, Id_oddzialu, Id_rodzaju_operacji, Id_czasu, Id_rachunku_odbiorcy, Kwota) values (254, 272, 42, 1, 67, 56, 698.96);
insert into Transakcje (Id_transakcji, Id_rachunku_nadawcy, Id_oddzialu, Id_rodzaju_operacji, Id_czasu, Id_rachunku_odbiorcy, Kwota) values (255, 290, 49, 1, 3, 292, 953.26);
insert into Transakcje (Id_transakcji, Id_rachunku_nadawcy, Id_oddzialu, Id_rodzaju_operacji, Id_czasu, Id_rachunku_odbiorcy, Kwota) values (256, 277, 37, 3, 35, 248, 103.55);
insert into Transakcje (Id_transakcji, Id_rachunku_nadawcy, Id_oddzialu, Id_rodzaju_operacji, Id_czasu, Id_rachunku_odbiorcy, Kwota) values (257, 97, 12, 3, 155, 65, 169.18);
insert into Transakcje (Id_transakcji, Id_rachunku_nadawcy, Id_oddzialu, Id_rodzaju_operacji, Id_czasu, Id_rachunku_odbiorcy, Kwota) values (258, 288, 38, 2, 278, 202, 760.98);
insert into Transakcje (Id_transakcji, Id_rachunku_nadawcy, Id_oddzialu, Id_rodzaju_operacji, Id_czasu, Id_rachunku_odbiorcy, Kwota) values (259, 78, 35, 3, 325, 330, 409.0);
insert into Transakcje (Id_transakcji, Id_rachunku_nadawcy, Id_oddzialu, Id_rodzaju_operacji, Id_czasu, Id_rachunku_odbiorcy, Kwota) values (260, 71, 10, 2, 80, 223, 457.36);
insert into Transakcje (Id_transakcji, Id_rachunku_nadawcy, Id_oddzialu, Id_rodzaju_operacji, Id_czasu, Id_rachunku_odbiorcy, Kwota) values (261, 294, 36, 1, 352, 71, 139.54);
insert into Transakcje (Id_transakcji, Id_rachunku_nadawcy, Id_oddzialu, Id_rodzaju_operacji, Id_czasu, Id_rachunku_odbiorcy, Kwota) values (262, 59, 31, 3, 275, 88, 936.81);
insert into Transakcje (Id_transakcji, Id_rachunku_nadawcy, Id_oddzialu, Id_rodzaju_operacji, Id_czasu, Id_rachunku_odbiorcy, Kwota) values (263, 361, 2, 2, 249, 389, 76.93);
insert into Transakcje (Id_transakcji, Id_rachunku_nadawcy, Id_oddzialu, Id_rodzaju_operacji, Id_czasu, Id_rachunku_odbiorcy, Kwota) values (264, 340, 34, 3, 249, 254, 135.21);
insert into Transakcje (Id_transakcji, Id_rachunku_nadawcy, Id_oddzialu, Id_rodzaju_operacji, Id_czasu, Id_rachunku_odbiorcy, Kwota) values (265, 196, 2, 3, 182, 266, 965.89);
insert into Transakcje (Id_transakcji, Id_rachunku_nadawcy, Id_oddzialu, Id_rodzaju_operacji, Id_czasu, Id_rachunku_odbiorcy, Kwota) values (266, 203, 47, 2, 198, 366, 299.17);
insert into Transakcje (Id_transakcji, Id_rachunku_nadawcy, Id_oddzialu, Id_rodzaju_operacji, Id_czasu, Id_rachunku_odbiorcy, Kwota) values (267, 271, 45, 2, 80, 386, 482.19);
insert into Transakcje (Id_transakcji, Id_rachunku_nadawcy, Id_oddzialu, Id_rodzaju_operacji, Id_czasu, Id_rachunku_odbiorcy, Kwota) values (268, 40, 10, 1, 5, 90, 608.31);
insert into Transakcje (Id_transakcji, Id_rachunku_nadawcy, Id_oddzialu, Id_rodzaju_operacji, Id_czasu, Id_rachunku_odbiorcy, Kwota) values (269, 90, 47, 3, 276, 34, 456.13);
insert into Transakcje (Id_transakcji, Id_rachunku_nadawcy, Id_oddzialu, Id_rodzaju_operacji, Id_czasu, Id_rachunku_odbiorcy, Kwota) values (270, 351, 24, 2, 380, 317, 288.11);
insert into Transakcje (Id_transakcji, Id_rachunku_nadawcy, Id_oddzialu, Id_rodzaju_operacji, Id_czasu, Id_rachunku_odbiorcy, Kwota) values (271, 246, 39, 3, 375, 60, 929.97);
insert into Transakcje (Id_transakcji, Id_rachunku_nadawcy, Id_oddzialu, Id_rodzaju_operacji, Id_czasu, Id_rachunku_odbiorcy, Kwota) values (272, 270, 19, 3, 272, 247, 116.17);
insert into Transakcje (Id_transakcji, Id_rachunku_nadawcy, Id_oddzialu, Id_rodzaju_operacji, Id_czasu, Id_rachunku_odbiorcy, Kwota) values (273, 173, 2, 1, 12, 224, 483.46);
insert into Transakcje (Id_transakcji, Id_rachunku_nadawcy, Id_oddzialu, Id_rodzaju_operacji, Id_czasu, Id_rachunku_odbiorcy, Kwota) values (274, 389, 49, 1, 375, 135, 787.21);
insert into Transakcje (Id_transakcji, Id_rachunku_nadawcy, Id_oddzialu, Id_rodzaju_operacji, Id_czasu, Id_rachunku_odbiorcy, Kwota) values (275, 212, 21, 1, 201, 114, 276.76);
insert into Transakcje (Id_transakcji, Id_rachunku_nadawcy, Id_oddzialu, Id_rodzaju_operacji, Id_czasu, Id_rachunku_odbiorcy, Kwota) values (276, 278, 11, 3, 143, 77, 653.81);
insert into Transakcje (Id_transakcji, Id_rachunku_nadawcy, Id_oddzialu, Id_rodzaju_operacji, Id_czasu, Id_rachunku_odbiorcy, Kwota) values (277, 359, 12, 1, 385, 136, 564.05);
insert into Transakcje (Id_transakcji, Id_rachunku_nadawcy, Id_oddzialu, Id_rodzaju_operacji, Id_czasu, Id_rachunku_odbiorcy, Kwota) values (278, 348, 31, 2, 259, 147, 300.09);
insert into Transakcje (Id_transakcji, Id_rachunku_nadawcy, Id_oddzialu, Id_rodzaju_operacji, Id_czasu, Id_rachunku_odbiorcy, Kwota) values (279, 119, 25, 1, 293, 94, 963.59);
insert into Transakcje (Id_transakcji, Id_rachunku_nadawcy, Id_oddzialu, Id_rodzaju_operacji, Id_czasu, Id_rachunku_odbiorcy, Kwota) values (280, 179, 41, 1, 148, 245, 604.4);
insert into Transakcje (Id_transakcji, Id_rachunku_nadawcy, Id_oddzialu, Id_rodzaju_operacji, Id_czasu, Id_rachunku_odbiorcy, Kwota) values (281, 291, 40, 2, 209, 352, 222.26);
insert into Transakcje (Id_transakcji, Id_rachunku_nadawcy, Id_oddzialu, Id_rodzaju_operacji, Id_czasu, Id_rachunku_odbiorcy, Kwota) values (282, 102, 45, 3, 31, 88, 587.94);
insert into Transakcje (Id_transakcji, Id_rachunku_nadawcy, Id_oddzialu, Id_rodzaju_operacji, Id_czasu, Id_rachunku_odbiorcy, Kwota) values (283, 397, 33, 2, 270, 224, 854.43);
insert into Transakcje (Id_transakcji, Id_rachunku_nadawcy, Id_oddzialu, Id_rodzaju_operacji, Id_czasu, Id_rachunku_odbiorcy, Kwota) values (284, 345, 46, 3, 293, 244, 16.35);
insert into Transakcje (Id_transakcji, Id_rachunku_nadawcy, Id_oddzialu, Id_rodzaju_operacji, Id_czasu, Id_rachunku_odbiorcy, Kwota) values (285, 178, 13, 2, 69, 210, 109.69);
insert into Transakcje (Id_transakcji, Id_rachunku_nadawcy, Id_oddzialu, Id_rodzaju_operacji, Id_czasu, Id_rachunku_odbiorcy, Kwota) values (286, 287, 35, 1, 75, 388, 775.02);
insert into Transakcje (Id_transakcji, Id_rachunku_nadawcy, Id_oddzialu, Id_rodzaju_operacji, Id_czasu, Id_rachunku_odbiorcy, Kwota) values (287, 325, 39, 1, 296, 279, 946.24);
insert into Transakcje (Id_transakcji, Id_rachunku_nadawcy, Id_oddzialu, Id_rodzaju_operacji, Id_czasu, Id_rachunku_odbiorcy, Kwota) values (288, 177, 47, 3, 113, 367, 766.92);
insert into Transakcje (Id_transakcji, Id_rachunku_nadawcy, Id_oddzialu, Id_rodzaju_operacji, Id_czasu, Id_rachunku_odbiorcy, Kwota) values (289, 238, 47, 1, 353, 372, 399.7);
insert into Transakcje (Id_transakcji, Id_rachunku_nadawcy, Id_oddzialu, Id_rodzaju_operacji, Id_czasu, Id_rachunku_odbiorcy, Kwota) values (290, 289, 12, 3, 281, 191, 514.8);
insert into Transakcje (Id_transakcji, Id_rachunku_nadawcy, Id_oddzialu, Id_rodzaju_operacji, Id_czasu, Id_rachunku_odbiorcy, Kwota) values (291, 22, 15, 3, 206, 79, 458.4);
insert into Transakcje (Id_transakcji, Id_rachunku_nadawcy, Id_oddzialu, Id_rodzaju_operacji, Id_czasu, Id_rachunku_odbiorcy, Kwota) values (292, 358, 31, 1, 67, 42, 817.12);
insert into Transakcje (Id_transakcji, Id_rachunku_nadawcy, Id_oddzialu, Id_rodzaju_operacji, Id_czasu, Id_rachunku_odbiorcy, Kwota) values (293, 83, 12, 3, 97, 125, 983.72);
insert into Transakcje (Id_transakcji, Id_rachunku_nadawcy, Id_oddzialu, Id_rodzaju_operacji, Id_czasu, Id_rachunku_odbiorcy, Kwota) values (294, 257, 35, 1, 353, 118, 741.01);
insert into Transakcje (Id_transakcji, Id_rachunku_nadawcy, Id_oddzialu, Id_rodzaju_operacji, Id_czasu, Id_rachunku_odbiorcy, Kwota) values (295, 337, 32, 2, 125, 305, 222.92);
insert into Transakcje (Id_transakcji, Id_rachunku_nadawcy, Id_oddzialu, Id_rodzaju_operacji, Id_czasu, Id_rachunku_odbiorcy, Kwota) values (296, 72, 17, 2, 234, 223, 623.01);
insert into Transakcje (Id_transakcji, Id_rachunku_nadawcy, Id_oddzialu, Id_rodzaju_operacji, Id_czasu, Id_rachunku_odbiorcy, Kwota) values (297, 327, 49, 2, 259, 104, 44.68);
insert into Transakcje (Id_transakcji, Id_rachunku_nadawcy, Id_oddzialu, Id_rodzaju_operacji, Id_czasu, Id_rachunku_odbiorcy, Kwota) values (298, 81, 37, 3, 7, 287, 247.53);
insert into Transakcje (Id_transakcji, Id_rachunku_nadawcy, Id_oddzialu, Id_rodzaju_operacji, Id_czasu, Id_rachunku_odbiorcy, Kwota) values (299, 238, 21, 2, 213, 199, 935.98);
insert into Transakcje (Id_transakcji, Id_rachunku_nadawcy, Id_oddzialu, Id_rodzaju_operacji, Id_czasu, Id_rachunku_odbiorcy, Kwota) values (300, 3, 20, 3, 50, 250, 890.03);
insert into Transakcje (Id_transakcji, Id_rachunku_nadawcy, Id_oddzialu, Id_rodzaju_operacji, Id_czasu, Id_rachunku_odbiorcy, Kwota) values (301, 208, 19, 3, 193, 390, 842.23);
insert into Transakcje (Id_transakcji, Id_rachunku_nadawcy, Id_oddzialu, Id_rodzaju_operacji, Id_czasu, Id_rachunku_odbiorcy, Kwota) values (302, 171, 4, 2, 35, 17, 472.85);
insert into Transakcje (Id_transakcji, Id_rachunku_nadawcy, Id_oddzialu, Id_rodzaju_operacji, Id_czasu, Id_rachunku_odbiorcy, Kwota) values (303, 119, 1, 3, 81, 175, 306.44);
insert into Transakcje (Id_transakcji, Id_rachunku_nadawcy, Id_oddzialu, Id_rodzaju_operacji, Id_czasu, Id_rachunku_odbiorcy, Kwota) values (304, 311, 21, 3, 386, 17, 28.75);
insert into Transakcje (Id_transakcji, Id_rachunku_nadawcy, Id_oddzialu, Id_rodzaju_operacji, Id_czasu, Id_rachunku_odbiorcy, Kwota) values (305, 79, 36, 2, 54, 324, 751.0);
insert into Transakcje (Id_transakcji, Id_rachunku_nadawcy, Id_oddzialu, Id_rodzaju_operacji, Id_czasu, Id_rachunku_odbiorcy, Kwota) values (306, 108, 37, 1, 352, 117, 586.28);
insert into Transakcje (Id_transakcji, Id_rachunku_nadawcy, Id_oddzialu, Id_rodzaju_operacji, Id_czasu, Id_rachunku_odbiorcy, Kwota) values (307, 86, 33, 3, 71, 186, 317.67);
insert into Transakcje (Id_transakcji, Id_rachunku_nadawcy, Id_oddzialu, Id_rodzaju_operacji, Id_czasu, Id_rachunku_odbiorcy, Kwota) values (308, 287, 23, 3, 240, 355, 888.56);
insert into Transakcje (Id_transakcji, Id_rachunku_nadawcy, Id_oddzialu, Id_rodzaju_operacji, Id_czasu, Id_rachunku_odbiorcy, Kwota) values (309, 286, 20, 2, 140, 245, 794.85);
insert into Transakcje (Id_transakcji, Id_rachunku_nadawcy, Id_oddzialu, Id_rodzaju_operacji, Id_czasu, Id_rachunku_odbiorcy, Kwota) values (310, 362, 37, 2, 198, 135, 209.45);
insert into Transakcje (Id_transakcji, Id_rachunku_nadawcy, Id_oddzialu, Id_rodzaju_operacji, Id_czasu, Id_rachunku_odbiorcy, Kwota) values (311, 204, 6, 1, 195, 297, 988.59);
insert into Transakcje (Id_transakcji, Id_rachunku_nadawcy, Id_oddzialu, Id_rodzaju_operacji, Id_czasu, Id_rachunku_odbiorcy, Kwota) values (312, 144, 2, 3, 126, 372, 986.46);
insert into Transakcje (Id_transakcji, Id_rachunku_nadawcy, Id_oddzialu, Id_rodzaju_operacji, Id_czasu, Id_rachunku_odbiorcy, Kwota) values (313, 352, 40, 3, 238, 58, 129.62);
insert into Transakcje (Id_transakcji, Id_rachunku_nadawcy, Id_oddzialu, Id_rodzaju_operacji, Id_czasu, Id_rachunku_odbiorcy, Kwota) values (314, 333, 16, 1, 370, 205, 605.58);
insert into Transakcje (Id_transakcji, Id_rachunku_nadawcy, Id_oddzialu, Id_rodzaju_operacji, Id_czasu, Id_rachunku_odbiorcy, Kwota) values (315, 222, 33, 3, 96, 274, 550.87);
insert into Transakcje (Id_transakcji, Id_rachunku_nadawcy, Id_oddzialu, Id_rodzaju_operacji, Id_czasu, Id_rachunku_odbiorcy, Kwota) values (316, 214, 44, 2, 192, 171, 398.26);
insert into Transakcje (Id_transakcji, Id_rachunku_nadawcy, Id_oddzialu, Id_rodzaju_operacji, Id_czasu, Id_rachunku_odbiorcy, Kwota) values (317, 259, 16, 3, 244, 251, 920.33);
insert into Transakcje (Id_transakcji, Id_rachunku_nadawcy, Id_oddzialu, Id_rodzaju_operacji, Id_czasu, Id_rachunku_odbiorcy, Kwota) values (318, 107, 38, 3, 270, 390, 282.73);
insert into Transakcje (Id_transakcji, Id_rachunku_nadawcy, Id_oddzialu, Id_rodzaju_operacji, Id_czasu, Id_rachunku_odbiorcy, Kwota) values (319, 135, 32, 2, 288, 104, 962.28);
insert into Transakcje (Id_transakcji, Id_rachunku_nadawcy, Id_oddzialu, Id_rodzaju_operacji, Id_czasu, Id_rachunku_odbiorcy, Kwota) values (320, 124, 42, 1, 341, 191, 62.87);
insert into Transakcje (Id_transakcji, Id_rachunku_nadawcy, Id_oddzialu, Id_rodzaju_operacji, Id_czasu, Id_rachunku_odbiorcy, Kwota) values (321, 359, 50, 2, 397, 210, 212.31);
insert into Transakcje (Id_transakcji, Id_rachunku_nadawcy, Id_oddzialu, Id_rodzaju_operacji, Id_czasu, Id_rachunku_odbiorcy, Kwota) values (322, 279, 5, 2, 174, 315, 334.36);
insert into Transakcje (Id_transakcji, Id_rachunku_nadawcy, Id_oddzialu, Id_rodzaju_operacji, Id_czasu, Id_rachunku_odbiorcy, Kwota) values (323, 398, 47, 1, 215, 271, 187.29);
insert into Transakcje (Id_transakcji, Id_rachunku_nadawcy, Id_oddzialu, Id_rodzaju_operacji, Id_czasu, Id_rachunku_odbiorcy, Kwota) values (324, 58, 32, 2, 392, 46, 163.89);
insert into Transakcje (Id_transakcji, Id_rachunku_nadawcy, Id_oddzialu, Id_rodzaju_operacji, Id_czasu, Id_rachunku_odbiorcy, Kwota) values (325, 227, 39, 1, 38, 253, 382.94);
insert into Transakcje (Id_transakcji, Id_rachunku_nadawcy, Id_oddzialu, Id_rodzaju_operacji, Id_czasu, Id_rachunku_odbiorcy, Kwota) values (326, 346, 23, 1, 295, 273, 582.33);
insert into Transakcje (Id_transakcji, Id_rachunku_nadawcy, Id_oddzialu, Id_rodzaju_operacji, Id_czasu, Id_rachunku_odbiorcy, Kwota) values (327, 288, 41, 1, 263, 53, 41.01);
insert into Transakcje (Id_transakcji, Id_rachunku_nadawcy, Id_oddzialu, Id_rodzaju_operacji, Id_czasu, Id_rachunku_odbiorcy, Kwota) values (328, 347, 2, 2, 396, 226, 530.06);
insert into Transakcje (Id_transakcji, Id_rachunku_nadawcy, Id_oddzialu, Id_rodzaju_operacji, Id_czasu, Id_rachunku_odbiorcy, Kwota) values (329, 124, 6, 2, 232, 297, 995.24);
insert into Transakcje (Id_transakcji, Id_rachunku_nadawcy, Id_oddzialu, Id_rodzaju_operacji, Id_czasu, Id_rachunku_odbiorcy, Kwota) values (330, 20, 38, 1, 348, 128, 54.42);
insert into Transakcje (Id_transakcji, Id_rachunku_nadawcy, Id_oddzialu, Id_rodzaju_operacji, Id_czasu, Id_rachunku_odbiorcy, Kwota) values (331, 217, 29, 1, 190, 377, 803.85);
insert into Transakcje (Id_transakcji, Id_rachunku_nadawcy, Id_oddzialu, Id_rodzaju_operacji, Id_czasu, Id_rachunku_odbiorcy, Kwota) values (332, 374, 10, 1, 102, 222, 765.03);
insert into Transakcje (Id_transakcji, Id_rachunku_nadawcy, Id_oddzialu, Id_rodzaju_operacji, Id_czasu, Id_rachunku_odbiorcy, Kwota) values (333, 162, 26, 1, 71, 308, 847.31);
insert into Transakcje (Id_transakcji, Id_rachunku_nadawcy, Id_oddzialu, Id_rodzaju_operacji, Id_czasu, Id_rachunku_odbiorcy, Kwota) values (334, 271, 31, 2, 306, 170, 673.25);
insert into Transakcje (Id_transakcji, Id_rachunku_nadawcy, Id_oddzialu, Id_rodzaju_operacji, Id_czasu, Id_rachunku_odbiorcy, Kwota) values (335, 211, 44, 1, 361, 206, 279.33);
insert into Transakcje (Id_transakcji, Id_rachunku_nadawcy, Id_oddzialu, Id_rodzaju_operacji, Id_czasu, Id_rachunku_odbiorcy, Kwota) values (336, 20, 39, 2, 96, 27, 760.38);
insert into Transakcje (Id_transakcji, Id_rachunku_nadawcy, Id_oddzialu, Id_rodzaju_operacji, Id_czasu, Id_rachunku_odbiorcy, Kwota) values (337, 150, 17, 3, 262, 301, 142.75);
insert into Transakcje (Id_transakcji, Id_rachunku_nadawcy, Id_oddzialu, Id_rodzaju_operacji, Id_czasu, Id_rachunku_odbiorcy, Kwota) values (338, 346, 39, 3, 371, 286, 416.6);
insert into Transakcje (Id_transakcji, Id_rachunku_nadawcy, Id_oddzialu, Id_rodzaju_operacji, Id_czasu, Id_rachunku_odbiorcy, Kwota) values (339, 71, 21, 3, 207, 23, 692.76);
insert into Transakcje (Id_transakcji, Id_rachunku_nadawcy, Id_oddzialu, Id_rodzaju_operacji, Id_czasu, Id_rachunku_odbiorcy, Kwota) values (340, 127, 4, 2, 70, 108, 52.2);
insert into Transakcje (Id_transakcji, Id_rachunku_nadawcy, Id_oddzialu, Id_rodzaju_operacji, Id_czasu, Id_rachunku_odbiorcy, Kwota) values (341, 85, 3, 3, 305, 371, 218.99);
insert into Transakcje (Id_transakcji, Id_rachunku_nadawcy, Id_oddzialu, Id_rodzaju_operacji, Id_czasu, Id_rachunku_odbiorcy, Kwota) values (342, 124, 20, 1, 329, 89, 667.85);
insert into Transakcje (Id_transakcji, Id_rachunku_nadawcy, Id_oddzialu, Id_rodzaju_operacji, Id_czasu, Id_rachunku_odbiorcy, Kwota) values (343, 48, 19, 1, 131, 225, 820.46);
insert into Transakcje (Id_transakcji, Id_rachunku_nadawcy, Id_oddzialu, Id_rodzaju_operacji, Id_czasu, Id_rachunku_odbiorcy, Kwota) values (344, 276, 4, 2, 106, 30, 928.44);
insert into Transakcje (Id_transakcji, Id_rachunku_nadawcy, Id_oddzialu, Id_rodzaju_operacji, Id_czasu, Id_rachunku_odbiorcy, Kwota) values (345, 3, 28, 2, 201, 195, 559.34);
insert into Transakcje (Id_transakcji, Id_rachunku_nadawcy, Id_oddzialu, Id_rodzaju_operacji, Id_czasu, Id_rachunku_odbiorcy, Kwota) values (346, 353, 41, 3, 20, 66, 454.31);
insert into Transakcje (Id_transakcji, Id_rachunku_nadawcy, Id_oddzialu, Id_rodzaju_operacji, Id_czasu, Id_rachunku_odbiorcy, Kwota) values (347, 145, 4, 1, 255, 203, 264.92);
insert into Transakcje (Id_transakcji, Id_rachunku_nadawcy, Id_oddzialu, Id_rodzaju_operacji, Id_czasu, Id_rachunku_odbiorcy, Kwota) values (348, 39, 48, 1, 139, 284, 561.45);
insert into Transakcje (Id_transakcji, Id_rachunku_nadawcy, Id_oddzialu, Id_rodzaju_operacji, Id_czasu, Id_rachunku_odbiorcy, Kwota) values (349, 72, 42, 3, 115, 344, 140.92);
insert into Transakcje (Id_transakcji, Id_rachunku_nadawcy, Id_oddzialu, Id_rodzaju_operacji, Id_czasu, Id_rachunku_odbiorcy, Kwota) values (350, 356, 4, 2, 280, 173, 739.58);
insert into Transakcje (Id_transakcji, Id_rachunku_nadawcy, Id_oddzialu, Id_rodzaju_operacji, Id_czasu, Id_rachunku_odbiorcy, Kwota) values (351, 160, 34, 3, 119, 353, 192.27);
insert into Transakcje (Id_transakcji, Id_rachunku_nadawcy, Id_oddzialu, Id_rodzaju_operacji, Id_czasu, Id_rachunku_odbiorcy, Kwota) values (352, 68, 36, 3, 33, 62, 933.09);
insert into Transakcje (Id_transakcji, Id_rachunku_nadawcy, Id_oddzialu, Id_rodzaju_operacji, Id_czasu, Id_rachunku_odbiorcy, Kwota) values (353, 33, 50, 1, 77, 155, 204.47);
insert into Transakcje (Id_transakcji, Id_rachunku_nadawcy, Id_oddzialu, Id_rodzaju_operacji, Id_czasu, Id_rachunku_odbiorcy, Kwota) values (354, 286, 47, 2, 266, 372, 132.21);
insert into Transakcje (Id_transakcji, Id_rachunku_nadawcy, Id_oddzialu, Id_rodzaju_operacji, Id_czasu, Id_rachunku_odbiorcy, Kwota) values (355, 63, 19, 1, 365, 98, 953.98);
insert into Transakcje (Id_transakcji, Id_rachunku_nadawcy, Id_oddzialu, Id_rodzaju_operacji, Id_czasu, Id_rachunku_odbiorcy, Kwota) values (356, 159, 37, 2, 85, 162, 919.13);
insert into Transakcje (Id_transakcji, Id_rachunku_nadawcy, Id_oddzialu, Id_rodzaju_operacji, Id_czasu, Id_rachunku_odbiorcy, Kwota) values (357, 187, 9, 2, 144, 368, 606.75);
insert into Transakcje (Id_transakcji, Id_rachunku_nadawcy, Id_oddzialu, Id_rodzaju_operacji, Id_czasu, Id_rachunku_odbiorcy, Kwota) values (358, 116, 1, 3, 352, 106, 744.5);
insert into Transakcje (Id_transakcji, Id_rachunku_nadawcy, Id_oddzialu, Id_rodzaju_operacji, Id_czasu, Id_rachunku_odbiorcy, Kwota) values (359, 351, 44, 3, 245, 103, 973.93);
insert into Transakcje (Id_transakcji, Id_rachunku_nadawcy, Id_oddzialu, Id_rodzaju_operacji, Id_czasu, Id_rachunku_odbiorcy, Kwota) values (360, 261, 20, 2, 261, 342, 862.33);
insert into Transakcje (Id_transakcji, Id_rachunku_nadawcy, Id_oddzialu, Id_rodzaju_operacji, Id_czasu, Id_rachunku_odbiorcy, Kwota) values (361, 293, 40, 1, 166, 217, 72.32);
insert into Transakcje (Id_transakcji, Id_rachunku_nadawcy, Id_oddzialu, Id_rodzaju_operacji, Id_czasu, Id_rachunku_odbiorcy, Kwota) values (362, 143, 11, 3, 278, 55, 862.66);
insert into Transakcje (Id_transakcji, Id_rachunku_nadawcy, Id_oddzialu, Id_rodzaju_operacji, Id_czasu, Id_rachunku_odbiorcy, Kwota) values (363, 330, 4, 2, 287, 219, 688.68);
insert into Transakcje (Id_transakcji, Id_rachunku_nadawcy, Id_oddzialu, Id_rodzaju_operacji, Id_czasu, Id_rachunku_odbiorcy, Kwota) values (364, 75, 23, 1, 177, 36, 964.74);
insert into Transakcje (Id_transakcji, Id_rachunku_nadawcy, Id_oddzialu, Id_rodzaju_operacji, Id_czasu, Id_rachunku_odbiorcy, Kwota) values (365, 306, 30, 1, 145, 87, 937.01);
insert into Transakcje (Id_transakcji, Id_rachunku_nadawcy, Id_oddzialu, Id_rodzaju_operacji, Id_czasu, Id_rachunku_odbiorcy, Kwota) values (366, 359, 35, 2, 340, 357, 929.22);
insert into Transakcje (Id_transakcji, Id_rachunku_nadawcy, Id_oddzialu, Id_rodzaju_operacji, Id_czasu, Id_rachunku_odbiorcy, Kwota) values (367, 374, 6, 2, 248, 131, 60.11);
insert into Transakcje (Id_transakcji, Id_rachunku_nadawcy, Id_oddzialu, Id_rodzaju_operacji, Id_czasu, Id_rachunku_odbiorcy, Kwota) values (368, 184, 45, 1, 400, 91, 420.4);
insert into Transakcje (Id_transakcji, Id_rachunku_nadawcy, Id_oddzialu, Id_rodzaju_operacji, Id_czasu, Id_rachunku_odbiorcy, Kwota) values (369, 191, 24, 2, 66, 365, 404.0);
insert into Transakcje (Id_transakcji, Id_rachunku_nadawcy, Id_oddzialu, Id_rodzaju_operacji, Id_czasu, Id_rachunku_odbiorcy, Kwota) values (370, 16, 21, 1, 27, 54, 25.36);
insert into Transakcje (Id_transakcji, Id_rachunku_nadawcy, Id_oddzialu, Id_rodzaju_operacji, Id_czasu, Id_rachunku_odbiorcy, Kwota) values (371, 72, 19, 2, 2, 9, 568.8);
insert into Transakcje (Id_transakcji, Id_rachunku_nadawcy, Id_oddzialu, Id_rodzaju_operacji, Id_czasu, Id_rachunku_odbiorcy, Kwota) values (372, 176, 49, 1, 212, 239, 532.14);
insert into Transakcje (Id_transakcji, Id_rachunku_nadawcy, Id_oddzialu, Id_rodzaju_operacji, Id_czasu, Id_rachunku_odbiorcy, Kwota) values (373, 382, 33, 1, 128, 94, 277.71);
insert into Transakcje (Id_transakcji, Id_rachunku_nadawcy, Id_oddzialu, Id_rodzaju_operacji, Id_czasu, Id_rachunku_odbiorcy, Kwota) values (374, 343, 33, 1, 65, 286, 469.26);
insert into Transakcje (Id_transakcji, Id_rachunku_nadawcy, Id_oddzialu, Id_rodzaju_operacji, Id_czasu, Id_rachunku_odbiorcy, Kwota) values (375, 361, 46, 2, 93, 35, 568.52);
insert into Transakcje (Id_transakcji, Id_rachunku_nadawcy, Id_oddzialu, Id_rodzaju_operacji, Id_czasu, Id_rachunku_odbiorcy, Kwota) values (376, 319, 28, 3, 335, 202, 156.68);
insert into Transakcje (Id_transakcji, Id_rachunku_nadawcy, Id_oddzialu, Id_rodzaju_operacji, Id_czasu, Id_rachunku_odbiorcy, Kwota) values (377, 101, 25, 2, 198, 281, 347.94);
insert into Transakcje (Id_transakcji, Id_rachunku_nadawcy, Id_oddzialu, Id_rodzaju_operacji, Id_czasu, Id_rachunku_odbiorcy, Kwota) values (378, 18, 12, 1, 6, 235, 26.33);
insert into Transakcje (Id_transakcji, Id_rachunku_nadawcy, Id_oddzialu, Id_rodzaju_operacji, Id_czasu, Id_rachunku_odbiorcy, Kwota) values (379, 168, 14, 1, 3, 307, 534.11);
insert into Transakcje (Id_transakcji, Id_rachunku_nadawcy, Id_oddzialu, Id_rodzaju_operacji, Id_czasu, Id_rachunku_odbiorcy, Kwota) values (380, 195, 5, 2, 370, 300, 546.53);
insert into Transakcje (Id_transakcji, Id_rachunku_nadawcy, Id_oddzialu, Id_rodzaju_operacji, Id_czasu, Id_rachunku_odbiorcy, Kwota) values (381, 383, 48, 2, 152, 229, 123.89);
insert into Transakcje (Id_transakcji, Id_rachunku_nadawcy, Id_oddzialu, Id_rodzaju_operacji, Id_czasu, Id_rachunku_odbiorcy, Kwota) values (382, 329, 16, 3, 257, 281, 701.34);
insert into Transakcje (Id_transakcji, Id_rachunku_nadawcy, Id_oddzialu, Id_rodzaju_operacji, Id_czasu, Id_rachunku_odbiorcy, Kwota) values (383, 238, 43, 2, 154, 49, 430.78);
insert into Transakcje (Id_transakcji, Id_rachunku_nadawcy, Id_oddzialu, Id_rodzaju_operacji, Id_czasu, Id_rachunku_odbiorcy, Kwota) values (384, 372, 4, 1, 282, 180, 390.14);
insert into Transakcje (Id_transakcji, Id_rachunku_nadawcy, Id_oddzialu, Id_rodzaju_operacji, Id_czasu, Id_rachunku_odbiorcy, Kwota) values (385, 389, 39, 1, 379, 37, 963.09);
insert into Transakcje (Id_transakcji, Id_rachunku_nadawcy, Id_oddzialu, Id_rodzaju_operacji, Id_czasu, Id_rachunku_odbiorcy, Kwota) values (386, 103, 37, 1, 327, 7, 609.67);
insert into Transakcje (Id_transakcji, Id_rachunku_nadawcy, Id_oddzialu, Id_rodzaju_operacji, Id_czasu, Id_rachunku_odbiorcy, Kwota) values (387, 42, 10, 3, 351, 223, 572.69);
insert into Transakcje (Id_transakcji, Id_rachunku_nadawcy, Id_oddzialu, Id_rodzaju_operacji, Id_czasu, Id_rachunku_odbiorcy, Kwota) values (388, 385, 21, 3, 113, 155, 593.35);
insert into Transakcje (Id_transakcji, Id_rachunku_nadawcy, Id_oddzialu, Id_rodzaju_operacji, Id_czasu, Id_rachunku_odbiorcy, Kwota) values (389, 212, 35, 3, 58, 355, 367.52);
insert into Transakcje (Id_transakcji, Id_rachunku_nadawcy, Id_oddzialu, Id_rodzaju_operacji, Id_czasu, Id_rachunku_odbiorcy, Kwota) values (390, 188, 25, 2, 326, 16, 224.09);
insert into Transakcje (Id_transakcji, Id_rachunku_nadawcy, Id_oddzialu, Id_rodzaju_operacji, Id_czasu, Id_rachunku_odbiorcy, Kwota) values (391, 7, 21, 3, 335, 342, 505.21);
insert into Transakcje (Id_transakcji, Id_rachunku_nadawcy, Id_oddzialu, Id_rodzaju_operacji, Id_czasu, Id_rachunku_odbiorcy, Kwota) values (392, 46, 21, 1, 263, 342, 474.35);
insert into Transakcje (Id_transakcji, Id_rachunku_nadawcy, Id_oddzialu, Id_rodzaju_operacji, Id_czasu, Id_rachunku_odbiorcy, Kwota) values (393, 228, 23, 3, 97, 278, 616.45);
insert into Transakcje (Id_transakcji, Id_rachunku_nadawcy, Id_oddzialu, Id_rodzaju_operacji, Id_czasu, Id_rachunku_odbiorcy, Kwota) values (394, 391, 32, 3, 332, 293, 501.51);
insert into Transakcje (Id_transakcji, Id_rachunku_nadawcy, Id_oddzialu, Id_rodzaju_operacji, Id_czasu, Id_rachunku_odbiorcy, Kwota) values (395, 18, 27, 3, 131, 43, 972.6);
insert into Transakcje (Id_transakcji, Id_rachunku_nadawcy, Id_oddzialu, Id_rodzaju_operacji, Id_czasu, Id_rachunku_odbiorcy, Kwota) values (396, 70, 34, 2, 97, 186, 598.09);
insert into Transakcje (Id_transakcji, Id_rachunku_nadawcy, Id_oddzialu, Id_rodzaju_operacji, Id_czasu, Id_rachunku_odbiorcy, Kwota) values (397, 287, 49, 3, 253, 215, 942.16);
insert into Transakcje (Id_transakcji, Id_rachunku_nadawcy, Id_oddzialu, Id_rodzaju_operacji, Id_czasu, Id_rachunku_odbiorcy, Kwota) values (398, 318, 8, 3, 55, 349, 474.66);
insert into Transakcje (Id_transakcji, Id_rachunku_nadawcy, Id_oddzialu, Id_rodzaju_operacji, Id_czasu, Id_rachunku_odbiorcy, Kwota) values (399, 71, 12, 2, 20, 178, 874.16);
insert into Transakcje (Id_transakcji, Id_rachunku_nadawcy, Id_oddzialu, Id_rodzaju_operacji, Id_czasu, Id_rachunku_odbiorcy, Kwota) values (400, 98, 26, 2, 149, 113, 594.21);
insert into Transakcje (Id_transakcji, Id_rachunku_nadawcy, Id_oddzialu, Id_rodzaju_operacji, Id_czasu, Id_rachunku_odbiorcy, Kwota) values (401, 304, 37, 2, 361, 354, 975.47);
insert into Transakcje (Id_transakcji, Id_rachunku_nadawcy, Id_oddzialu, Id_rodzaju_operacji, Id_czasu, Id_rachunku_odbiorcy, Kwota) values (402, 336, 3, 2, 400, 157, 165.71);
insert into Transakcje (Id_transakcji, Id_rachunku_nadawcy, Id_oddzialu, Id_rodzaju_operacji, Id_czasu, Id_rachunku_odbiorcy, Kwota) values (403, 157, 15, 1, 230, 164, 333.48);
insert into Transakcje (Id_transakcji, Id_rachunku_nadawcy, Id_oddzialu, Id_rodzaju_operacji, Id_czasu, Id_rachunku_odbiorcy, Kwota) values (404, 140, 49, 2, 35, 31, 616.86);
insert into Transakcje (Id_transakcji, Id_rachunku_nadawcy, Id_oddzialu, Id_rodzaju_operacji, Id_czasu, Id_rachunku_odbiorcy, Kwota) values (405, 2, 6, 1, 139, 237, 577.44);
insert into Transakcje (Id_transakcji, Id_rachunku_nadawcy, Id_oddzialu, Id_rodzaju_operacji, Id_czasu, Id_rachunku_odbiorcy, Kwota) values (406, 214, 6, 1, 173, 271, 985.97);
insert into Transakcje (Id_transakcji, Id_rachunku_nadawcy, Id_oddzialu, Id_rodzaju_operacji, Id_czasu, Id_rachunku_odbiorcy, Kwota) values (407, 228, 36, 1, 137, 389, 196.16);
insert into Transakcje (Id_transakcji, Id_rachunku_nadawcy, Id_oddzialu, Id_rodzaju_operacji, Id_czasu, Id_rachunku_odbiorcy, Kwota) values (408, 296, 24, 1, 97, 346, 147.32);
insert into Transakcje (Id_transakcji, Id_rachunku_nadawcy, Id_oddzialu, Id_rodzaju_operacji, Id_czasu, Id_rachunku_odbiorcy, Kwota) values (409, 351, 30, 3, 196, 34, 721.25);
insert into Transakcje (Id_transakcji, Id_rachunku_nadawcy, Id_oddzialu, Id_rodzaju_operacji, Id_czasu, Id_rachunku_odbiorcy, Kwota) values (410, 237, 16, 2, 341, 164, 835.99);
insert into Transakcje (Id_transakcji, Id_rachunku_nadawcy, Id_oddzialu, Id_rodzaju_operacji, Id_czasu, Id_rachunku_odbiorcy, Kwota) values (411, 87, 9, 1, 251, 272, 37.45);
insert into Transakcje (Id_transakcji, Id_rachunku_nadawcy, Id_oddzialu, Id_rodzaju_operacji, Id_czasu, Id_rachunku_odbiorcy, Kwota) values (412, 387, 36, 1, 317, 77, 994.04);
insert into Transakcje (Id_transakcji, Id_rachunku_nadawcy, Id_oddzialu, Id_rodzaju_operacji, Id_czasu, Id_rachunku_odbiorcy, Kwota) values (413, 315, 17, 2, 94, 245, 673.81);
insert into Transakcje (Id_transakcji, Id_rachunku_nadawcy, Id_oddzialu, Id_rodzaju_operacji, Id_czasu, Id_rachunku_odbiorcy, Kwota) values (414, 160, 14, 1, 320, 19, 332.19);
insert into Transakcje (Id_transakcji, Id_rachunku_nadawcy, Id_oddzialu, Id_rodzaju_operacji, Id_czasu, Id_rachunku_odbiorcy, Kwota) values (415, 393, 32, 1, 177, 138, 620.27);
insert into Transakcje (Id_transakcji, Id_rachunku_nadawcy, Id_oddzialu, Id_rodzaju_operacji, Id_czasu, Id_rachunku_odbiorcy, Kwota) values (416, 323, 21, 3, 178, 67, 606.0);
insert into Transakcje (Id_transakcji, Id_rachunku_nadawcy, Id_oddzialu, Id_rodzaju_operacji, Id_czasu, Id_rachunku_odbiorcy, Kwota) values (417, 292, 23, 1, 316, 134, 37.67);
insert into Transakcje (Id_transakcji, Id_rachunku_nadawcy, Id_oddzialu, Id_rodzaju_operacji, Id_czasu, Id_rachunku_odbiorcy, Kwota) values (418, 320, 14, 1, 248, 400, 952.22);
insert into Transakcje (Id_transakcji, Id_rachunku_nadawcy, Id_oddzialu, Id_rodzaju_operacji, Id_czasu, Id_rachunku_odbiorcy, Kwota) values (419, 335, 10, 3, 242, 124, 574.75);
insert into Transakcje (Id_transakcji, Id_rachunku_nadawcy, Id_oddzialu, Id_rodzaju_operacji, Id_czasu, Id_rachunku_odbiorcy, Kwota) values (420, 63, 30, 3, 170, 57, 253.5);
insert into Transakcje (Id_transakcji, Id_rachunku_nadawcy, Id_oddzialu, Id_rodzaju_operacji, Id_czasu, Id_rachunku_odbiorcy, Kwota) values (421, 292, 25, 2, 130, 314, 499.27);
insert into Transakcje (Id_transakcji, Id_rachunku_nadawcy, Id_oddzialu, Id_rodzaju_operacji, Id_czasu, Id_rachunku_odbiorcy, Kwota) values (422, 152, 34, 3, 76, 368, 546.51);
insert into Transakcje (Id_transakcji, Id_rachunku_nadawcy, Id_oddzialu, Id_rodzaju_operacji, Id_czasu, Id_rachunku_odbiorcy, Kwota) values (423, 192, 38, 1, 95, 177, 901.07);
insert into Transakcje (Id_transakcji, Id_rachunku_nadawcy, Id_oddzialu, Id_rodzaju_operacji, Id_czasu, Id_rachunku_odbiorcy, Kwota) values (424, 257, 34, 3, 366, 203, 443.58);
insert into Transakcje (Id_transakcji, Id_rachunku_nadawcy, Id_oddzialu, Id_rodzaju_operacji, Id_czasu, Id_rachunku_odbiorcy, Kwota) values (425, 277, 9, 3, 395, 287, 825.8);
insert into Transakcje (Id_transakcji, Id_rachunku_nadawcy, Id_oddzialu, Id_rodzaju_operacji, Id_czasu, Id_rachunku_odbiorcy, Kwota) values (426, 276, 9, 1, 342, 58, 514.31);
insert into Transakcje (Id_transakcji, Id_rachunku_nadawcy, Id_oddzialu, Id_rodzaju_operacji, Id_czasu, Id_rachunku_odbiorcy, Kwota) values (427, 390, 25, 2, 238, 43, 270.56);
insert into Transakcje (Id_transakcji, Id_rachunku_nadawcy, Id_oddzialu, Id_rodzaju_operacji, Id_czasu, Id_rachunku_odbiorcy, Kwota) values (428, 118, 43, 3, 106, 340, 697.62);
insert into Transakcje (Id_transakcji, Id_rachunku_nadawcy, Id_oddzialu, Id_rodzaju_operacji, Id_czasu, Id_rachunku_odbiorcy, Kwota) values (429, 297, 28, 2, 199, 220, 92.23);
insert into Transakcje (Id_transakcji, Id_rachunku_nadawcy, Id_oddzialu, Id_rodzaju_operacji, Id_czasu, Id_rachunku_odbiorcy, Kwota) values (430, 55, 34, 3, 367, 177, 804.56);
insert into Transakcje (Id_transakcji, Id_rachunku_nadawcy, Id_oddzialu, Id_rodzaju_operacji, Id_czasu, Id_rachunku_odbiorcy, Kwota) values (431, 213, 25, 3, 295, 25, 347.39);
insert into Transakcje (Id_transakcji, Id_rachunku_nadawcy, Id_oddzialu, Id_rodzaju_operacji, Id_czasu, Id_rachunku_odbiorcy, Kwota) values (432, 197, 2, 3, 140, 242, 378.49);
insert into Transakcje (Id_transakcji, Id_rachunku_nadawcy, Id_oddzialu, Id_rodzaju_operacji, Id_czasu, Id_rachunku_odbiorcy, Kwota) values (433, 316, 39, 1, 59, 241, 916.14);
insert into Transakcje (Id_transakcji, Id_rachunku_nadawcy, Id_oddzialu, Id_rodzaju_operacji, Id_czasu, Id_rachunku_odbiorcy, Kwota) values (434, 251, 13, 3, 200, 363, 957.86);
insert into Transakcje (Id_transakcji, Id_rachunku_nadawcy, Id_oddzialu, Id_rodzaju_operacji, Id_czasu, Id_rachunku_odbiorcy, Kwota) values (435, 289, 42, 2, 214, 376, 381.43);
insert into Transakcje (Id_transakcji, Id_rachunku_nadawcy, Id_oddzialu, Id_rodzaju_operacji, Id_czasu, Id_rachunku_odbiorcy, Kwota) values (436, 34, 27, 3, 25, 194, 852.76);
insert into Transakcje (Id_transakcji, Id_rachunku_nadawcy, Id_oddzialu, Id_rodzaju_operacji, Id_czasu, Id_rachunku_odbiorcy, Kwota) values (437, 18, 10, 2, 16, 147, 596.49);
insert into Transakcje (Id_transakcji, Id_rachunku_nadawcy, Id_oddzialu, Id_rodzaju_operacji, Id_czasu, Id_rachunku_odbiorcy, Kwota) values (438, 313, 20, 3, 342, 110, 97.33);
insert into Transakcje (Id_transakcji, Id_rachunku_nadawcy, Id_oddzialu, Id_rodzaju_operacji, Id_czasu, Id_rachunku_odbiorcy, Kwota) values (439, 6, 1, 2, 242, 206, 176.51);
insert into Transakcje (Id_transakcji, Id_rachunku_nadawcy, Id_oddzialu, Id_rodzaju_operacji, Id_czasu, Id_rachunku_odbiorcy, Kwota) values (440, 244, 48, 3, 26, 40, 495.62);
insert into Transakcje (Id_transakcji, Id_rachunku_nadawcy, Id_oddzialu, Id_rodzaju_operacji, Id_czasu, Id_rachunku_odbiorcy, Kwota) values (441, 370, 38, 1, 105, 399, 116.95);
insert into Transakcje (Id_transakcji, Id_rachunku_nadawcy, Id_oddzialu, Id_rodzaju_operacji, Id_czasu, Id_rachunku_odbiorcy, Kwota) values (442, 311, 27, 3, 82, 15, 36.92);
insert into Transakcje (Id_transakcji, Id_rachunku_nadawcy, Id_oddzialu, Id_rodzaju_operacji, Id_czasu, Id_rachunku_odbiorcy, Kwota) values (443, 315, 4, 3, 194, 174, 442.42);
insert into Transakcje (Id_transakcji, Id_rachunku_nadawcy, Id_oddzialu, Id_rodzaju_operacji, Id_czasu, Id_rachunku_odbiorcy, Kwota) values (444, 37, 35, 3, 189, 269, 785.92);
insert into Transakcje (Id_transakcji, Id_rachunku_nadawcy, Id_oddzialu, Id_rodzaju_operacji, Id_czasu, Id_rachunku_odbiorcy, Kwota) values (445, 344, 41, 1, 104, 136, 858.45);
insert into Transakcje (Id_transakcji, Id_rachunku_nadawcy, Id_oddzialu, Id_rodzaju_operacji, Id_czasu, Id_rachunku_odbiorcy, Kwota) values (446, 295, 10, 2, 269, 66, 447.35);
insert into Transakcje (Id_transakcji, Id_rachunku_nadawcy, Id_oddzialu, Id_rodzaju_operacji, Id_czasu, Id_rachunku_odbiorcy, Kwota) values (447, 246, 44, 3, 54, 139, 356.75);
insert into Transakcje (Id_transakcji, Id_rachunku_nadawcy, Id_oddzialu, Id_rodzaju_operacji, Id_czasu, Id_rachunku_odbiorcy, Kwota) values (448, 305, 37, 2, 122, 235, 907.36);
insert into Transakcje (Id_transakcji, Id_rachunku_nadawcy, Id_oddzialu, Id_rodzaju_operacji, Id_czasu, Id_rachunku_odbiorcy, Kwota) values (449, 385, 38, 2, 265, 331, 707.86);
insert into Transakcje (Id_transakcji, Id_rachunku_nadawcy, Id_oddzialu, Id_rodzaju_operacji, Id_czasu, Id_rachunku_odbiorcy, Kwota) values (450, 359, 34, 3, 20, 192, 470.18);
insert into Transakcje (Id_transakcji, Id_rachunku_nadawcy, Id_oddzialu, Id_rodzaju_operacji, Id_czasu, Id_rachunku_odbiorcy, Kwota) values (451, 60, 49, 3, 310, 317, 788.35);
insert into Transakcje (Id_transakcji, Id_rachunku_nadawcy, Id_oddzialu, Id_rodzaju_operacji, Id_czasu, Id_rachunku_odbiorcy, Kwota) values (452, 10, 42, 3, 126, 200, 916.09);
insert into Transakcje (Id_transakcji, Id_rachunku_nadawcy, Id_oddzialu, Id_rodzaju_operacji, Id_czasu, Id_rachunku_odbiorcy, Kwota) values (453, 196, 20, 1, 52, 232, 909.84);
insert into Transakcje (Id_transakcji, Id_rachunku_nadawcy, Id_oddzialu, Id_rodzaju_operacji, Id_czasu, Id_rachunku_odbiorcy, Kwota) values (454, 338, 36, 3, 52, 18, 572.59);
insert into Transakcje (Id_transakcji, Id_rachunku_nadawcy, Id_oddzialu, Id_rodzaju_operacji, Id_czasu, Id_rachunku_odbiorcy, Kwota) values (455, 323, 13, 3, 173, 29, 518.34);
insert into Transakcje (Id_transakcji, Id_rachunku_nadawcy, Id_oddzialu, Id_rodzaju_operacji, Id_czasu, Id_rachunku_odbiorcy, Kwota) values (456, 91, 31, 3, 370, 337, 320.28);
insert into Transakcje (Id_transakcji, Id_rachunku_nadawcy, Id_oddzialu, Id_rodzaju_operacji, Id_czasu, Id_rachunku_odbiorcy, Kwota) values (457, 1, 10, 3, 113, 361, 798.04);
insert into Transakcje (Id_transakcji, Id_rachunku_nadawcy, Id_oddzialu, Id_rodzaju_operacji, Id_czasu, Id_rachunku_odbiorcy, Kwota) values (458, 382, 47, 3, 137, 216, 609.36);
insert into Transakcje (Id_transakcji, Id_rachunku_nadawcy, Id_oddzialu, Id_rodzaju_operacji, Id_czasu, Id_rachunku_odbiorcy, Kwota) values (459, 54, 27, 2, 128, 168, 910.0);
insert into Transakcje (Id_transakcji, Id_rachunku_nadawcy, Id_oddzialu, Id_rodzaju_operacji, Id_czasu, Id_rachunku_odbiorcy, Kwota) values (460, 224, 4, 3, 363, 125, 640.58);
insert into Transakcje (Id_transakcji, Id_rachunku_nadawcy, Id_oddzialu, Id_rodzaju_operacji, Id_czasu, Id_rachunku_odbiorcy, Kwota) values (461, 47, 19, 2, 266, 400, 148.63);
insert into Transakcje (Id_transakcji, Id_rachunku_nadawcy, Id_oddzialu, Id_rodzaju_operacji, Id_czasu, Id_rachunku_odbiorcy, Kwota) values (462, 79, 14, 3, 321, 55, 244.04);
insert into Transakcje (Id_transakcji, Id_rachunku_nadawcy, Id_oddzialu, Id_rodzaju_operacji, Id_czasu, Id_rachunku_odbiorcy, Kwota) values (463, 129, 42, 2, 227, 183, 6.91);
insert into Transakcje (Id_transakcji, Id_rachunku_nadawcy, Id_oddzialu, Id_rodzaju_operacji, Id_czasu, Id_rachunku_odbiorcy, Kwota) values (464, 323, 23, 3, 15, 234, 775.3);
insert into Transakcje (Id_transakcji, Id_rachunku_nadawcy, Id_oddzialu, Id_rodzaju_operacji, Id_czasu, Id_rachunku_odbiorcy, Kwota) values (465, 122, 22, 2, 328, 264, 280.3);
insert into Transakcje (Id_transakcji, Id_rachunku_nadawcy, Id_oddzialu, Id_rodzaju_operacji, Id_czasu, Id_rachunku_odbiorcy, Kwota) values (466, 324, 10, 3, 78, 202, 109.44);
insert into Transakcje (Id_transakcji, Id_rachunku_nadawcy, Id_oddzialu, Id_rodzaju_operacji, Id_czasu, Id_rachunku_odbiorcy, Kwota) values (467, 261, 50, 1, 357, 80, 304.38);
insert into Transakcje (Id_transakcji, Id_rachunku_nadawcy, Id_oddzialu, Id_rodzaju_operacji, Id_czasu, Id_rachunku_odbiorcy, Kwota) values (468, 127, 39, 3, 148, 91, 312.99);
insert into Transakcje (Id_transakcji, Id_rachunku_nadawcy, Id_oddzialu, Id_rodzaju_operacji, Id_czasu, Id_rachunku_odbiorcy, Kwota) values (469, 389, 15, 3, 354, 188, 595.33);
insert into Transakcje (Id_transakcji, Id_rachunku_nadawcy, Id_oddzialu, Id_rodzaju_operacji, Id_czasu, Id_rachunku_odbiorcy, Kwota) values (470, 140, 32, 1, 103, 173, 912.43);
insert into Transakcje (Id_transakcji, Id_rachunku_nadawcy, Id_oddzialu, Id_rodzaju_operacji, Id_czasu, Id_rachunku_odbiorcy, Kwota) values (471, 228, 18, 2, 291, 349, 194.33);
insert into Transakcje (Id_transakcji, Id_rachunku_nadawcy, Id_oddzialu, Id_rodzaju_operacji, Id_czasu, Id_rachunku_odbiorcy, Kwota) values (472, 254, 1, 2, 148, 293, 945.28);
insert into Transakcje (Id_transakcji, Id_rachunku_nadawcy, Id_oddzialu, Id_rodzaju_operacji, Id_czasu, Id_rachunku_odbiorcy, Kwota) values (473, 225, 43, 2, 74, 245, 758.38);
insert into Transakcje (Id_transakcji, Id_rachunku_nadawcy, Id_oddzialu, Id_rodzaju_operacji, Id_czasu, Id_rachunku_odbiorcy, Kwota) values (474, 204, 13, 2, 178, 380, 849.92);
insert into Transakcje (Id_transakcji, Id_rachunku_nadawcy, Id_oddzialu, Id_rodzaju_operacji, Id_czasu, Id_rachunku_odbiorcy, Kwota) values (475, 138, 3, 2, 51, 34, 243.61);
insert into Transakcje (Id_transakcji, Id_rachunku_nadawcy, Id_oddzialu, Id_rodzaju_operacji, Id_czasu, Id_rachunku_odbiorcy, Kwota) values (476, 52, 8, 3, 15, 159, 129.51);
insert into Transakcje (Id_transakcji, Id_rachunku_nadawcy, Id_oddzialu, Id_rodzaju_operacji, Id_czasu, Id_rachunku_odbiorcy, Kwota) values (477, 352, 36, 3, 336, 389, 95.61);
insert into Transakcje (Id_transakcji, Id_rachunku_nadawcy, Id_oddzialu, Id_rodzaju_operacji, Id_czasu, Id_rachunku_odbiorcy, Kwota) values (478, 382, 38, 1, 153, 215, 568.11);
insert into Transakcje (Id_transakcji, Id_rachunku_nadawcy, Id_oddzialu, Id_rodzaju_operacji, Id_czasu, Id_rachunku_odbiorcy, Kwota) values (479, 28, 43, 2, 148, 345, 70.27);
insert into Transakcje (Id_transakcji, Id_rachunku_nadawcy, Id_oddzialu, Id_rodzaju_operacji, Id_czasu, Id_rachunku_odbiorcy, Kwota) values (480, 346, 15, 2, 98, 57, 624.4);
insert into Transakcje (Id_transakcji, Id_rachunku_nadawcy, Id_oddzialu, Id_rodzaju_operacji, Id_czasu, Id_rachunku_odbiorcy, Kwota) values (481, 173, 16, 1, 1, 210, 912.11);
insert into Transakcje (Id_transakcji, Id_rachunku_nadawcy, Id_oddzialu, Id_rodzaju_operacji, Id_czasu, Id_rachunku_odbiorcy, Kwota) values (482, 273, 36, 1, 339, 52, 60.39);
insert into Transakcje (Id_transakcji, Id_rachunku_nadawcy, Id_oddzialu, Id_rodzaju_operacji, Id_czasu, Id_rachunku_odbiorcy, Kwota) values (483, 31, 7, 3, 117, 150, 109.76);
insert into Transakcje (Id_transakcji, Id_rachunku_nadawcy, Id_oddzialu, Id_rodzaju_operacji, Id_czasu, Id_rachunku_odbiorcy, Kwota) values (484, 59, 20, 3, 221, 254, 11.3);
insert into Transakcje (Id_transakcji, Id_rachunku_nadawcy, Id_oddzialu, Id_rodzaju_operacji, Id_czasu, Id_rachunku_odbiorcy, Kwota) values (485, 247, 49, 1, 32, 105, 93.67);
insert into Transakcje (Id_transakcji, Id_rachunku_nadawcy, Id_oddzialu, Id_rodzaju_operacji, Id_czasu, Id_rachunku_odbiorcy, Kwota) values (486, 391, 1, 2, 136, 249, 441.76);
insert into Transakcje (Id_transakcji, Id_rachunku_nadawcy, Id_oddzialu, Id_rodzaju_operacji, Id_czasu, Id_rachunku_odbiorcy, Kwota) values (487, 39, 22, 3, 113, 115, 565.15);
insert into Transakcje (Id_transakcji, Id_rachunku_nadawcy, Id_oddzialu, Id_rodzaju_operacji, Id_czasu, Id_rachunku_odbiorcy, Kwota) values (488, 47, 40, 3, 295, 280, 790.15);
insert into Transakcje (Id_transakcji, Id_rachunku_nadawcy, Id_oddzialu, Id_rodzaju_operacji, Id_czasu, Id_rachunku_odbiorcy, Kwota) values (489, 294, 14, 3, 268, 297, 428.34);
insert into Transakcje (Id_transakcji, Id_rachunku_nadawcy, Id_oddzialu, Id_rodzaju_operacji, Id_czasu, Id_rachunku_odbiorcy, Kwota) values (490, 89, 30, 3, 72, 115, 480.0);
insert into Transakcje (Id_transakcji, Id_rachunku_nadawcy, Id_oddzialu, Id_rodzaju_operacji, Id_czasu, Id_rachunku_odbiorcy, Kwota) values (491, 43, 8, 1, 199, 90, 440.8);
insert into Transakcje (Id_transakcji, Id_rachunku_nadawcy, Id_oddzialu, Id_rodzaju_operacji, Id_czasu, Id_rachunku_odbiorcy, Kwota) values (492, 153, 8, 3, 350, 160, 611.42);
insert into Transakcje (Id_transakcji, Id_rachunku_nadawcy, Id_oddzialu, Id_rodzaju_operacji, Id_czasu, Id_rachunku_odbiorcy, Kwota) values (493, 248, 44, 3, 23, 230, 819.89);
insert into Transakcje (Id_transakcji, Id_rachunku_nadawcy, Id_oddzialu, Id_rodzaju_operacji, Id_czasu, Id_rachunku_odbiorcy, Kwota) values (494, 226, 40, 2, 146, 145, 970.4);
insert into Transakcje (Id_transakcji, Id_rachunku_nadawcy, Id_oddzialu, Id_rodzaju_operacji, Id_czasu, Id_rachunku_odbiorcy, Kwota) values (495, 265, 9, 3, 312, 206, 927.47);
insert into Transakcje (Id_transakcji, Id_rachunku_nadawcy, Id_oddzialu, Id_rodzaju_operacji, Id_czasu, Id_rachunku_odbiorcy, Kwota) values (496, 290, 1, 1, 258, 374, 258.94);
insert into Transakcje (Id_transakcji, Id_rachunku_nadawcy, Id_oddzialu, Id_rodzaju_operacji, Id_czasu, Id_rachunku_odbiorcy, Kwota) values (497, 372, 42, 1, 132, 231, 7.31);
insert into Transakcje (Id_transakcji, Id_rachunku_nadawcy, Id_oddzialu, Id_rodzaju_operacji, Id_czasu, Id_rachunku_odbiorcy, Kwota) values (498, 84, 12, 3, 242, 225, 366.42);
insert into Transakcje (Id_transakcji, Id_rachunku_nadawcy, Id_oddzialu, Id_rodzaju_operacji, Id_czasu, Id_rachunku_odbiorcy, Kwota) values (499, 25, 7, 3, 268, 114, 710.96);
insert into Transakcje (Id_transakcji, Id_rachunku_nadawcy, Id_oddzialu, Id_rodzaju_operacji, Id_czasu, Id_rachunku_odbiorcy, Kwota) values (500, 166, 45, 3, 369, 358, 303.56);
